#
# A fatal error has been detected by the Java Runtime Environment:
#
#  SIGSEGV (0xb) at pc=0x00000000065108f0, pid=1461453, tid=1461453
#
# JRE version: OpenJDK Runtime Environment JBR-21.0.6+9-895.97-nomod (21.0.6+9) (build 21.0.6+9-b895.97)
# Java VM: OpenJDK 64-Bit Server VM JBR-21.0.6+9-895.97-nomod (21.0.6+9-b895.97, mixed mode, sharing, tiered, compressed oops, compressed class ptrs, g1 gc, linux-amd64)
# Problematic frame:
# C  0x00000000065108f0
#
# Core dump will be written. Default location: Core dumps may be processed with "/usr/share/apport/apport -p%p -s%s -c%c -d%d -P%P -u%u -g%g -- %E" (or dumping to /network/scratch/l/le.zhang/DeepRerank/core.1461453)
#
# If you would like to submit a bug report, please visit:
#   https://youtrack.jetbrains.com/issues/JBR
# The crash happened outside the Java Virtual Machine in native code.
# See problematic frame for where to report the bug.
#

---------------  S U M M A R Y ------------

Command Line: --add-modules=jdk.incubator.vector 

Host: AMD EPYC 7543 32-Core Processor, 64 cores, 1002G, Ubuntu 22.04.3 LTS
Time: Fri Apr 25 22:12:04 2025 EDT elapsed time: 155.690320 seconds (0d 0h 2m 35s)

---------------  T H R E A D  ---------------

Current thread (0x00000000014685d0):  JavaThread "main"      [_thread_in_native, id=1461453, stack(0x00007ffc05bcb000,0x00007ffc05ccb000) (1024K)]

Stack: [0x00007ffc05bcb000,0x00007ffc05ccb000],  sp=0x00007ffc05cc0548,  free space=981k
Native frames: (J=compiled Java code, j=interpreted, Vv=VM code, C=native code)
C  0x00000000065108f0

siginfo: si_signo: 11 (SIGSEGV), si_code: 2 (SEGV_ACCERR), si_addr: 0x00000000065108f0

Registers:
RAX=0x000000000650fa40, RBX=0x0000000040cd3e40, RCX=0x00007f185ab7dbad, RDX=0x00007f18ab126060
RSP=0x00007ffc05cc0548, RBP=0x000000000f308f90, RSI=0x000000000f30c5b0, RDI=0x0000000006510900
R8 =0x00007f1944379220, R9 =0x0000000040cbe070, R10=0x0000000000002880, R11=0x0000000000000051
R12=0x0000000000000000, R13=0x00007ffc05cc0700, R14=0x0000000000000004, R15=0x0000000000000000
RIP=0x00000000065108f0, EFLAGS=0x0000000000010202, CSGSFS=0x002b000000000033, ERR=0x0000000000000015
  TRAPNO=0x000000000000000e

XMM[0]=0x0000000000000000 0x0000000000000000
XMM[1]=0x0000ff0000000000 0x000000ff00000000
XMM[2]=0x0000000000000000 0x00007f18ba295638
XMM[3]=0x7720656c69706d6f 0x430a313d474e494b
XMM[4]=0x62616e65206f7420 0x604153445f414455
XMM[5]=0x732d656369766564 0x20656c62616e6520
XMM[6]=0x5f4843524f546020 0x6874697720656c69
XMM[7]=0x48434e55414c5f41 0x44554320676e6973
XMM[8]=0x6767756265642072 0x6f460a2e74636572
XMM[9]=0x00007f04db1d3150 0x00007f04db1d3ce0
XMM[10]=0x0000000000000000 0x00007f04db1d3150
XMM[11]=0x0000000000000000 0x0000000000000000
XMM[12]=0x0000000000000000 0x0000000000000000
XMM[13]=0x0000000000000000 0x0000000000000000
XMM[14]=0x0000000000000000 0x0000000000000000
XMM[15]=0x0000000000000000 0x00007f171f7c8600
  MXCSR=0x00001fa2


Register to memory mapping:

RAX=0x000000000650fa40 points into unknown readable memory: 0x36c0e03fbbdd8161 | 61 81 dd bb 3f e0 c0 36
RBX=0x0000000040cd3e40 points into unknown readable memory: 0x000000000f308f90 | 90 8f 30 0f 00 00 00 00
RCX=0x00007f185ab7dbad: _ZN2at6native21nonzero_cuda_out_implIbEEvRKNS_6TensorERS2_+0x000000000000289d in /home/mila/l/le.zhang/.conda/envs/ir/lib/python3.10/site-packages/torch/lib/libtorch_cuda.so at 0x00007f185862b000
RDX=0x00007f18ab126060: <offset 0x0000000000048060> in /home/mila/l/le.zhang/.conda/envs/ir/lib/python3.10/site-packages/torch/lib/libc10.so at 0x00007f18ab0de000
RSP=0x00007ffc05cc0548 is pointing into the stack for thread: 0x00000000014685d0
RBP=0x000000000f308f90 points into unknown readable memory: 0x00007f18a3ba7e30 | 30 7e ba a3 18 7f 00 00
RSI=0x000000000f30c5b0 points into unknown readable memory: 0x0000000000000000 | 00 00 00 00 00 00 00 00
RDI=0x0000000006510900 points into unknown readable memory: 0x00000000031418f0 | f0 18 14 03 00 00 00 00
R8 =0x00007f1944379220: <offset 0x000000000001e220> in /home/mila/l/le.zhang/.conda/envs/ir/bin/../lib/libgcc_s.so.1 at 0x00007f194435b000
R9 =0x0000000040cbe070 points into unknown readable memory: 0x474e5543432b2b00 | 00 2b 2b 43 43 55 4e 47
R10=0x0000000000002880 is an unknown value
R11=0x0000000000000051 is an unknown value
R12=0x0 is null
R13=0x00007ffc05cc0700 is pointing into the stack for thread: 0x00000000014685d0
R14=0x0000000000000004 is an unknown value
R15=0x0 is null

Top of Stack: (sp=0x00007ffc05cc0548)
0x00007ffc05cc0548:   00007f18a2ed07b2 00007ffc05cc0830
0x00007ffc05cc0558:   000000008f010eb4 0000000000000002
0x00007ffc05cc0568:   0000000000008002 00007ffc05cc0700
0x00007ffc05cc0578:   000000000f308f90 00007f171f7c8600
0x00007ffc05cc0588:   00007f18ab14d30f 0000000040cd3e30
0x00007ffc05cc0598:   0000000040cd3e30 0000000040cd3e30
0x00007ffc05cc05a8:   0000000040cd3e30 00007f171f7c8600
0x00007ffc05cc05b8:   00007f18ab14633b 0000000000000003
0x00007ffc05cc05c8:   00007f189f900aef 0000000041333500
0x00007ffc05cc05d8:   0000000040cbe070 0000000040cd3e30
0x00007ffc05cc05e8:   00007f171f7c8600 00007ffc05cc0700
0x00007ffc05cc05f8:   0000000000000004 00007f18ab5d0080
0x00007ffc05cc0608:   00007f18ab1464e9 00007ffc05cc09c0
0x00007ffc05cc0618:   00007f185ab7d9ed 0000000100000100
0x00007ffc05cc0628:   000000000305c248 00007ffc05cc08a0
0x00007ffc05cc0638:   00007ffc05cc0760 00007ffc05cc077c
0x00007ffc05cc0648:   00007ffc05cc0bb0 00007ffc05cc077c
0x00007ffc05cc0658:   0000000000000001 00007ffc05cc0760
0x00007ffc05cc0668:   00007f17ec4cae4e 0000000006b5c7a8
0x00007ffc05cc0678:   00000000000003e7 0000000000000000
0x00007ffc05cc0688:   0000000000000000 0000000000068933
0x00007ffc05cc0698:   0000000000000004 0000000000000001
0x00007ffc05cc06a8:   00007ffc05cc06f0 00007ffc05cc0d68
0x00007ffc05cc06b8:   0000000000000004 0000000000000000
0x00007ffc05cc06c8:   00007ffc05cc0830 0000000000252000
0x00007ffc05cc06d8:   0000000000068933 00000011ef800000
0x00007ffc05cc06e8:   0000000100000000 0000000014bb46f0
0x00007ffc05cc06f8:   00000000000044ff 0000000040cd3e30
0x00007ffc05cc0708:   00007f18ab683179 000000000305c200
0x00007ffc05cc0718:   00007f18ab629a87 00007f171f7c8600
0x00007ffc05cc0728:   00007f18ab56b6a0 00007f171f7c8600
0x00007ffc05cc0738:   0000000003050001 00007ffc05cc077c 

Instructions: (pc=0x00000000065108f0)
0x00000000065107f0:   00 00 00 00 00 00 00 00 53 6f 75 72 63 65 43 6f
0x0000000006510800:   64 65 49 6e 66 6f 00 00 41 00 00 00 00 00 00 00
0x0000000006510810:   11 00 00 00 00 00 00 00 11 00 00 00 00 00 00 00
0x0000000006510820:   00 00 00 00 00 00 00 00 47 65 6e 65 72 61 74 65
0x0000000006510830:   64 43 6f 64 65 49 6e 66 6f 00 75 72 63 65 43 6f
0x0000000006510840:   64 65 49 6e 66 6f 00 00 41 00 00 00 00 00 00 00
0x0000000006510850:   01 00 00 00 00 00 00 00 10 03 51 06 00 00 00 00
0x0000000006510860:   f0 06 51 06 00 00 00 00 a0 07 51 06 00 00 00 00
0x0000000006510870:   02 00 00 00 62 75 66 2e f8 07 51 06 00 00 00 00
0x0000000006510880:   70 74 69 6f 6e 73 00 00 41 00 00 00 00 00 00 00
0x0000000006510890:   00 00 00 00 00 00 00 00 b0 04 51 06 00 00 00 00
0x00000000065108a0:   00 00 00 00 00 00 00 00 00 00 00 00 00 00 00 00
0x00000000065108b0:   02 00 00 00 62 75 66 2e 28 08 51 06 00 00 00 00
0x00000000065108c0:   70 74 69 6f 6e 73 00 00 31 00 00 00 00 00 00 00
0x00000000065108d0:   09 00 00 00 00 00 00 00 09 00 00 00 00 00 00 00
0x00000000065108e0:   02 00 00 00 44 41 48 6f 43 55 44 41 48 6f 6f 6b
0x00000000065108f0:   73 00 ad a1 18 7f 00 00 d1 01 00 00 00 00 00 00
0x0000000006510900:   f0 18 14 03 00 00 00 00 00 39 a8 07 00 00 00 00
0x0000000006510910:   00 00 00 00 00 00 00 00 00 00 00 00 00 00 00 00
0x0000000006510920:   00 00 00 00 00 00 00 00 00 00 00 00 00 00 00 00
0x0000000006510930:   00 00 00 00 00 00 00 00 00 00 00 00 00 00 00 00
0x0000000006510940:   00 00 00 00 00 00 00 00 00 00 00 00 00 00 00 00
0x0000000006510950:   00 00 00 00 00 00 00 00 00 00 00 00 00 00 00 00
0x0000000006510960:   00 00 00 00 00 00 00 00 20 35 cd 40 00 00 00 00
0x0000000006510970:   3f 00 00 00 00 00 00 00 3a 06 00 00 00 00 00 3f
0x0000000006510980:   00 00 00 00 00 00 00 00 f0 5c cd 40 00 00 00 00
0x0000000006510990:   3f 00 00 00 00 00 00 00 3a 06 00 00 00 00 00 3f
0x00000000065109a0:   00 00 00 00 00 00 00 00 00 00 00 00 00 00 00 00
0x00000000065109b0:   00 00 00 00 00 00 00 00 00 00 00 00 00 00 00 00
0x00000000065109c0:   40 48 51 06 00 00 00 00 40 68 51 06 00 00 00 00
0x00000000065109d0:   40 68 51 06 00 00 00 00 00 00 00 00 00 00 00 00
0x00000000065109e0:   00 00 00 00 00 00 00 00 00 00 00 00 00 00 00 00 


Stack slot to memory mapping:

stack at sp + 0 slots: 0x00007f18a2ed07b2: <offset 0x00000000006417b2> in /home/mila/l/le.zhang/.conda/envs/ir/lib/python3.10/site-packages/torch/lib/libtorch_python.so at 0x00007f18a288f000
stack at sp + 1 slots: 0x00007ffc05cc0830 is pointing into the stack for thread: 0x00000000014685d0
stack at sp + 2 slots: 0x000000008f010eb4 is an unknown value
stack at sp + 3 slots: 0x0000000000000002 is an unknown value
stack at sp + 4 slots: 0x0000000000008002 is an unknown value
stack at sp + 5 slots: 0x00007ffc05cc0700 is pointing into the stack for thread: 0x00000000014685d0
stack at sp + 6 slots: 0x000000000f308f90 points into unknown readable memory: 0x00007f18a3ba7e30 | 30 7e ba a3 18 7f 00 00
stack at sp + 7 slots: 0x00007f171f7c8600 is an unknown value


---------------  P R O C E S S  ---------------

Threads class SMR info:
_java_thread_list=0x00007f18b41c57d0, length=10, elements={
0x00000000014685d0, 0x0000000002109330, 0x000000000210a890, 0x000000000210d650,
0x000000000210ebe0, 0x0000000002110710, 0x0000000002111dc0, 0x000000000215ab20,
0x00000000021962e0, 0x00007f18d8009480
}

Java Threads: ( => current thread )
=>0x00000000014685d0 JavaThread "main"                       [_thread_in_native, id=1461453, stack(0x00007ffc05bcb000,0x00007ffc05ccb000) (1024K)]
  0x0000000002109330 JavaThread "Reference Handler"          [_thread_blocked, id=1461467, stack(0x00007f1944e8c000,0x00007f1944f8c000) (1024K)]
  0x000000000210a890 JavaThread "Finalizer"                  [_thread_blocked, id=1461468, stack(0x00007f1944d8c000,0x00007f1944e8c000) (1024K)]
  0x000000000210d650 JavaThread "Service Thread"             [_thread_blocked, id=1461470, stack(0x00007f1944b8c000,0x00007f1944c8c000) (1024K)]
  0x000000000210ebe0 JavaThread "Monitor Deflation Thread"   [_thread_blocked, id=1461471, stack(0x00007f1944a8c000,0x00007f1944b8c000) (1024K)]
  0x0000000002110710 JavaThread "C2 CompilerThread0"         [_thread_blocked, id=1461472, stack(0x00007f194498c000,0x00007f1944a8c000) (1024K)]
  0x0000000002111dc0 JavaThread "C1 CompilerThread0"         [_thread_blocked, id=1461473, stack(0x00007f194488c000,0x00007f194498c000) (1024K)]
  0x000000000215ab20 JavaThread "Common-Cleaner"             [_thread_blocked, id=1461474, stack(0x00007f19446b8000,0x00007f19447b8000) (1024K)]
  0x00000000021962e0 JavaThread "Notification Thread"        [_thread_blocked, id=1461475, stack(0x00007f19445b8000,0x00007f19446b8000) (1024K)]
  0x00007f18d8009480 JavaThread "SIGHUP handler"             [_thread_blocked, id=1462684, stack(0x00007f194448c000,0x00007f194458c000) (1024K)]
Total: 10

Other Threads:
  0x0000000002100c30 VMThread "VM Thread"                           [id=1461466, stack(0x00007f1944f98000,0x00007f1945098000) (1024K)]
  0x0000000001a13880 WorkerThread "GC Thread#0"                     [id=1461460, stack(0x00007f194759e000,0x00007f194769e000) (1024K)]
  0x0000000001a238c0 ConcurrentGCThread "G1 Main Marker"            terminated
  0x0000000001a24770 WorkerThread "G1 Conc#0"                       [id=1461462, stack(0x00007f194739c000,0x00007f194749c000) (1024K)]
  0x0000000001eaa120 ConcurrentGCThread "G1 Refine#0"               terminated
  0x0000000001eaafe0 ConcurrentGCThread "G1 Service"                terminated
Total: 6

Threads with active compile tasks:
Total: 0

VM state: at safepoint (shutting down)

VM Mutex/Monitor currently owned by a thread:  ([mutex/lock_event])
[0x00007f1981212ff8] Threads_lock - owner thread: 0x0000000002100c30
[0x00007f1981212ef8] Heap_lock - owner thread: 0x00007f18d8009480

Heap address: 0x00000000a0000000, size: 30208 MB, Compressed Oops mode: Zero based, Oop shift amount: 3

CDS archive(s) mapped at: [0x00007f18ef000000-0x00007f18efd2b000-0x00007f18efd2b000), size 13807616, SharedBaseAddress: 0x00007f18ef000000, ArchiveRelocationMode: 1.
Compressed class space mapped at: 0x00007f18f0000000-0x00007f1930000000, reserved size: 1073741824
Narrow klass base: 0x00007f18ef000000, Narrow klass shift: 0, Narrow klass range: 0x100000000

GC Precious Log:
 CardTable entry size: 512
 Card Set container configuration: InlinePtr #cards 3 size 8 Array Of Cards #cards 128 size 272 Howl #buckets 8 coarsen threshold 29491 Howl Bitmap #cards 4096 size 528 coarsen threshold 3686 Card regions per heap region 1 cards per card region 32768
 CPUs: 64 total, 4 available
 Memory: 1002G
 Large Page Support: Disabled
 NUMA Support: Disabled
 Compressed Oops: Enabled (Zero based)
 Heap Region Size: 16M
 Heap Min Capacity: 16M
 Heap Initial Capacity: 2G
 Heap Max Capacity: 30208M
 Pre-touch: Disabled
 Parallel Workers: 4
 Concurrent Workers: 1
 Concurrent Refinement Workers: 4
 Periodic GC: Disabled

Heap:
 garbage-first heap   total 2113536K, used 50227K [0x00000000a0000000, 0x0000000800000000)
  region size 16384K, 4 young (65536K), 0 survivors (0K)
 Metaspace       used 15886K, committed 16128K, reserved 1114112K
  class space    used 1738K, committed 1856K, reserved 1048576K

Heap Regions: E=young(eden), S=young(survivor), O=old, HS=humongous(starts), HC=humongous(continues), CS=collection set, F=free, TAMS=top-at-mark-start, PB=parsable bottom
|   0|0x00000000a0000000, 0x00000000a0000000, 0x00000000a1000000|  0%| F|  |TAMS 0x00000000a0000000| PB 0x00000000a0000000| Untracked 
|   1|0x00000000a1000000, 0x00000000a1000000, 0x00000000a2000000|  0%| F|  |TAMS 0x00000000a1000000| PB 0x00000000a1000000| Untracked 
|   2|0x00000000a2000000, 0x00000000a2000000, 0x00000000a3000000|  0%| F|  |TAMS 0x00000000a2000000| PB 0x00000000a2000000| Untracked 
|   3|0x00000000a3000000, 0x00000000a3000000, 0x00000000a4000000|  0%| F|  |TAMS 0x00000000a3000000| PB 0x00000000a3000000| Untracked 
|   4|0x00000000a4000000, 0x00000000a4000000, 0x00000000a5000000|  0%| F|  |TAMS 0x00000000a4000000| PB 0x00000000a4000000| Untracked 
|   5|0x00000000a5000000, 0x00000000a5000000, 0x00000000a6000000|  0%| F|  |TAMS 0x00000000a5000000| PB 0x00000000a5000000| Untracked 
|   6|0x00000000a6000000, 0x00000000a6000000, 0x00000000a7000000|  0%| F|  |TAMS 0x00000000a6000000| PB 0x00000000a6000000| Untracked 
|   7|0x00000000a7000000, 0x00000000a7000000, 0x00000000a8000000|  0%| F|  |TAMS 0x00000000a7000000| PB 0x00000000a7000000| Untracked 
|   8|0x00000000a8000000, 0x00000000a8000000, 0x00000000a9000000|  0%| F|  |TAMS 0x00000000a8000000| PB 0x00000000a8000000| Untracked 
|   9|0x00000000a9000000, 0x00000000a9000000, 0x00000000aa000000|  0%| F|  |TAMS 0x00000000a9000000| PB 0x00000000a9000000| Untracked 
|  10|0x00000000aa000000, 0x00000000aa000000, 0x00000000ab000000|  0%| F|  |TAMS 0x00000000aa000000| PB 0x00000000aa000000| Untracked 
|  11|0x00000000ab000000, 0x00000000ab000000, 0x00000000ac000000|  0%| F|  |TAMS 0x00000000ab000000| PB 0x00000000ab000000| Untracked 
|  12|0x00000000ac000000, 0x00000000ac000000, 0x00000000ad000000|  0%| F|  |TAMS 0x00000000ac000000| PB 0x00000000ac000000| Untracked 
|  13|0x00000000ad000000, 0x00000000ad000000, 0x00000000ae000000|  0%| F|  |TAMS 0x00000000ad000000| PB 0x00000000ad000000| Untracked 
|  14|0x00000000ae000000, 0x00000000ae000000, 0x00000000af000000|  0%| F|  |TAMS 0x00000000ae000000| PB 0x00000000ae000000| Untracked 
|  15|0x00000000af000000, 0x00000000af000000, 0x00000000b0000000|  0%| F|  |TAMS 0x00000000af000000| PB 0x00000000af000000| Untracked 
|  16|0x00000000b0000000, 0x00000000b0000000, 0x00000000b1000000|  0%| F|  |TAMS 0x00000000b0000000| PB 0x00000000b0000000| Untracked 
|  17|0x00000000b1000000, 0x00000000b1000000, 0x00000000b2000000|  0%| F|  |TAMS 0x00000000b1000000| PB 0x00000000b1000000| Untracked 
|  18|0x00000000b2000000, 0x00000000b2000000, 0x00000000b3000000|  0%| F|  |TAMS 0x00000000b2000000| PB 0x00000000b2000000| Untracked 
|  19|0x00000000b3000000, 0x00000000b3000000, 0x00000000b4000000|  0%| F|  |TAMS 0x00000000b3000000| PB 0x00000000b3000000| Untracked 
|  20|0x00000000b4000000, 0x00000000b4000000, 0x00000000b5000000|  0%| F|  |TAMS 0x00000000b4000000| PB 0x00000000b4000000| Untracked 
|  21|0x00000000b5000000, 0x00000000b5000000, 0x00000000b6000000|  0%| F|  |TAMS 0x00000000b5000000| PB 0x00000000b5000000| Untracked 
|  22|0x00000000b6000000, 0x00000000b6000000, 0x00000000b7000000|  0%| F|  |TAMS 0x00000000b6000000| PB 0x00000000b6000000| Untracked 
|  23|0x00000000b7000000, 0x00000000b7000000, 0x00000000b8000000|  0%| F|  |TAMS 0x00000000b7000000| PB 0x00000000b7000000| Untracked 
|  24|0x00000000b8000000, 0x00000000b8000000, 0x00000000b9000000|  0%| F|  |TAMS 0x00000000b8000000| PB 0x00000000b8000000| Untracked 
|  25|0x00000000b9000000, 0x00000000b9000000, 0x00000000ba000000|  0%| F|  |TAMS 0x00000000b9000000| PB 0x00000000b9000000| Untracked 
|  26|0x00000000ba000000, 0x00000000ba000000, 0x00000000bb000000|  0%| F|  |TAMS 0x00000000ba000000| PB 0x00000000ba000000| Untracked 
|  27|0x00000000bb000000, 0x00000000bb000000, 0x00000000bc000000|  0%| F|  |TAMS 0x00000000bb000000| PB 0x00000000bb000000| Untracked 
|  28|0x00000000bc000000, 0x00000000bc000000, 0x00000000bd000000|  0%| F|  |TAMS 0x00000000bc000000| PB 0x00000000bc000000| Untracked 
|  29|0x00000000bd000000, 0x00000000bd000000, 0x00000000be000000|  0%| F|  |TAMS 0x00000000bd000000| PB 0x00000000bd000000| Untracked 
|  30|0x00000000be000000, 0x00000000be000000, 0x00000000bf000000|  0%| F|  |TAMS 0x00000000be000000| PB 0x00000000be000000| Untracked 
|  31|0x00000000bf000000, 0x00000000bf000000, 0x00000000c0000000|  0%| F|  |TAMS 0x00000000bf000000| PB 0x00000000bf000000| Untracked 
|  32|0x00000000c0000000, 0x00000000c0000000, 0x00000000c1000000|  0%| F|  |TAMS 0x00000000c0000000| PB 0x00000000c0000000| Untracked 
|  33|0x00000000c1000000, 0x00000000c1000000, 0x00000000c2000000|  0%| F|  |TAMS 0x00000000c1000000| PB 0x00000000c1000000| Untracked 
|  34|0x00000000c2000000, 0x00000000c2000000, 0x00000000c3000000|  0%| F|  |TAMS 0x00000000c2000000| PB 0x00000000c2000000| Untracked 
|  35|0x00000000c3000000, 0x00000000c3000000, 0x00000000c4000000|  0%| F|  |TAMS 0x00000000c3000000| PB 0x00000000c3000000| Untracked 
|  36|0x00000000c4000000, 0x00000000c4000000, 0x00000000c5000000|  0%| F|  |TAMS 0x00000000c4000000| PB 0x00000000c4000000| Untracked 
|  37|0x00000000c5000000, 0x00000000c5000000, 0x00000000c6000000|  0%| F|  |TAMS 0x00000000c5000000| PB 0x00000000c5000000| Untracked 
|  38|0x00000000c6000000, 0x00000000c6000000, 0x00000000c7000000|  0%| F|  |TAMS 0x00000000c6000000| PB 0x00000000c6000000| Untracked 
|  39|0x00000000c7000000, 0x00000000c7000000, 0x00000000c8000000|  0%| F|  |TAMS 0x00000000c7000000| PB 0x00000000c7000000| Untracked 
|  40|0x00000000c8000000, 0x00000000c8000000, 0x00000000c9000000|  0%| F|  |TAMS 0x00000000c8000000| PB 0x00000000c8000000| Untracked 
|  41|0x00000000c9000000, 0x00000000c9000000, 0x00000000ca000000|  0%| F|  |TAMS 0x00000000c9000000| PB 0x00000000c9000000| Untracked 
|  42|0x00000000ca000000, 0x00000000ca000000, 0x00000000cb000000|  0%| F|  |TAMS 0x00000000ca000000| PB 0x00000000ca000000| Untracked 
|  43|0x00000000cb000000, 0x00000000cb000000, 0x00000000cc000000|  0%| F|  |TAMS 0x00000000cb000000| PB 0x00000000cb000000| Untracked 
|  44|0x00000000cc000000, 0x00000000cc000000, 0x00000000cd000000|  0%| F|  |TAMS 0x00000000cc000000| PB 0x00000000cc000000| Untracked 
|  45|0x00000000cd000000, 0x00000000cd000000, 0x00000000ce000000|  0%| F|  |TAMS 0x00000000cd000000| PB 0x00000000cd000000| Untracked 
|  46|0x00000000ce000000, 0x00000000ce000000, 0x00000000cf000000|  0%| F|  |TAMS 0x00000000ce000000| PB 0x00000000ce000000| Untracked 
|  47|0x00000000cf000000, 0x00000000cf000000, 0x00000000d0000000|  0%| F|  |TAMS 0x00000000cf000000| PB 0x00000000cf000000| Untracked 
|  48|0x00000000d0000000, 0x00000000d0000000, 0x00000000d1000000|  0%| F|  |TAMS 0x00000000d0000000| PB 0x00000000d0000000| Untracked 
|  49|0x00000000d1000000, 0x00000000d1000000, 0x00000000d2000000|  0%| F|  |TAMS 0x00000000d1000000| PB 0x00000000d1000000| Untracked 
|  50|0x00000000d2000000, 0x00000000d2000000, 0x00000000d3000000|  0%| F|  |TAMS 0x00000000d2000000| PB 0x00000000d2000000| Untracked 
|  51|0x00000000d3000000, 0x00000000d3000000, 0x00000000d4000000|  0%| F|  |TAMS 0x00000000d3000000| PB 0x00000000d3000000| Untracked 
|  52|0x00000000d4000000, 0x00000000d4000000, 0x00000000d5000000|  0%| F|  |TAMS 0x00000000d4000000| PB 0x00000000d4000000| Untracked 
|  53|0x00000000d5000000, 0x00000000d5000000, 0x00000000d6000000|  0%| F|  |TAMS 0x00000000d5000000| PB 0x00000000d5000000| Untracked 
|  54|0x00000000d6000000, 0x00000000d6000000, 0x00000000d7000000|  0%| F|  |TAMS 0x00000000d6000000| PB 0x00000000d6000000| Untracked 
|  55|0x00000000d7000000, 0x00000000d7000000, 0x00000000d8000000|  0%| F|  |TAMS 0x00000000d7000000| PB 0x00000000d7000000| Untracked 
|  56|0x00000000d8000000, 0x00000000d8000000, 0x00000000d9000000|  0%| F|  |TAMS 0x00000000d8000000| PB 0x00000000d8000000| Untracked 
|  57|0x00000000d9000000, 0x00000000d9000000, 0x00000000da000000|  0%| F|  |TAMS 0x00000000d9000000| PB 0x00000000d9000000| Untracked 
|  58|0x00000000da000000, 0x00000000da000000, 0x00000000db000000|  0%| F|  |TAMS 0x00000000da000000| PB 0x00000000da000000| Untracked 
|  59|0x00000000db000000, 0x00000000db000000, 0x00000000dc000000|  0%| F|  |TAMS 0x00000000db000000| PB 0x00000000db000000| Untracked 
|  60|0x00000000dc000000, 0x00000000dc000000, 0x00000000dd000000|  0%| F|  |TAMS 0x00000000dc000000| PB 0x00000000dc000000| Untracked 
|  61|0x00000000dd000000, 0x00000000dd000000, 0x00000000de000000|  0%| F|  |TAMS 0x00000000dd000000| PB 0x00000000dd000000| Untracked 
|  62|0x00000000de000000, 0x00000000de000000, 0x00000000df000000|  0%| F|  |TAMS 0x00000000de000000| PB 0x00000000de000000| Untracked 
|  63|0x00000000df000000, 0x00000000df000000, 0x00000000e0000000|  0%| F|  |TAMS 0x00000000df000000| PB 0x00000000df000000| Untracked 
|  64|0x00000000e0000000, 0x00000000e0000000, 0x00000000e1000000|  0%| F|  |TAMS 0x00000000e0000000| PB 0x00000000e0000000| Untracked 
|  65|0x00000000e1000000, 0x00000000e1000000, 0x00000000e2000000|  0%| F|  |TAMS 0x00000000e1000000| PB 0x00000000e1000000| Untracked 
|  66|0x00000000e2000000, 0x00000000e2000000, 0x00000000e3000000|  0%| F|  |TAMS 0x00000000e2000000| PB 0x00000000e2000000| Untracked 
|  67|0x00000000e3000000, 0x00000000e3000000, 0x00000000e4000000|  0%| F|  |TAMS 0x00000000e3000000| PB 0x00000000e3000000| Untracked 
|  68|0x00000000e4000000, 0x00000000e4000000, 0x00000000e5000000|  0%| F|  |TAMS 0x00000000e4000000| PB 0x00000000e4000000| Untracked 
|  69|0x00000000e5000000, 0x00000000e5000000, 0x00000000e6000000|  0%| F|  |TAMS 0x00000000e5000000| PB 0x00000000e5000000| Untracked 
|  70|0x00000000e6000000, 0x00000000e6000000, 0x00000000e7000000|  0%| F|  |TAMS 0x00000000e6000000| PB 0x00000000e6000000| Untracked 
|  71|0x00000000e7000000, 0x00000000e7000000, 0x00000000e8000000|  0%| F|  |TAMS 0x00000000e7000000| PB 0x00000000e7000000| Untracked 
|  72|0x00000000e8000000, 0x00000000e8000000, 0x00000000e9000000|  0%| F|  |TAMS 0x00000000e8000000| PB 0x00000000e8000000| Untracked 
|  73|0x00000000e9000000, 0x00000000e9000000, 0x00000000ea000000|  0%| F|  |TAMS 0x00000000e9000000| PB 0x00000000e9000000| Untracked 
|  74|0x00000000ea000000, 0x00000000ea000000, 0x00000000eb000000|  0%| F|  |TAMS 0x00000000ea000000| PB 0x00000000ea000000| Untracked 
|  75|0x00000000eb000000, 0x00000000eb000000, 0x00000000ec000000|  0%| F|  |TAMS 0x00000000eb000000| PB 0x00000000eb000000| Untracked 
|  76|0x00000000ec000000, 0x00000000ec000000, 0x00000000ed000000|  0%| F|  |TAMS 0x00000000ec000000| PB 0x00000000ec000000| Untracked 
|  77|0x00000000ed000000, 0x00000000ed000000, 0x00000000ee000000|  0%| F|  |TAMS 0x00000000ed000000| PB 0x00000000ed000000| Untracked 
|  78|0x00000000ee000000, 0x00000000ee000000, 0x00000000ef000000|  0%| F|  |TAMS 0x00000000ee000000| PB 0x00000000ee000000| Untracked 
|  79|0x00000000ef000000, 0x00000000ef000000, 0x00000000f0000000|  0%| F|  |TAMS 0x00000000ef000000| PB 0x00000000ef000000| Untracked 
|  80|0x00000000f0000000, 0x00000000f0000000, 0x00000000f1000000|  0%| F|  |TAMS 0x00000000f0000000| PB 0x00000000f0000000| Untracked 
|  81|0x00000000f1000000, 0x00000000f1000000, 0x00000000f2000000|  0%| F|  |TAMS 0x00000000f1000000| PB 0x00000000f1000000| Untracked 
|  82|0x00000000f2000000, 0x00000000f2000000, 0x00000000f3000000|  0%| F|  |TAMS 0x00000000f2000000| PB 0x00000000f2000000| Untracked 
|  83|0x00000000f3000000, 0x00000000f3000000, 0x00000000f4000000|  0%| F|  |TAMS 0x00000000f3000000| PB 0x00000000f3000000| Untracked 
|  84|0x00000000f4000000, 0x00000000f4000000, 0x00000000f5000000|  0%| F|  |TAMS 0x00000000f4000000| PB 0x00000000f4000000| Untracked 
|  85|0x00000000f5000000, 0x00000000f5000000, 0x00000000f6000000|  0%| F|  |TAMS 0x00000000f5000000| PB 0x00000000f5000000| Untracked 
|  86|0x00000000f6000000, 0x00000000f6000000, 0x00000000f7000000|  0%| F|  |TAMS 0x00000000f6000000| PB 0x00000000f6000000| Untracked 
|  87|0x00000000f7000000, 0x00000000f7000000, 0x00000000f8000000|  0%| F|  |TAMS 0x00000000f7000000| PB 0x00000000f7000000| Untracked 
|  88|0x00000000f8000000, 0x00000000f8000000, 0x00000000f9000000|  0%| F|  |TAMS 0x00000000f8000000| PB 0x00000000f8000000| Untracked 
|  89|0x00000000f9000000, 0x00000000f9000000, 0x00000000fa000000|  0%| F|  |TAMS 0x00000000f9000000| PB 0x00000000f9000000| Untracked 
|  90|0x00000000fa000000, 0x00000000fa000000, 0x00000000fb000000|  0%| F|  |TAMS 0x00000000fa000000| PB 0x00000000fa000000| Untracked 
|  91|0x00000000fb000000, 0x00000000fb000000, 0x00000000fc000000|  0%| F|  |TAMS 0x00000000fb000000| PB 0x00000000fb000000| Untracked 
|  92|0x00000000fc000000, 0x00000000fc000000, 0x00000000fd000000|  0%| F|  |TAMS 0x00000000fc000000| PB 0x00000000fc000000| Untracked 
|  93|0x00000000fd000000, 0x00000000fd000000, 0x00000000fe000000|  0%| F|  |TAMS 0x00000000fd000000| PB 0x00000000fd000000| Untracked 
|  94|0x00000000fe000000, 0x00000000fe000000, 0x00000000ff000000|  0%| F|  |TAMS 0x00000000fe000000| PB 0x00000000fe000000| Untracked 
|  95|0x00000000ff000000, 0x00000000ff000000, 0x0000000100000000|  0%| F|  |TAMS 0x00000000ff000000| PB 0x00000000ff000000| Untracked 
|  96|0x0000000100000000, 0x0000000100000000, 0x0000000101000000|  0%| F|  |TAMS 0x0000000100000000| PB 0x0000000100000000| Untracked 
|  97|0x0000000101000000, 0x0000000101000000, 0x0000000102000000|  0%| F|  |TAMS 0x0000000101000000| PB 0x0000000101000000| Untracked 
|  98|0x0000000102000000, 0x0000000102000000, 0x0000000103000000|  0%| F|  |TAMS 0x0000000102000000| PB 0x0000000102000000| Untracked 
|  99|0x0000000103000000, 0x0000000103000000, 0x0000000104000000|  0%| F|  |TAMS 0x0000000103000000| PB 0x0000000103000000| Untracked 
| 100|0x0000000104000000, 0x0000000104000000, 0x0000000105000000|  0%| F|  |TAMS 0x0000000104000000| PB 0x0000000104000000| Untracked 
| 101|0x0000000105000000, 0x0000000105000000, 0x0000000106000000|  0%| F|  |TAMS 0x0000000105000000| PB 0x0000000105000000| Untracked 
| 102|0x0000000106000000, 0x0000000106000000, 0x0000000107000000|  0%| F|  |TAMS 0x0000000106000000| PB 0x0000000106000000| Untracked 
| 103|0x0000000107000000, 0x0000000107000000, 0x0000000108000000|  0%| F|  |TAMS 0x0000000107000000| PB 0x0000000107000000| Untracked 
| 104|0x0000000108000000, 0x0000000108000000, 0x0000000109000000|  0%| F|  |TAMS 0x0000000108000000| PB 0x0000000108000000| Untracked 
| 105|0x0000000109000000, 0x0000000109000000, 0x000000010a000000|  0%| F|  |TAMS 0x0000000109000000| PB 0x0000000109000000| Untracked 
| 106|0x000000010a000000, 0x000000010a000000, 0x000000010b000000|  0%| F|  |TAMS 0x000000010a000000| PB 0x000000010a000000| Untracked 
| 107|0x000000010b000000, 0x000000010b000000, 0x000000010c000000|  0%| F|  |TAMS 0x000000010b000000| PB 0x000000010b000000| Untracked 
| 108|0x000000010c000000, 0x000000010c000000, 0x000000010d000000|  0%| F|  |TAMS 0x000000010c000000| PB 0x000000010c000000| Untracked 
| 109|0x000000010d000000, 0x000000010d000000, 0x000000010e000000|  0%| F|  |TAMS 0x000000010d000000| PB 0x000000010d000000| Untracked 
| 110|0x000000010e000000, 0x000000010e000000, 0x000000010f000000|  0%| F|  |TAMS 0x000000010e000000| PB 0x000000010e000000| Untracked 
| 111|0x000000010f000000, 0x000000010f000000, 0x0000000110000000|  0%| F|  |TAMS 0x000000010f000000| PB 0x000000010f000000| Untracked 
| 112|0x0000000110000000, 0x0000000110000000, 0x0000000111000000|  0%| F|  |TAMS 0x0000000110000000| PB 0x0000000110000000| Untracked 
| 113|0x0000000111000000, 0x0000000111000000, 0x0000000112000000|  0%| F|  |TAMS 0x0000000111000000| PB 0x0000000111000000| Untracked 
| 114|0x0000000112000000, 0x0000000112000000, 0x0000000113000000|  0%| F|  |TAMS 0x0000000112000000| PB 0x0000000112000000| Untracked 
| 115|0x0000000113000000, 0x0000000113000000, 0x0000000114000000|  0%| F|  |TAMS 0x0000000113000000| PB 0x0000000113000000| Untracked 
| 116|0x0000000114000000, 0x0000000114000000, 0x0000000115000000|  0%| F|  |TAMS 0x0000000114000000| PB 0x0000000114000000| Untracked 
| 117|0x0000000115000000, 0x0000000115000000, 0x0000000116000000|  0%| F|  |TAMS 0x0000000115000000| PB 0x0000000115000000| Untracked 
| 118|0x0000000116000000, 0x0000000116000000, 0x0000000117000000|  0%| F|  |TAMS 0x0000000116000000| PB 0x0000000116000000| Untracked 
| 119|0x0000000117000000, 0x0000000117000000, 0x0000000118000000|  0%| F|  |TAMS 0x0000000117000000| PB 0x0000000117000000| Untracked 
| 120|0x0000000118000000, 0x0000000118000000, 0x0000000119000000|  0%| F|  |TAMS 0x0000000118000000| PB 0x0000000118000000| Untracked 
| 121|0x0000000119000000, 0x0000000119000000, 0x000000011a000000|  0%| F|  |TAMS 0x0000000119000000| PB 0x0000000119000000| Untracked 
| 122|0x000000011a000000, 0x000000011a000000, 0x000000011b000000|  0%| F|  |TAMS 0x000000011a000000| PB 0x000000011a000000| Untracked 
| 123|0x000000011b000000, 0x000000011b000000, 0x000000011c000000|  0%| F|  |TAMS 0x000000011b000000| PB 0x000000011b000000| Untracked 
| 124|0x000000011c000000, 0x000000011cd983a0, 0x000000011d000000| 84%| E|  |TAMS 0x000000011c000000| PB 0x000000011c000000| Complete 
| 125|0x000000011d000000, 0x000000011e000000, 0x000000011e000000|100%| E|CS|TAMS 0x000000011d000000| PB 0x000000011d000000| Complete 
| 126|0x000000011e000000, 0x000000011f000000, 0x000000011f000000|100%| E|CS|TAMS 0x000000011e000000| PB 0x000000011e000000| Complete 
| 127|0x000000011f000000, 0x0000000120000000, 0x0000000120000000|100%| E|CS|TAMS 0x000000011f000000| PB 0x000000011f000000| Complete 
|1887|0x00000007ff000000, 0x00000007ff10cf58, 0x0000000800000000|  6%| O|  |TAMS 0x00000007ff000000| PB 0x00000007ff000000| Untracked 

Card table byte_map: [0x00007f1964edd000,0x00007f19689dd000] _byte_map_base: 0x00007f19649dd000

Marking Bits: (CMBitMap*) 0x0000000001a141f0
 Bits: [0x00007f19476dd000, 0x00007f1964edd000)

Polling page: 0x00007f19816bf000

Metaspace:

Usage:
  Non-class:     13.82 MB used.
      Class:      1.70 MB used.
       Both:     15.51 MB used.

Virtual space:
  Non-class space:       64.00 MB reserved,      13.94 MB ( 22%) committed,  1 nodes.
      Class space:        1.00 GB reserved,       1.81 MB ( <1%) committed,  1 nodes.
             Both:        1.06 GB reserved,      15.75 MB (  1%) committed. 

Chunk freelists:
   Non-Class:  2.00 MB
       Class:  14.14 MB
        Both:  16.14 MB

MaxMetaspaceSize: unlimited
CompressedClassSpaceSize: 1.00 GB
Initial GC threshold: 21.00 MB
Current GC threshold: 21.00 MB
CDS: on
 - commit_granule_bytes: 65536.
 - commit_granule_words: 8192.
 - virtual_space_node_default_size: 8388608.
 - enlarge_chunks_in_place: 1.
 - use_allocation_guard: 0.


Internal statistics:

num_allocs_failed_limit: 0.
num_arena_births: 204.
num_arena_deaths: 0.
num_vsnodes_births: 2.
num_vsnodes_deaths: 0.
num_space_committed: 252.
num_space_uncommitted: 0.
num_chunks_returned_to_freelist: 0.
num_chunks_taken_from_freelist: 558.
num_chunk_merges: 0.
num_chunk_splits: 422.
num_chunks_enlarged: 334.
num_inconsistent_stats: 0.

CodeHeap 'non-profiled nmethods': size=120032Kb used=602Kb max_used=602Kb free=119429Kb
 bounds [0x00007f1974187000, 0x00007f19743f7000, 0x00007f197b6bf000]
CodeHeap 'profiled nmethods': size=120028Kb used=2937Kb max_used=2937Kb free=117090Kb
 bounds [0x00007f196c6bf000, 0x00007f196c99f000, 0x00007f1973bf6000]
CodeHeap 'non-nmethods': size=5700Kb used=1407Kb max_used=1420Kb free=4292Kb
 bounds [0x00007f1973bf6000, 0x00007f1973e66000, 0x00007f1974187000]
 total_blobs=2232 nmethods=1717 adapters=421
 compilation: enabled
              stopped_count=0, restarted_count=0
 full_count=0

Compilation events (20 events):
Event: 8.121 Thread 0x0000000002110710 1708   !   4       jdk.internal.misc.Blocker::begin (97 bytes)
Event: 8.122 Thread 0x0000000002110710 nmethod 1708 0x00007f197421b190 code [0x00007f197421b320, 0x00007f197421b3e8]
Event: 8.122 Thread 0x0000000002110710 1709   !   4       java.lang.ref.ReferenceQueue::poll (40 bytes)
Event: 8.122 Thread 0x0000000002110710 nmethod 1709 0x00007f197421b510 code [0x00007f197421b680, 0x00007f197421b730]
Event: 8.124 Thread 0x0000000002110710 1710       4       jdk.internal.util.ArraysSupport::mismatch (103 bytes)
Event: 8.126 Thread 0x0000000002110710 nmethod 1710 0x00007f197421b810 code [0x00007f197421b9a0, 0x00007f197421bbf8]
Event: 8.126 Thread 0x0000000002110710 1711       4       jdk.internal.misc.Blocker::end (71 bytes)
Event: 8.126 Thread 0x0000000002110710 nmethod 1711 0x00007f197421bd90 code [0x00007f197421bf00, 0x00007f197421bf98]
Event: 8.133 Thread 0x0000000002111dc0 1712       3       java.lang.Class::newReflectionData (66 bytes)
Event: 8.133 Thread 0x0000000002111dc0 nmethod 1712 0x00007f196c99c990 code [0x00007f196c99cbc0, 0x00007f196c99d498]
Event: 8.135 Thread 0x0000000002110710 1713       4       java.lang.String::regionMatches (150 bytes)
Event: 8.138 Thread 0x0000000002110710 nmethod 1713 0x00007f197421c090 code [0x00007f197421c240, 0x00007f197421c6e8]
Event: 8.138 Thread 0x0000000002110710 1714       4       java.lang.ClassLoader::checkName (37 bytes)
Event: 8.140 Thread 0x0000000002110710 nmethod 1714 0x00007f197421c990 code [0x00007f197421cb20, 0x00007f197421cd90]
Event: 8.149 Thread 0x0000000002110710 1715       4       java.lang.reflect.Modifier::isStatic (13 bytes)
Event: 8.149 Thread 0x0000000002110710 nmethod 1715 0x00007f197421d010 code [0x00007f197421d180, 0x00007f197421d1f0]
Event: 8.156 Thread 0x0000000002110710 1716       4       java.lang.reflect.Method::getParameterTypes (11 bytes)
Event: 8.156 Thread 0x0000000002110710 nmethod 1716 0x00007f197421d310 code [0x00007f197421d4a0, 0x00007f197421d620]
Event: 155.313 Thread 0x0000000002111dc0 1717       1       java.util.concurrent.CopyOnWriteArrayList::getArray (5 bytes)
Event: 155.313 Thread 0x0000000002111dc0 nmethod 1717 0x00007f197421d710 code [0x00007f197421d8a0, 0x00007f197421d968]

GC Heap History (0 events):
No events

Dll operation events (9 events):
Event: 0.002 Loaded shared library /home/mila/l/le.zhang/.conda/envs/ir/lib/libjava.so
Event: 0.016 Loaded shared library /home/mila/l/le.zhang/.conda/envs/ir/lib/libzip.so
Event: 0.020 Loaded shared library /home/mila/l/le.zhang/.conda/envs/ir/lib/libjsvml.so
Event: 0.095 Loaded shared library /home/mila/l/le.zhang/.conda/envs/ir/lib/libnio.so
Event: 0.112 Loaded shared library /home/mila/l/le.zhang/.conda/envs/ir/lib/libzip.so
Event: 0.137 Loaded shared library /home/mila/l/le.zhang/.conda/envs/ir/lib/libjimage.so
Event: 0.258 Loaded shared library /home/mila/l/le.zhang/.conda/envs/ir/lib/libmanagement.so
Event: 0.261 Loaded shared library /home/mila/l/le.zhang/.conda/envs/ir/lib/libmanagement_ext.so
Event: 0.404 Loaded shared library /home/mila/l/le.zhang/.conda/envs/ir/lib/libnet.so

Deoptimization events (20 events):
Event: 0.561 Thread 0x00000000014685d0 DEOPT PACKING pc=0x00007f197420aea0 sp=0x00007ffc05cc02f0
Event: 0.561 Thread 0x00000000014685d0 DEOPT UNPACKING pc=0x00007f1973c49f99 sp=0x00007ffc05cc0220 mode 2
Event: 0.561 Thread 0x00000000014685d0 Uncommon trap: trap_request=0xffffffde fr.pc=0x00007f197420aea0 relative=0x0000000000000440
Event: 0.561 Thread 0x00000000014685d0 Uncommon trap: reason=class_check action=maybe_recompile pc=0x00007f197420aea0 method=java.util.regex.Pattern$Begin.match(Ljava/util/regex/Matcher;ILjava/lang/CharSequence;)Z @ 30 c2
Event: 0.561 Thread 0x00000000014685d0 DEOPT PACKING pc=0x00007f197420aea0 sp=0x00007ffc05cc02f0
Event: 0.561 Thread 0x00000000014685d0 DEOPT UNPACKING pc=0x00007f1973c49f99 sp=0x00007ffc05cc0220 mode 2
Event: 0.561 Thread 0x00000000014685d0 Uncommon trap: trap_request=0xffffffde fr.pc=0x00007f197420aea0 relative=0x0000000000000440
Event: 0.561 Thread 0x00000000014685d0 Uncommon trap: reason=class_check action=maybe_recompile pc=0x00007f197420aea0 method=java.util.regex.Pattern$Begin.match(Ljava/util/regex/Matcher;ILjava/lang/CharSequence;)Z @ 30 c2
Event: 0.561 Thread 0x00000000014685d0 DEOPT PACKING pc=0x00007f197420aea0 sp=0x00007ffc05cc02f0
Event: 0.561 Thread 0x00000000014685d0 DEOPT UNPACKING pc=0x00007f1973c49f99 sp=0x00007ffc05cc0220 mode 2
Event: 0.561 Thread 0x00000000014685d0 Uncommon trap: trap_request=0xffffffde fr.pc=0x00007f197420aea0 relative=0x0000000000000440
Event: 0.561 Thread 0x00000000014685d0 Uncommon trap: reason=class_check action=maybe_recompile pc=0x00007f197420aea0 method=java.util.regex.Pattern$Begin.match(Ljava/util/regex/Matcher;ILjava/lang/CharSequence;)Z @ 30 c2
Event: 0.561 Thread 0x00000000014685d0 DEOPT PACKING pc=0x00007f197420aea0 sp=0x00007ffc05cc02f0
Event: 0.561 Thread 0x00000000014685d0 DEOPT UNPACKING pc=0x00007f1973c49f99 sp=0x00007ffc05cc0220 mode 2
Event: 0.592 Thread 0x00000000014685d0 Uncommon trap: trap_request=0xffffffde fr.pc=0x00007f19741e48fc relative=0x0000000000000c7c
Event: 0.593 Thread 0x00000000014685d0 Uncommon trap: reason=class_check action=maybe_recompile pc=0x00007f19741e48fc method=java.util.HashMap.putVal(ILjava/lang/Object;Ljava/lang/Object;ZZ)Ljava/lang/Object; @ 91 c2
Event: 0.593 Thread 0x00000000014685d0 DEOPT PACKING pc=0x00007f19741e48fc sp=0x00007ffc05cc2150
Event: 0.593 Thread 0x00000000014685d0 DEOPT UNPACKING pc=0x00007f1973c49f99 sp=0x00007ffc05cc2090 mode 2
Event: 8.026 Thread 0x00000000014685d0 DEOPT PACKING pc=0x00007f196c7626fc sp=0x00007ffc05cb66e0
Event: 8.026 Thread 0x00000000014685d0 DEOPT UNPACKING pc=0x00007f1973c4a72f sp=0x00007ffc05cb5c08 mode 0

Classes loaded (20 events):
Event: 0.535 Loading class jdk/jfr/FlightRecorderListener done
Event: 0.535 Loading class jdk/management/jfr/FlightRecorderMXBeanImpl$MXBeanListener done
Event: 0.536 Loading class javax/management/ObjectName$PatternProperty
Event: 0.536 Loading class javax/management/ObjectName$PatternProperty done
Event: 0.537 Loading class java/beans/PropertyChangeListener
Event: 0.537 Loading class java/beans/PropertyChangeListener done
Event: 0.537 Loading class com/sun/jmx/mbeanserver/StandardMBeanSupport
Event: 0.537 Loading class com/sun/jmx/mbeanserver/StandardMBeanSupport done
Event: 0.537 Loading class com/sun/jmx/mbeanserver/StandardMBeanIntrospector
Event: 0.537 Loading class com/sun/jmx/mbeanserver/StandardMBeanIntrospector done
Event: 8.029 Loading class java/lang/AssertionError
Event: 8.029 Loading class java/lang/AssertionError done
Event: 8.095 Loading class java/util/concurrent/CompletionException
Event: 8.095 Loading class java/util/concurrent/CompletionException done
Event: 8.132 Loading class java/util/Currency
Event: 8.132 Loading class java/util/Currency done
Event: 8.160 Loading class java/util/Comparators$NaturalOrderComparator
Event: 8.160 Loading class java/util/Comparators$NaturalOrderComparator done
Event: 155.311 Loading class jdk/internal/misc/Signal$1
Event: 155.311 Loading class jdk/internal/misc/Signal$1 done

Classes unloaded (0 events):
No events

Classes redefined (0 events):
No events

Internal exceptions (20 events):
Event: 0.158 Thread 0x00000000014685d0 Exception <a 'java/lang/NoSuchMethodError'{0x000000011e01dc78}: 'java.lang.Object java.lang.invoke.DirectMethodHandle$Holder.invokeStaticInit(java.lang.Object, java.lang.Object, java.lang.Object)'> (0x000000011e01dc78) 
thrown [src/hotspot/share/interpreter/linkResolver.cpp, line 783]
Event: 0.160 Thread 0x00000000014685d0 Exception <a 'java/lang/NoSuchMethodError'{0x000000011e032d38}: 'java.lang.Object java.lang.invoke.DirectMethodHandle$Holder.invokeStatic(java.lang.Object, java.lang.Object, int)'> (0x000000011e032d38) 
thrown [src/hotspot/share/interpreter/linkResolver.cpp, line 783]
Event: 0.161 Thread 0x00000000014685d0 Exception <a 'java/lang/NoSuchMethodError'{0x000000011e03e6a8}: 'void java.lang.invoke.DelegatingMethodHandle$Holder.delegate(java.lang.Object, java.lang.Object, int, java.lang.Object)'> (0x000000011e03e6a8) 
thrown [src/hotspot/share/interpreter/linkResolver.cpp, line 783]
Event: 0.161 Thread 0x00000000014685d0 Exception <a 'java/lang/NoSuchMethodError'{0x000000011e042418}: 'int java.lang.invoke.DirectMethodHandle$Holder.invokeSpecial(java.lang.Object, java.lang.Object, java.lang.Object)'> (0x000000011e042418) 
thrown [src/hotspot/share/interpreter/linkResolver.cpp, line 783]
Event: 0.169 Thread 0x00000000014685d0 Exception <a 'java/lang/NoSuchMethodError'{0x000000011e085388}: 'java.lang.Object java.lang.invoke.DirectMethodHandle$Holder.invokeInterface(java.lang.Object, java.lang.Object)'> (0x000000011e085388) 
thrown [src/hotspot/share/interpreter/linkResolver.cpp, line 783]
Event: 0.169 Thread 0x00000000014685d0 Exception <a 'java/lang/IncompatibleClassChangeError'{0x000000011e088610}: Found class java.lang.Object, but interface was expected> (0x000000011e088610) 
thrown [src/hotspot/share/interpreter/linkResolver.cpp, line 851]
Event: 0.170 Thread 0x00000000014685d0 Exception <a 'java/lang/NoSuchMethodError'{0x000000011e0929c8}: 'void java.lang.invoke.DirectMethodHandle$Holder.invokeSpecial(java.lang.Object, java.lang.Object, java.lang.Object)'> (0x000000011e0929c8) 
thrown [src/hotspot/share/interpreter/linkResolver.cpp, line 783]
Event: 0.172 Thread 0x00000000014685d0 Exception <a 'java/lang/NoSuchMethodError'{0x000000011e0acf80}: 'java.lang.Object java.lang.invoke.DirectMethodHandle$Holder.newInvokeSpecial(java.lang.Object, java.lang.Object, java.lang.Object, int, java.lang.Object)'> (0x000000011e0acf80) 
thrown [src/hotspot/share/interpreter/linkResolver.cpp, line 783]
Event: 0.173 Thread 0x00000000014685d0 Exception <a 'java/lang/NoSuchMethodError'{0x000000011e0b4738}: 'java.lang.Object java.lang.invoke.Invokers$Holder.linkToTargetMethod(java.lang.Object, java.lang.Object, int, java.lang.Object, java.lang.Object)'> (0x000000011e0b4738) 
thrown [src/hotspot/share/interpreter/linkResolver.cpp, line 783]
Event: 0.246 Thread 0x00000000014685d0 Exception <a 'java/lang/NoSuchMethodError'{0x000000011e6d5320}: 'java.lang.Object java.lang.invoke.DirectMethodHandle$Holder.newInvokeSpecial(java.lang.Object, long, int, java.lang.Object)'> (0x000000011e6d5320) 
thrown [src/hotspot/share/interpreter/linkResolver.cpp, line 783]
Event: 0.251 Thread 0x00000000014685d0 Exception <a 'java/lang/NoSuchMethodError'{0x000000011e729a08}: 'void java.lang.invoke.DirectMethodHandle$Holder.invokeStaticInit(java.lang.Object, java.lang.Object, java.lang.Object, java.lang.Object)'> (0x000000011e729a08) 
thrown [src/hotspot/share/interpreter/linkResolver.cpp, line 783]
Event: 0.318 Thread 0x00000000014685d0 Exception <a 'java/lang/NoSuchMethodError'{0x000000011ea491d8}: 'java.lang.Object java.lang.invoke.Invokers$Holder.invokeExact_MT(java.lang.Object, java.lang.Object, java.lang.Object, java.lang.Object, java.lang.Object)'> (0x000000011ea491d8) 
thrown [src/hotspot/share/interpreter/linkResolver.cpp, line 783]
Event: 0.414 Thread 0x00000000014685d0 Exception <a 'java/lang/NoSuchMethodError'{0x000000011d264448}: 'java.lang.Object java.lang.invoke.DirectMethodHandle$Holder.newInvokeSpecial(java.lang.Object, java.lang.Object, java.lang.Object, java.lang.Object, java.lang.Object)'> (0x000000011d264448) 
thrown [src/hotspot/share/interpreter/linkResolver.cpp, line 783]
Event: 0.424 Thread 0x00000000014685d0 Exception <a 'java/lang/NoSuchMethodError'{0x000000011d2e83b0}: 'void java.lang.invoke.Invokers$Holder.invokeExact_MT(java.lang.Object, java.lang.Object, java.lang.Object, java.lang.Object)'> (0x000000011d2e83b0) 
thrown [src/hotspot/share/interpreter/linkResolver.cpp, line 783]
Event: 0.428 Thread 0x00000000014685d0 Exception <a 'java/lang/NoSuchMethodError'{0x000000011d32b260}: 'void java.lang.invoke.DelegatingMethodHandle$Holder.reinvoke_L(java.lang.Object, java.lang.Object, int)'> (0x000000011d32b260) 
thrown [src/hotspot/share/interpreter/linkResolver.cpp, line 783]
Event: 0.429 Thread 0x00000000014685d0 Exception <a 'java/lang/NoSuchMethodError'{0x000000011d331b00}: 'int java.lang.invoke.Invokers$Holder.invokeExact_MT(java.lang.Object, java.lang.Object, java.lang.Object)'> (0x000000011d331b00) 
thrown [src/hotspot/share/interpreter/linkResolver.cpp, line 783]
Event: 0.445 Thread 0x00000000014685d0 Exception <a 'java/lang/NoSuchMethodError'{0x000000011d4495c8}: 'java.lang.Object java.lang.invoke.Invokers$Holder.invokeExact_MT(java.lang.Object, java.lang.Object, java.lang.Object, java.lang.Object, java.lang.Object, java.lang.Object)'> (0x000000011d4495c8) 
thrown [src/hotspot/share/interpreter/linkResolver.cpp, line 783]
Event: 0.454 Thread 0x00000000014685d0 Exception <a 'java/lang/NoSuchMethodError'{0x000000011d478b18}: 'int java.lang.invoke.DirectMethodHandle$Holder.invokeInterface(java.lang.Object, java.lang.Object)'> (0x000000011d478b18) 
thrown [src/hotspot/share/interpreter/linkResolver.cpp, line 783]
Event: 0.454 Thread 0x00000000014685d0 Exception <a 'java/lang/IncompatibleClassChangeError'{0x000000011d47bd38}: Found class java.lang.Object, but interface was expected> (0x000000011d47bd38) 
thrown [src/hotspot/share/interpreter/linkResolver.cpp, line 851]
Event: 0.454 Thread 0x00000000014685d0 Exception <a 'java/lang/NoSuchMethodError'{0x000000011d480ed8}: 'void java.lang.invoke.DirectMethodHandle$Holder.invokeStatic(java.lang.Object, java.lang.Object)'> (0x000000011d480ed8) 
thrown [src/hotspot/share/interpreter/linkResolver.cpp, line 783]

ZGC Phase Switch (0 events):
No events

VM Operations (20 events):
Event: 0.035 Executing VM operation: HandshakeAllThreads (Deoptimize) done
Event: 0.167 Executing VM operation: HandshakeAllThreads (Deoptimize)
Event: 0.167 Executing VM operation: HandshakeAllThreads (Deoptimize) done
Event: 0.367 Executing VM operation: ICBufferFull
Event: 0.367 Executing VM operation: ICBufferFull done
Event: 0.421 Executing VM operation: HandshakeAllThreads (Deoptimize)
Event: 0.421 Executing VM operation: HandshakeAllThreads (Deoptimize) done
Event: 1.421 Executing VM operation: Cleanup
Event: 1.422 Executing VM operation: Cleanup done
Event: 8.079 Executing VM operation: HandshakeAllThreads (Deoptimize)
Event: 8.079 Executing VM operation: HandshakeAllThreads (Deoptimize) done
Event: 9.079 Executing VM operation: Cleanup
Event: 9.079 Executing VM operation: Cleanup done
Event: 60.033 Executing VM operation: HandshakeAllThreads (HandshakeForDeflation)
Event: 60.033 Executing VM operation: HandshakeAllThreads (HandshakeForDeflation) done
Event: 60.033 Executing VM operation: Cleanup
Event: 60.033 Executing VM operation: Cleanup done
Event: 60.033 Executing VM operation: RendezvousGCThreads
Event: 60.033 Executing VM operation: RendezvousGCThreads done
Event: 155.314 Executing VM operation: Exit

Memory protections (13 events):
Event: 0.002 Protecting memory [0x00007ffc05bcb000,0x00007ffc05bcf000] with protection modes 0
Event: 0.017 Protecting memory [0x00007f1944e8c000,0x00007f1944e90000] with protection modes 0
Event: 0.017 Protecting memory [0x00007f1944d8c000,0x00007f1944d90000] with protection modes 0
Event: 0.018 Protecting memory [0x00007f1944c8c000,0x00007f1944c90000] with protection modes 0
Event: 0.018 Protecting memory [0x00007f1944b8c000,0x00007f1944b90000] with protection modes 0
Event: 0.018 Protecting memory [0x00007f1944a8c000,0x00007f1944a90000] with protection modes 0
Event: 0.018 Protecting memory [0x00007f194498c000,0x00007f1944990000] with protection modes 0
Event: 0.018 Protecting memory [0x00007f194488c000,0x00007f1944890000] with protection modes 0
Event: 0.030 Protecting memory [0x00007f19446b8000,0x00007f19446bc000] with protection modes 0
Event: 0.042 Protecting memory [0x00007f19445b8000,0x00007f19445bc000] with protection modes 0
Event: 0.105 Protecting memory [0x00007f194448c000,0x00007f1944490000] with protection modes 0
Event: 155.312 Protecting memory [0x00007f194448c000,0x00007f1944490000] with protection modes 0
Event: 155.313 Protecting memory [0x00007f04dafff000,0x00007f04db003000] with protection modes 0

Nmethod flushes (0 events):
No events

Events (17 events):
Event: 0.012 Thread 0x00000000014685d0 Thread added: 0x00000000014685d0
Event: 0.017 Thread 0x00000000014685d0 Thread added: 0x0000000002109330
Event: 0.017 Thread 0x00000000014685d0 Thread added: 0x000000000210a890
Event: 0.018 Thread 0x00000000014685d0 Thread added: 0x000000000210c020
Event: 0.018 Thread 0x00000000014685d0 Thread added: 0x000000000210d650
Event: 0.018 Thread 0x00000000014685d0 Thread added: 0x000000000210ebe0
Event: 0.018 Thread 0x00000000014685d0 Thread added: 0x0000000002110710
Event: 0.018 Thread 0x00000000014685d0 Thread added: 0x0000000002111dc0
Event: 0.030 Thread 0x00000000014685d0 Thread added: 0x000000000215ab20
Event: 0.042 Thread 0x00000000014685d0 Thread added: 0x00000000021962e0
Event: 0.105 Thread 0x0000000002110710 Thread added: 0x00007f18c4136e50
Event: 5.599 Thread 0x00007f18c4136e50 Thread exited: 0x00007f18c4136e50
Event: 155.312 Thread 0x000000000210c020 Thread added: 0x00007f18d8009480
Event: 155.313 Thread 0x00007f18d8009480 Thread added: 0x00007f177c001580
Event: 155.313 Thread 0x00007f18d8009480 Before exit entered
Event: 155.313 Thread 0x00007f177c001580 Thread exited: 0x00007f177c001580
Event: 155.314 Thread 0x000000000210c020 Thread exited: 0x000000000210c020


Dynamic libraries:
00400000-0041f000 r--p 00000000 b5:84fa2 180144849708771944              /home/mila/l/le.zhang/.conda/envs/ir/bin/python3.10
0041f000-0061e000 r-xp 0001f000 b5:84fa2 180144849708771944              /home/mila/l/le.zhang/.conda/envs/ir/bin/python3.10
0061e000-00720000 r--p 0021e000 b5:84fa2 180144849708771944              /home/mila/l/le.zhang/.conda/envs/ir/bin/python3.10
00720000-00721000 r--p 00320000 b5:84fa2 180144849708771944              /home/mila/l/le.zhang/.conda/envs/ir/bin/python3.10
00721000-00753000 rw-p 00321000 b5:84fa2 180144849708771944              /home/mila/l/le.zhang/.conda/envs/ir/bin/python3.10
00753000-00759000 rw-p 00000000 00:00 0 
011ef000-414ae000 rw-p 00000000 00:00 0                                  [heap]
a0000000-120000000 rw-p 00000000 00:00 0 
120000000-7ff000000 ---p 00000000 00:00 0 
7ff000000-7ff10d000 rw-p 00d6d000 b5:84fa2 162130525153158590            /home/mila/l/le.zhang/.conda/envs/ir/lib/server/classes.jsa
7ff10d000-800000000 rw-p 00000000 00:00 0 
800000000-800400000 ---p 00000000 00:00 0 
800400000-800600000 rw-s 00000000 00:05 1119                             /dev/nvidia2
800600000-804e00000 rw-s 00000000 00:05 1113                             /dev/nvidiactl
804e00000-806c00000 ---p 00000000 00:00 0 
806c00000-806e00000 rw-s 00000000 00:05 1113                             /dev/nvidiactl
806e00000-807000000 rw-s 00000000 00:05 1113                             /dev/nvidiactl
807000000-807200000 rw-s 807000000 00:05 1136                            /dev/nvidia-uvm
807200000-80de00000 ---p 00000000 00:00 0 
80de00000-80e000000 rw-s 80de00000 00:05 1136                            /dev/nvidia-uvm
80e000000-900200000 ---p 00000000 00:00 0 
10000000000-10004000000 ---p 00000000 00:00 0 
7f04b4000000-7f04da000000 ---p 00000000 00:00 0 
7f04dafff000-7f04db003000 ---p 00000000 00:00 0 
7f04db003000-7f04db7ff000 rw-p 00000000 00:00 0 
7f04db7ff000-7f04db800000 ---p 00000000 00:00 0 
7f04db800000-7f04dc000000 rw-p 00000000 00:00 0 
7f04dc000000-7f133a000000 ---p 00000000 00:00 0 
7f133a0fd000-7f133a7fd000 rw-p 00000000 00:00 0 
7f133a7fd000-7f133a7fe000 ---p 00000000 00:00 0 
7f133a7fe000-7f133affe000 rw-p 00000000 00:00 0 
7f133affe000-7f133afff000 ---p 00000000 00:00 0 
7f133afff000-7f133b7ff000 rw-p 00000000 00:00 0 
7f133b7ff000-7f133b800000 ---p 00000000 00:00 0 
7f133b800000-7f133c000000 rw-p 00000000 00:00 0 
7f133c000000-7f1342000000 ---p 00000000 00:00 0 
7f13420fe000-7f1342ffe000 rw-p 00000000 00:00 0 
7f1342ffe000-7f1342fff000 ---p 00000000 00:00 0 
7f1342fff000-7f13437ff000 rw-p 00000000 00:00 0 
7f13437ff000-7f1343800000 ---p 00000000 00:00 0 
7f1343800000-7f1344000000 rw-p 00000000 00:00 0 
7f1344000000-7f16c0000000 ---p 00000000 00:00 0 
7f16c00c5000-7f16c03c5000 rw-p 00000000 00:00 0 
7f16c03c5000-7f16c03c6000 ---p 00000000 00:00 0 
7f16c03c6000-7f16c0bc6000 rw-p 00000000 00:00 0 
7f16c0bc6000-7f16c0bc7000 ---p 00000000 00:00 0 
7f16c0bc7000-7f16c2000000 rw-p 00000000 00:00 0 
7f16c2000000-7f1703000000 ---p 00000000 00:00 0 
7f1703000000-7f17036c1000 rw-s 00000000 00:01 15740132                   /dev/zero (deleted)
7f17036c1000-7f171dc00000 ---p 00000000 00:00 0 
7f171dc00000-7f171de00000 rw-s 00000000 00:01 15740130                   /dev/zero (deleted)
7f171de00000-7f171e000000 rw-s 00000000 00:01 15740131                   /dev/zero (deleted)
7f171e000000-7f1720000000 ---p 00000000 00:00 0 
7f1720000000-7f1720021000 rw-p 00000000 00:00 0 
7f1720021000-7f1724000000 ---p 00000000 00:00 0 
7f1724000000-7f1724087000 rw-p 00000000 00:00 0 
7f1724087000-7f1728000000 ---p 00000000 00:00 0 
7f17280c4000-7f17283c4000 rw-p 00000000 00:00 0 
7f17283c4000-7f17283c5000 ---p 00000000 00:00 0 
7f17283c5000-7f17297fe000 rw-p 00000000 00:00 0 
7f17297fe000-7f17297ff000 ---p 00000000 00:00 0 
7f17297ff000-7f172c000000 rw-p 00000000 00:00 0 
7f172c000000-7f172c083000 rw-p 00000000 00:00 0 
7f172c083000-7f1730000000 ---p 00000000 00:00 0 
7f1730000000-7f1730082000 rw-p 00000000 00:00 0 
7f1730082000-7f1734000000 ---p 00000000 00:00 0 
7f17340f9000-7f17347f9000 rw-p 00000000 00:00 0 
7f17347f9000-7f17347fa000 ---p 00000000 00:00 0 
7f17347fa000-7f1734ffa000 rw-p 00000000 00:00 0 
7f1734ffa000-7f1734ffb000 ---p 00000000 00:00 0 
7f1734ffb000-7f17357fb000 rw-p 00000000 00:00 0 
7f17357fb000-7f17357fc000 ---p 00000000 00:00 0 
7f17357fc000-7f1735ffc000 rw-p 00000000 00:00 0 
7f1735ffc000-7f1735ffd000 ---p 00000000 00:00 0 
7f1735ffd000-7f17367fd000 rw-p 00000000 00:00 0 
7f17367fd000-7f17367fe000 ---p 00000000 00:00 0 
7f17367fe000-7f1736ffe000 rw-p 00000000 00:00 0 
7f1736ffe000-7f1736fff000 ---p 00000000 00:00 0 
7f1736fff000-7f17377ff000 rw-p 00000000 00:00 0 
7f17377ff000-7f1737800000 ---p 00000000 00:00 0 
7f1737800000-7f1738000000 rw-p 00000000 00:00 0 
7f1738000000-7f1738083000 rw-p 00000000 00:00 0 
7f1738083000-7f173c000000 ---p 00000000 00:00 0 
7f173c0f9000-7f173c7f9000 rw-p 00000000 00:00 0 
7f173c7f9000-7f173c7fa000 ---p 00000000 00:00 0 
7f173c7fa000-7f173cffa000 rw-p 00000000 00:00 0 
7f173cffa000-7f173cffb000 ---p 00000000 00:00 0 
7f173cffb000-7f173d7fb000 rw-p 00000000 00:00 0 
7f173d7fb000-7f173d7fc000 ---p 00000000 00:00 0 
7f173d7fc000-7f173dffc000 rw-p 00000000 00:00 0 
7f173dffc000-7f173dffd000 ---p 00000000 00:00 0 
7f173dffd000-7f173e7fd000 rw-p 00000000 00:00 0 
7f173e7fd000-7f173e7fe000 ---p 00000000 00:00 0 
7f173e7fe000-7f173effe000 rw-p 00000000 00:00 0 
7f173effe000-7f173efff000 ---p 00000000 00:00 0 
7f173efff000-7f173f7ff000 rw-p 00000000 00:00 0 
7f173f7ff000-7f173f800000 ---p 00000000 00:00 0 
7f173f800000-7f1740000000 rw-p 00000000 00:00 0 
7f1740000000-7f1740021000 rw-p 00000000 00:00 0 
7f1740021000-7f1744000000 ---p 00000000 00:00 0 
7f1744000000-7f1744021000 rw-p 00000000 00:00 0 
7f1744021000-7f1748000000 ---p 00000000 00:00 0 
7f1748000000-7f1748021000 rw-p 00000000 00:00 0 
7f1748021000-7f174c000000 ---p 00000000 00:00 0 
7f174c0f9000-7f174c7f9000 rw-p 00000000 00:00 0 
7f174c7f9000-7f174c7fa000 ---p 00000000 00:00 0 
7f174c7fa000-7f174cffa000 rw-p 00000000 00:00 0 
7f174cffa000-7f174cffb000 ---p 00000000 00:00 0 
7f174cffb000-7f174d7fb000 rw-p 00000000 00:00 0 
7f174d7fb000-7f174d7fc000 ---p 00000000 00:00 0 
7f174d7fc000-7f174dffc000 rw-p 00000000 00:00 0 
7f174dffc000-7f174dffd000 ---p 00000000 00:00 0 
7f174dffd000-7f174e7fd000 rw-p 00000000 00:00 0 
7f174e7fd000-7f174e7fe000 ---p 00000000 00:00 0 
7f174e7fe000-7f174effe000 rw-p 00000000 00:00 0 
7f174effe000-7f174efff000 ---p 00000000 00:00 0 
7f174efff000-7f174f7ff000 rw-p 00000000 00:00 0 
7f174f7ff000-7f174f800000 ---p 00000000 00:00 0 
7f174f800000-7f1750000000 rw-p 00000000 00:00 0 
7f1750000000-7f1750021000 rw-p 00000000 00:00 0 
7f1750021000-7f1754000000 ---p 00000000 00:00 0 
7f1754000000-7f175406a000 rw-p 00000000 00:00 0 
7f175406a000-7f1758000000 ---p 00000000 00:00 0 
7f1758000000-7f1758021000 rw-p 00000000 00:00 0 
7f1758021000-7f175c000000 ---p 00000000 00:00 0 
7f175c000000-7f175c021000 rw-p 00000000 00:00 0 
7f175c021000-7f1760000000 ---p 00000000 00:00 0 
7f1760000000-7f1775200000 ---p 00000000 00:00 0 
7f1775200000-7f1775400000 rw-s 00000000 00:01 15740129                   /dev/zero (deleted)
7f1775400000-7f177a400000 ---p 00000000 00:00 0 
7f177a400000-7f177a600000 rw-s 00000000 00:05 1113                       /dev/nvidiactl
7f177a600000-7f177a800000 rw-s 00000000 00:01 15740125                   /dev/zero (deleted)
7f177a800000-7f177aa00000 rw-s 00000000 00:01 15740126                   /dev/zero (deleted)
7f177aa00000-7f177b000000 ---p 00000000 00:00 0 
7f177b000000-7f177b200000 rw-s 00000000 00:05 1113                       /dev/nvidiactl
7f177b200000-7f177b400000 ---p 00000000 00:00 0 
7f177b400000-7f177b600000 rw-s 00000000 00:01 15740128                   /dev/zero (deleted)
7f177b600000-7f177bb33000 rw-s 00000000 00:05 1113                       /dev/nvidiactl
7f177bb33000-7f177c000000 ---p 00000000 00:00 0 
7f177c000000-7f177c021000 rw-p 00000000 00:00 0 
7f177c021000-7f1780000000 ---p 00000000 00:00 0 
7f178005a000-7f178005b000 r--p 00000000 b5:84fa2 144116244084289577      /home/mila/l/le.zhang/.cache/vllm/torch_compile_cache/3888366138/rank_0_0/triton_cache/Ee07hc-19uwefArpjccdXf3h4Acu_1mBlu3slqRSEJ4/__triton_launcher.so
7f178005b000-7f178005d000 r-xp 00001000 b5:84fa2 144116244084289577      /home/mila/l/le.zhang/.cache/vllm/torch_compile_cache/3888366138/rank_0_0/triton_cache/Ee07hc-19uwefArpjccdXf3h4Acu_1mBlu3slqRSEJ4/__triton_launcher.so
7f178005d000-7f178005e000 r--p 00003000 b5:84fa2 144116244084289577      /home/mila/l/le.zhang/.cache/vllm/torch_compile_cache/3888366138/rank_0_0/triton_cache/Ee07hc-19uwefArpjccdXf3h4Acu_1mBlu3slqRSEJ4/__triton_launcher.so
7f178005e000-7f178005f000 r--p 00003000 b5:84fa2 144116244084289577      /home/mila/l/le.zhang/.cache/vllm/torch_compile_cache/3888366138/rank_0_0/triton_cache/Ee07hc-19uwefArpjccdXf3h4Acu_1mBlu3slqRSEJ4/__triton_launcher.so
7f178005f000-7f1780060000 rw-p 00004000 b5:84fa2 144116244084289577      /home/mila/l/le.zhang/.cache/vllm/torch_compile_cache/3888366138/rank_0_0/triton_cache/Ee07hc-19uwefArpjccdXf3h4Acu_1mBlu3slqRSEJ4/__triton_launcher.so
7f1780060000-7f1780061000 r--p 00000000 b5:84fa2 144116244084289542      /home/mila/l/le.zhang/.cache/vllm/torch_compile_cache/3888366138/rank_0_0/triton_cache/229d4YYAkdh66Kgyl7jG-8awB8K1oU306NkqKGcFacU/__triton_launcher.so
7f1780061000-7f1780063000 r-xp 00001000 b5:84fa2 144116244084289542      /home/mila/l/le.zhang/.cache/vllm/torch_compile_cache/3888366138/rank_0_0/triton_cache/229d4YYAkdh66Kgyl7jG-8awB8K1oU306NkqKGcFacU/__triton_launcher.so
7f1780063000-7f1780064000 r--p 00003000 b5:84fa2 144116244084289542      /home/mila/l/le.zhang/.cache/vllm/torch_compile_cache/3888366138/rank_0_0/triton_cache/229d4YYAkdh66Kgyl7jG-8awB8K1oU306NkqKGcFacU/__triton_launcher.so
7f1780064000-7f1780065000 r--p 00003000 b5:84fa2 144116244084289542      /home/mila/l/le.zhang/.cache/vllm/torch_compile_cache/3888366138/rank_0_0/triton_cache/229d4YYAkdh66Kgyl7jG-8awB8K1oU306NkqKGcFacU/__triton_launcher.so
7f1780065000-7f1780066000 rw-p 00004000 b5:84fa2 144116244084289542      /home/mila/l/le.zhang/.cache/vllm/torch_compile_cache/3888366138/rank_0_0/triton_cache/229d4YYAkdh66Kgyl7jG-8awB8K1oU306NkqKGcFacU/__triton_launcher.so
7f1780066000-7f1780067000 r--p 00000000 b5:84fa2 144116244084289522      /home/mila/l/le.zhang/.cache/vllm/torch_compile_cache/3888366138/rank_0_0/triton_cache/BCzBmVl9zXswKScLjwafNbUMsQq3uSjhdDVFJkduLBM/__triton_launcher.so
7f1780067000-7f1780069000 r-xp 00001000 b5:84fa2 144116244084289522      /home/mila/l/le.zhang/.cache/vllm/torch_compile_cache/3888366138/rank_0_0/triton_cache/BCzBmVl9zXswKScLjwafNbUMsQq3uSjhdDVFJkduLBM/__triton_launcher.so
7f1780069000-7f178006a000 r--p 00003000 b5:84fa2 144116244084289522      /home/mila/l/le.zhang/.cache/vllm/torch_compile_cache/3888366138/rank_0_0/triton_cache/BCzBmVl9zXswKScLjwafNbUMsQq3uSjhdDVFJkduLBM/__triton_launcher.so
7f178006a000-7f178006b000 r--p 00003000 b5:84fa2 144116244084289522      /home/mila/l/le.zhang/.cache/vllm/torch_compile_cache/3888366138/rank_0_0/triton_cache/BCzBmVl9zXswKScLjwafNbUMsQq3uSjhdDVFJkduLBM/__triton_launcher.so
7f178006b000-7f178006c000 rw-p 00004000 b5:84fa2 144116244084289522      /home/mila/l/le.zhang/.cache/vllm/torch_compile_cache/3888366138/rank_0_0/triton_cache/BCzBmVl9zXswKScLjwafNbUMsQq3uSjhdDVFJkduLBM/__triton_launcher.so
7f178006c000-7f178006d000 r--p 00000000 b5:84fa2 144116244084289448      /home/mila/l/le.zhang/.cache/vllm/torch_compile_cache/3888366138/rank_0_0/triton_cache/bNEcjB7HVCVPvvZvan3Celo6hqUebOazgQ8YtbnmEbI/__triton_launcher.so
7f178006d000-7f178006f000 r-xp 00001000 b5:84fa2 144116244084289448      /home/mila/l/le.zhang/.cache/vllm/torch_compile_cache/3888366138/rank_0_0/triton_cache/bNEcjB7HVCVPvvZvan3Celo6hqUebOazgQ8YtbnmEbI/__triton_launcher.so
7f178006f000-7f1780070000 r--p 00003000 b5:84fa2 144116244084289448      /home/mila/l/le.zhang/.cache/vllm/torch_compile_cache/3888366138/rank_0_0/triton_cache/bNEcjB7HVCVPvvZvan3Celo6hqUebOazgQ8YtbnmEbI/__triton_launcher.so
7f1780070000-7f1780071000 r--p 00003000 b5:84fa2 144116244084289448      /home/mila/l/le.zhang/.cache/vllm/torch_compile_cache/3888366138/rank_0_0/triton_cache/bNEcjB7HVCVPvvZvan3Celo6hqUebOazgQ8YtbnmEbI/__triton_launcher.so
7f1780071000-7f1780072000 rw-p 00004000 b5:84fa2 144116244084289448      /home/mila/l/le.zhang/.cache/vllm/torch_compile_cache/3888366138/rank_0_0/triton_cache/bNEcjB7HVCVPvvZvan3Celo6hqUebOazgQ8YtbnmEbI/__triton_launcher.so
7f1780072000-7f1780073000 r--p 00000000 b5:84fa2 144116244084289428      /home/mila/l/le.zhang/.cache/vllm/torch_compile_cache/3888366138/rank_0_0/triton_cache/suuzU1K1zNgm7zdTsFTMPrvag-uHcXULar44BM_e06E/__triton_launcher.so
7f1780073000-7f1780075000 r-xp 00001000 b5:84fa2 144116244084289428      /home/mila/l/le.zhang/.cache/vllm/torch_compile_cache/3888366138/rank_0_0/triton_cache/suuzU1K1zNgm7zdTsFTMPrvag-uHcXULar44BM_e06E/__triton_launcher.so
7f1780075000-7f1780076000 r--p 00003000 b5:84fa2 144116244084289428      /home/mila/l/le.zhang/.cache/vllm/torch_compile_cache/3888366138/rank_0_0/triton_cache/suuzU1K1zNgm7zdTsFTMPrvag-uHcXULar44BM_e06E/__triton_launcher.so
7f1780076000-7f1780077000 r--p 00003000 b5:84fa2 144116244084289428      /home/mila/l/le.zhang/.cache/vllm/torch_compile_cache/3888366138/rank_0_0/triton_cache/suuzU1K1zNgm7zdTsFTMPrvag-uHcXULar44BM_e06E/__triton_launcher.so
7f1780077000-7f1780078000 rw-p 00004000 b5:84fa2 144116244084289428      /home/mila/l/le.zhang/.cache/vllm/torch_compile_cache/3888366138/rank_0_0/triton_cache/suuzU1K1zNgm7zdTsFTMPrvag-uHcXULar44BM_e06E/__triton_launcher.so
7f1780078000-7f178007a000 r--p 00000000 b5:84fa2 144116244084289410      /home/mila/l/le.zhang/.cache/vllm/torch_compile_cache/3888366138/rank_0_0/triton_cache/q4oIpkjOtdHHfi8xBkm4jC4JWIk5AjKtN8WRkZb8MD8/cuda_utils.so
7f178007a000-7f178007c000 r-xp 00002000 b5:84fa2 144116244084289410      /home/mila/l/le.zhang/.cache/vllm/torch_compile_cache/3888366138/rank_0_0/triton_cache/q4oIpkjOtdHHfi8xBkm4jC4JWIk5AjKtN8WRkZb8MD8/cuda_utils.so
7f178007c000-7f178007d000 r--p 00004000 b5:84fa2 144116244084289410      /home/mila/l/le.zhang/.cache/vllm/torch_compile_cache/3888366138/rank_0_0/triton_cache/q4oIpkjOtdHHfi8xBkm4jC4JWIk5AjKtN8WRkZb8MD8/cuda_utils.so
7f178007d000-7f178007e000 r--p 00004000 b5:84fa2 144116244084289410      /home/mila/l/le.zhang/.cache/vllm/torch_compile_cache/3888366138/rank_0_0/triton_cache/q4oIpkjOtdHHfi8xBkm4jC4JWIk5AjKtN8WRkZb8MD8/cuda_utils.so
7f178007e000-7f178007f000 rw-p 00005000 b5:84fa2 144116244084289410      /home/mila/l/le.zhang/.cache/vllm/torch_compile_cache/3888366138/rank_0_0/triton_cache/q4oIpkjOtdHHfi8xBkm4jC4JWIk5AjKtN8WRkZb8MD8/cuda_utils.so
7f178007f000-7f178067f000 rw-p 00000000 00:00 0 
7f178067f000-7f1780680000 ---p 00000000 00:00 0 
7f1780680000-7f1780e80000 rw-p 00000000 00:00 0 
7f1780e80000-7f1780e81000 ---p 00000000 00:00 0 
7f1780e81000-7f1781681000 rw-p 00000000 00:00 0 
7f1781681000-7f1781682000 ---p 00000000 00:00 0 
7f1781682000-7f1781e82000 rw-p 00000000 00:00 0 
7f1781e82000-7f1781e83000 ---p 00000000 00:00 0 
7f1781e83000-7f1782683000 rw-p 00000000 00:00 0 
7f1782683000-7f1782883000 rw-s 00000000 00:01 15740127                   /dev/zero (deleted)
7f1782883000-7f1782884000 rw-s 00000000 00:05 1113                       /dev/nvidiactl
7f1782884000-7f1782885000 rw-s 00000000 00:05 1113                       /dev/nvidiactl
7f1782885000-7f1782886000 rw-s 00000000 00:05 1113                       /dev/nvidiactl
7f1782886000-7f1782887000 rw-s 00000000 00:05 1113                       /dev/nvidiactl
7f1782887000-7f1782888000 rw-s 00000000 00:05 1113                       /dev/nvidiactl
7f1782888000-7f1782889000 rw-s 00000000 00:05 1113                       /dev/nvidiactl
7f1782889000-7f178288a000 rw-s 00000000 00:05 1113                       /dev/nvidiactl
7f178288a000-7f178288b000 rw-s 00000000 00:05 1113                       /dev/nvidiactl
7f178288b000-7f178288c000 rw-s 00000000 00:05 1113                       /dev/nvidiactl
7f178288c000-7f178288d000 rw-s 00000000 00:05 1113                       /dev/nvidiactl
7f178288d000-7f178288e000 rw-s 00000000 00:05 1113                       /dev/nvidiactl
7f178288e000-7f178288f000 rw-s 00000000 00:05 1113                       /dev/nvidiactl
7f178288f000-7f1782890000 rw-s 00000000 00:05 1113                       /dev/nvidiactl
7f1782890000-7f1782891000 rw-s 00000000 00:05 1113                       /dev/nvidiactl
7f1782891000-7f1782892000 rw-s 00000000 00:05 1113                       /dev/nvidiactl
7f1782892000-7f1782893000 rw-s 00000000 00:05 1113                       /dev/nvidiactl
7f1782893000-7f1782894000 rw-s 00000000 00:05 1113                       /dev/nvidiactl
7f1782894000-7f1782895000 rw-s 00000000 00:05 1113                       /dev/nvidiactl
7f1782895000-7f1782896000 rw-s 00000000 00:05 1113                       /dev/nvidiactl
7f1782896000-7f1782897000 rw-s 00000000 00:05 1113                       /dev/nvidiactl
7f1782897000-7f1782898000 rw-s 00000000 00:05 1113                       /dev/nvidiactl
7f1782898000-7f1782899000 rw-s 00000000 00:05 1113                       /dev/nvidiactl
7f1782899000-7f178289a000 rw-s 00000000 00:05 1113                       /dev/nvidiactl
7f178289a000-7f178289b000 rw-s 00000000 00:05 1113                       /dev/nvidiactl
7f178289b000-7f178289c000 rw-s 00000000 00:05 1113                       /dev/nvidiactl
7f178289c000-7f178289d000 rw-s 00000000 00:05 1113                       /dev/nvidiactl
7f178289d000-7f178289e000 rw-s 00000000 00:05 1113                       /dev/nvidiactl
7f178289e000-7f178289f000 rw-s 00000000 00:05 1113                       /dev/nvidiactl
7f178289f000-7f17838a5000 ---p 00000000 00:00 0 
7f17838a5000-7f17840a5000 rw-p 00000000 00:00 0 
7f17840a5000-7f17840a6000 r--p 00000000 b5:84fa2 180144849708736213      /home/mila/l/le.zhang/.conda/envs/ir/lib/python3.10/site-packages/numba/experimental/jitclass/_box.cpython-310-x86_64-linux-gnu.so
7f17840a6000-7f17840a7000 r-xp 00001000 b5:84fa2 180144849708736213      /home/mila/l/le.zhang/.conda/envs/ir/lib/python3.10/site-packages/numba/experimental/jitclass/_box.cpython-310-x86_64-linux-gnu.so
7f17840a7000-7f17840a8000 r--p 00002000 b5:84fa2 180144849708736213      /home/mila/l/le.zhang/.conda/envs/ir/lib/python3.10/site-packages/numba/experimental/jitclass/_box.cpython-310-x86_64-linux-gnu.so
7f17840a8000-7f17840a9000 r--p 00002000 b5:84fa2 180144849708736213      /home/mila/l/le.zhang/.conda/envs/ir/lib/python3.10/site-packages/numba/experimental/jitclass/_box.cpython-310-x86_64-linux-gnu.so
7f17840a9000-7f17840aa000 rw-p 00003000 b5:84fa2 180144849708736213      /home/mila/l/le.zhang/.conda/envs/ir/lib/python3.10/site-packages/numba/experimental/jitclass/_box.cpython-310-x86_64-linux-gnu.so
7f17840aa000-7f17841aa000 rw-p 00000000 00:00 0 
7f17841aa000-7f17841ac000 r--p 00000000 b5:84fa2 180144849708736280      /home/mila/l/le.zhang/.conda/envs/ir/lib/python3.10/site-packages/numba/np/ufunc/_internal.cpython-310-x86_64-linux-gnu.so
7f17841ac000-7f17841ae000 r-xp 00002000 b5:84fa2 180144849708736280      /home/mila/l/le.zhang/.conda/envs/ir/lib/python3.10/site-packages/numba/np/ufunc/_internal.cpython-310-x86_64-linux-gnu.so
7f17841ae000-7f17841af000 r--p 00004000 b5:84fa2 180144849708736280      /home/mila/l/le.zhang/.conda/envs/ir/lib/python3.10/site-packages/numba/np/ufunc/_internal.cpython-310-x86_64-linux-gnu.so
7f17841af000-7f17841b0000 ---p 00005000 b5:84fa2 180144849708736280      /home/mila/l/le.zhang/.conda/envs/ir/lib/python3.10/site-packages/numba/np/ufunc/_internal.cpython-310-x86_64-linux-gnu.so
7f17841b0000-7f17841b1000 r--p 00005000 b5:84fa2 180144849708736280      /home/mila/l/le.zhang/.conda/envs/ir/lib/python3.10/site-packages/numba/np/ufunc/_internal.cpython-310-x86_64-linux-gnu.so
7f17841b1000-7f17841b2000 rw-p 00006000 b5:84fa2 180144849708736280      /home/mila/l/le.zhang/.conda/envs/ir/lib/python3.10/site-packages/numba/np/ufunc/_internal.cpython-310-x86_64-linux-gnu.so
7f17841b2000-7f17842b2000 rw-p 00000000 00:00 0 
7f17842b2000-7f17842b4000 r--p 00000000 b5:84fa2 180144849708735873      /home/mila/l/le.zhang/.conda/envs/ir/lib/python3.10/site-packages/numba/core/runtime/_nrt_python.cpython-310-x86_64-linux-gnu.so
7f17842b4000-7f17842b7000 r-xp 00002000 b5:84fa2 180144849708735873      /home/mila/l/le.zhang/.conda/envs/ir/lib/python3.10/site-packages/numba/core/runtime/_nrt_python.cpython-310-x86_64-linux-gnu.so
7f17842b7000-7f17842b9000 r--p 00005000 b5:84fa2 180144849708735873      /home/mila/l/le.zhang/.conda/envs/ir/lib/python3.10/site-packages/numba/core/runtime/_nrt_python.cpython-310-x86_64-linux-gnu.so
7f17842b9000-7f17842ba000 r--p 00006000 b5:84fa2 180144849708735873      /home/mila/l/le.zhang/.conda/envs/ir/lib/python3.10/site-packages/numba/core/runtime/_nrt_python.cpython-310-x86_64-linux-gnu.so
7f17842ba000-7f17842bb000 rw-p 00007000 b5:84fa2 180144849708735873      /home/mila/l/le.zhang/.conda/envs/ir/lib/python3.10/site-packages/numba/core/runtime/_nrt_python.cpython-310-x86_64-linux-gnu.so
7f17842bb000-7f17844bb000 rw-p 00000000 00:00 0 
7f17844bb000-7f17844bc000 r--p 00000000 b5:84fa2 180144849708735748      /home/mila/l/le.zhang/.conda/envs/ir/lib/python3.10/site-packages/numba/_devicearray.cpython-310-x86_64-linux-gnu.so
7f17844bc000-7f17844bd000 r-xp 00001000 b5:84fa2 180144849708735748      /home/mila/l/le.zhang/.conda/envs/ir/lib/python3.10/site-packages/numba/_devicearray.cpython-310-x86_64-linux-gnu.so
7f17844bd000-7f17844be000 r--p 00002000 b5:84fa2 180144849708735748      /home/mila/l/le.zhang/.conda/envs/ir/lib/python3.10/site-packages/numba/_devicearray.cpython-310-x86_64-linux-gnu.so
7f17844be000-7f17844bf000 r--p 00002000 b5:84fa2 180144849708735748      /home/mila/l/le.zhang/.conda/envs/ir/lib/python3.10/site-packages/numba/_devicearray.cpython-310-x86_64-linux-gnu.so
7f17844bf000-7f17844c0000 rw-p 00003000 b5:84fa2 180144849708735748      /home/mila/l/le.zhang/.conda/envs/ir/lib/python3.10/site-packages/numba/_devicearray.cpython-310-x86_64-linux-gnu.so
7f17844c0000-7f17844c4000 r--p 00000000 b5:84fa2 180144849708735750      /home/mila/l/le.zhang/.conda/envs/ir/lib/python3.10/site-packages/numba/_dispatcher.cpython-310-x86_64-linux-gnu.so
7f17844c4000-7f17844ca000 r-xp 00004000 b5:84fa2 180144849708735750      /home/mila/l/le.zhang/.conda/envs/ir/lib/python3.10/site-packages/numba/_dispatcher.cpython-310-x86_64-linux-gnu.so
7f17844ca000-7f17844cc000 r--p 0000a000 b5:84fa2 180144849708735750      /home/mila/l/le.zhang/.conda/envs/ir/lib/python3.10/site-packages/numba/_dispatcher.cpython-310-x86_64-linux-gnu.so
7f17844cc000-7f17844cd000 r--p 0000b000 b5:84fa2 180144849708735750      /home/mila/l/le.zhang/.conda/envs/ir/lib/python3.10/site-packages/numba/_dispatcher.cpython-310-x86_64-linux-gnu.so
7f17844cd000-7f17844ce000 rw-p 0000c000 b5:84fa2 180144849708735750      /home/mila/l/le.zhang/.conda/envs/ir/lib/python3.10/site-packages/numba/_dispatcher.cpython-310-x86_64-linux-gnu.so
7f17844ce000-7f17845ce000 rw-p 00000000 00:00 0 
7f17845ce000-7f17845cf000 r--p 00000000 b5:84fa2 180144849708735752      /home/mila/l/le.zhang/.conda/envs/ir/lib/python3.10/site-packages/numba/_dynfunc.cpython-310-x86_64-linux-gnu.so
7f17845cf000-7f17845d0000 r-xp 00001000 b5:84fa2 180144849708735752      /home/mila/l/le.zhang/.conda/envs/ir/lib/python3.10/site-packages/numba/_dynfunc.cpython-310-x86_64-linux-gnu.so
7f17845d0000-7f17845d1000 r--p 00002000 b5:84fa2 180144849708735752      /home/mila/l/le.zhang/.conda/envs/ir/lib/python3.10/site-packages/numba/_dynfunc.cpython-310-x86_64-linux-gnu.so
7f17845d1000-7f17845d2000 r--p 00002000 b5:84fa2 180144849708735752      /home/mila/l/le.zhang/.conda/envs/ir/lib/python3.10/site-packages/numba/_dynfunc.cpython-310-x86_64-linux-gnu.so
7f17845d2000-7f17845d3000 rw-p 00003000 b5:84fa2 180144849708735752      /home/mila/l/le.zhang/.conda/envs/ir/lib/python3.10/site-packages/numba/_dynfunc.cpython-310-x86_64-linux-gnu.so
7f17845d3000-7f17845d7000 r--p 00000000 b5:84fa2 180144849708735756      /home/mila/l/le.zhang/.conda/envs/ir/lib/python3.10/site-packages/numba/_helperlib.cpython-310-x86_64-linux-gnu.so
7f17845d7000-7f17845ed000 r-xp 00004000 b5:84fa2 180144849708735756      /home/mila/l/le.zhang/.conda/envs/ir/lib/python3.10/site-packages/numba/_helperlib.cpython-310-x86_64-linux-gnu.so
7f17845ed000-7f1784613000 r--p 0001a000 b5:84fa2 180144849708735756      /home/mila/l/le.zhang/.conda/envs/ir/lib/python3.10/site-packages/numba/_helperlib.cpython-310-x86_64-linux-gnu.so
7f1784613000-7f1784614000 r--p 0003f000 b5:84fa2 180144849708735756      /home/mila/l/le.zhang/.conda/envs/ir/lib/python3.10/site-packages/numba/_helperlib.cpython-310-x86_64-linux-gnu.so
7f1784614000-7f1784615000 rw-p 00040000 b5:84fa2 180144849708735756      /home/mila/l/le.zhang/.conda/envs/ir/lib/python3.10/site-packages/numba/_helperlib.cpython-310-x86_64-linux-gnu.so
7f1784615000-7f1784715000 rw-p 00000000 00:00 0 
7f1784715000-7f1784717000 r--p 00000000 b5:84fa2 180144849708735884      /home/mila/l/le.zhang/.conda/envs/ir/lib/python3.10/site-packages/numba/core/typeconv/_typeconv.cpython-310-x86_64-linux-gnu.so
7f1784717000-7f1784719000 r-xp 00002000 b5:84fa2 180144849708735884      /home/mila/l/le.zhang/.conda/envs/ir/lib/python3.10/site-packages/numba/core/typeconv/_typeconv.cpython-310-x86_64-linux-gnu.so
7f1784719000-7f178471a000 r--p 00004000 b5:84fa2 180144849708735884      /home/mila/l/le.zhang/.conda/envs/ir/lib/python3.10/site-packages/numba/core/typeconv/_typeconv.cpython-310-x86_64-linux-gnu.so
7f178471a000-7f178471b000 r--p 00004000 b5:84fa2 180144849708735884      /home/mila/l/le.zhang/.conda/envs/ir/lib/python3.10/site-packages/numba/core/typeconv/_typeconv.cpython-310-x86_64-linux-gnu.so
7f178471b000-7f178471c000 rw-p 00005000 b5:84fa2 180144849708735884      /home/mila/l/le.zhang/.conda/envs/ir/lib/python3.10/site-packages/numba/core/typeconv/_typeconv.cpython-310-x86_64-linux-gnu.so
7f178471c000-7f178491c000 rw-p 00000000 00:00 0 
7f178491c000-7f1784fe4000 r--p 00000000 b5:84fa2 180144849708731266      /home/mila/l/le.zhang/.conda/envs/ir/lib/python3.10/site-packages/llvmlite/binding/libllvmlite.so
7f1784fe4000-7f1788533000 r-xp 006c8000 b5:84fa2 180144849708731266      /home/mila/l/le.zhang/.conda/envs/ir/lib/python3.10/site-packages/llvmlite/binding/libllvmlite.so
7f1788533000-7f178a606000 r--p 03c17000 b5:84fa2 180144849708731266      /home/mila/l/le.zhang/.conda/envs/ir/lib/python3.10/site-packages/llvmlite/binding/libllvmlite.so
7f178a606000-7f178a607000 ---p 05cea000 b5:84fa2 180144849708731266      /home/mila/l/le.zhang/.conda/envs/ir/lib/python3.10/site-packages/llvmlite/binding/libllvmlite.so
7f178a607000-7f178ac4c000 r--p 05cea000 b5:84fa2 180144849708731266      /home/mila/l/le.zhang/.conda/envs/ir/lib/python3.10/site-packages/llvmlite/binding/libllvmlite.so
7f178ac4c000-7f178ac5a000 rw-p 0632f000 b5:84fa2 180144849708731266      /home/mila/l/le.zhang/.conda/envs/ir/lib/python3.10/site-packages/llvmlite/binding/libllvmlite.so
7f178ac5a000-7f178adcb000 rw-p 00000000 00:00 0 
7f178adcb000-7f178aebc000 r--p 00000000 b5:84fa2 180144849708767142      /home/mila/l/le.zhang/.conda/envs/ir/lib/python3.10/site-packages/vllm/vllm_flash_attn/_vllm_fa3_C.abi3.so
7f178aebc000-7f178ca5c000 r-xp 000f1000 b5:84fa2 180144849708767142      /home/mila/l/le.zhang/.conda/envs/ir/lib/python3.10/site-packages/vllm/vllm_flash_attn/_vllm_fa3_C.abi3.so
7f178ca5c000-7f17a0fa3000 r--p 01c91000 b5:84fa2 180144849708767142      /home/mila/l/le.zhang/.conda/envs/ir/lib/python3.10/site-packages/vllm/vllm_flash_attn/_vllm_fa3_C.abi3.so
7f17a0fa3000-7f17a0fa4000 ---p 161d8000 b5:84fa2 180144849708767142      /home/mila/l/le.zhang/.conda/envs/ir/lib/python3.10/site-packages/vllm/vllm_flash_attn/_vllm_fa3_C.abi3.so
7f17a0fa4000-7f17a0fa6000 r--p 161d8000 b5:84fa2 180144849708767142      /home/mila/l/le.zhang/.conda/envs/ir/lib/python3.10/site-packages/vllm/vllm_flash_attn/_vllm_fa3_C.abi3.so
7f17a0fa6000-7f17a0fb0000 rw-p 161da000 b5:84fa2 180144849708767142      /home/mila/l/le.zhang/.conda/envs/ir/lib/python3.10/site-packages/vllm/vllm_flash_attn/_vllm_fa3_C.abi3.so
7f17a0fb0000-7f17a0fb1000 rw-p 00000000 00:00 0 
7f17a0fb1000-7f17a1021000 r--p 00000000 b5:84fa2 180144849708767141      /home/mila/l/le.zhang/.conda/envs/ir/lib/python3.10/site-packages/vllm/vllm_flash_attn/_vllm_fa2_C.abi3.so
7f17a1021000-7f17a1112000 r-xp 00070000 b5:84fa2 180144849708767141      /home/mila/l/le.zhang/.conda/envs/ir/lib/python3.10/site-packages/vllm/vllm_flash_attn/_vllm_fa2_C.abi3.so
7f17a1112000-7f17ae1c2000 r--p 00161000 b5:84fa2 180144849708767141      /home/mila/l/le.zhang/.conda/envs/ir/lib/python3.10/site-packages/vllm/vllm_flash_attn/_vllm_fa2_C.abi3.so
7f17ae1c2000-7f17ae1c6000 r--p 0d210000 b5:84fa2 180144849708767141      /home/mila/l/le.zhang/.conda/envs/ir/lib/python3.10/site-packages/vllm/vllm_flash_attn/_vllm_fa2_C.abi3.so
7f17ae1c6000-7f17ae1c8000 rw-p 0d214000 b5:84fa2 180144849708767141      /home/mila/l/le.zhang/.conda/envs/ir/lib/python3.10/site-packages/vllm/vllm_flash_attn/_vllm_fa2_C.abi3.so
7f17ae1c8000-7f17ae2c8000 rw-p 00000000 00:00 0 
7f17ae2c8000-7f17ae2d8000 r--p 00000000 b5:84fa2 180144849708766029      /home/mila/l/le.zhang/.conda/envs/ir/lib/python3.10/site-packages/vllm/_moe_C.abi3.so
7f17ae2d8000-7f17ae308000 r-xp 00010000 b5:84fa2 180144849708766029      /home/mila/l/le.zhang/.conda/envs/ir/lib/python3.10/site-packages/vllm/_moe_C.abi3.so
7f17ae308000-7f17b3398000 r--p 00040000 b5:84fa2 180144849708766029      /home/mila/l/le.zhang/.conda/envs/ir/lib/python3.10/site-packages/vllm/_moe_C.abi3.so
7f17b3398000-7f17b3399000 ---p 050d0000 b5:84fa2 180144849708766029      /home/mila/l/le.zhang/.conda/envs/ir/lib/python3.10/site-packages/vllm/_moe_C.abi3.so
7f17b3399000-7f17b339a000 r--p 050d0000 b5:84fa2 180144849708766029      /home/mila/l/le.zhang/.conda/envs/ir/lib/python3.10/site-packages/vllm/_moe_C.abi3.so
7f17b339a000-7f17b339b000 rw-p 050d1000 b5:84fa2 180144849708766029      /home/mila/l/le.zhang/.conda/envs/ir/lib/python3.10/site-packages/vllm/_moe_C.abi3.so
7f17b339b000-7f17b339d000 r--p 00000000 b5:84fa2 180144849708766034      /home/mila/l/le.zhang/.conda/envs/ir/lib/python3.10/site-packages/vllm/cumem_allocator.abi3.so
7f17b339d000-7f17b339f000 r-xp 00002000 b5:84fa2 180144849708766034      /home/mila/l/le.zhang/.conda/envs/ir/lib/python3.10/site-packages/vllm/cumem_allocator.abi3.so
7f17b339f000-7f17b33a0000 r--p 00004000 b5:84fa2 180144849708766034      /home/mila/l/le.zhang/.conda/envs/ir/lib/python3.10/site-packages/vllm/cumem_allocator.abi3.so
7f17b33a0000-7f17b33a1000 r--p 00004000 b5:84fa2 180144849708766034      /home/mila/l/le.zhang/.conda/envs/ir/lib/python3.10/site-packages/vllm/cumem_allocator.abi3.so
7f17b33a1000-7f17b33a2000 rw-p 00005000 b5:84fa2 180144849708766034      /home/mila/l/le.zhang/.conda/envs/ir/lib/python3.10/site-packages/vllm/cumem_allocator.abi3.so
7f17b33a2000-7f17b34a4000 rw-p 00000000 00:00 0 
7f17b34a4000-7f17b34a8000 r--p 00000000 b5:84fa2 180144764732127232      /home/mila/l/le.zhang/.conda/envs/ir/lib/python3.10/site-packages/pyarrow/_json.cpython-310-x86_64-linux-gnu.so
7f17b34a8000-7f17b34b4000 r-xp 00004000 b5:84fa2 180144764732127232      /home/mila/l/le.zhang/.conda/envs/ir/lib/python3.10/site-packages/pyarrow/_json.cpython-310-x86_64-linux-gnu.so
7f17b34b4000-7f17b34b8000 r--p 00010000 b5:84fa2 180144764732127232      /home/mila/l/le.zhang/.conda/envs/ir/lib/python3.10/site-packages/pyarrow/_json.cpython-310-x86_64-linux-gnu.so
7f17b34b8000-7f17b34b9000 r--p 00013000 b5:84fa2 180144764732127232      /home/mila/l/le.zhang/.conda/envs/ir/lib/python3.10/site-packages/pyarrow/_json.cpython-310-x86_64-linux-gnu.so
7f17b34b9000-7f17b34ba000 rw-p 00014000 b5:84fa2 180144764732127232      /home/mila/l/le.zhang/.conda/envs/ir/lib/python3.10/site-packages/pyarrow/_json.cpython-310-x86_64-linux-gnu.so
7f17b34ba000-7f17b35bb000 rw-p 00000000 00:00 0 
7f17b35bb000-7f17b35be000 r--p 00000000 b5:84fa2 180144764732126436      /home/mila/l/le.zhang/.conda/envs/ir/lib/python3.10/site-packages/xxhash/_xxhash.cpython-310-x86_64-linux-gnu.so
7f17b35be000-7f17b35c9000 r-xp 00003000 b5:84fa2 180144764732126436      /home/mila/l/le.zhang/.conda/envs/ir/lib/python3.10/site-packages/xxhash/_xxhash.cpython-310-x86_64-linux-gnu.so
7f17b35c9000-7f17b35cc000 r--p 0000e000 b5:84fa2 180144764732126436      /home/mila/l/le.zhang/.conda/envs/ir/lib/python3.10/site-packages/xxhash/_xxhash.cpython-310-x86_64-linux-gnu.so
7f17b35cc000-7f17b35cd000 r--p 00010000 b5:84fa2 180144764732126436      /home/mila/l/le.zhang/.conda/envs/ir/lib/python3.10/site-packages/xxhash/_xxhash.cpython-310-x86_64-linux-gnu.so
7f17b35cd000-7f17b35cf000 rw-p 00011000 b5:84fa2 180144764732126436      /home/mila/l/le.zhang/.conda/envs/ir/lib/python3.10/site-packages/xxhash/_xxhash.cpython-310-x86_64-linux-gnu.so
7f17b35cf000-7f17b37cf000 rw-p 00000000 00:00 0 
7f17b37cf000-7f17b37d5000 r--p 00000000 b5:84fa2 180144764732127322      /home/mila/l/le.zhang/.conda/envs/ir/lib/python3.10/site-packages/pyarrow/_s3fs.cpython-310-x86_64-linux-gnu.so
7f17b37d5000-7f17b37f1000 r-xp 00006000 b5:84fa2 180144764732127322      /home/mila/l/le.zhang/.conda/envs/ir/lib/python3.10/site-packages/pyarrow/_s3fs.cpython-310-x86_64-linux-gnu.so
7f17b37f1000-7f17b37f8000 r--p 00022000 b5:84fa2 180144764732127322      /home/mila/l/le.zhang/.conda/envs/ir/lib/python3.10/site-packages/pyarrow/_s3fs.cpython-310-x86_64-linux-gnu.so
7f17b37f8000-7f17b37f9000 ---p 00029000 b5:84fa2 180144764732127322      /home/mila/l/le.zhang/.conda/envs/ir/lib/python3.10/site-packages/pyarrow/_s3fs.cpython-310-x86_64-linux-gnu.so
7f17b37f9000-7f17b37fa000 r--p 00029000 b5:84fa2 180144764732127322      /home/mila/l/le.zhang/.conda/envs/ir/lib/python3.10/site-packages/pyarrow/_s3fs.cpython-310-x86_64-linux-gnu.so
7f17b37fa000-7f17b37fc000 rw-p 0002a000 b5:84fa2 180144764732127322      /home/mila/l/le.zhang/.conda/envs/ir/lib/python3.10/site-packages/pyarrow/_s3fs.cpython-310-x86_64-linux-gnu.so
7f17b37fc000-7f17b37fd000 rw-p 00000000 00:00 0 
7f17b37fd000-7f17b3802000 r--p 00000000 b5:84fa2 180144764732127324      /home/mila/l/le.zhang/.conda/envs/ir/lib/python3.10/site-packages/pyarrow/_gcsfs.cpython-310-x86_64-linux-gnu.so
7f17b3802000-7f17b3811000 r-xp 00005000 b5:84fa2 180144764732127324      /home/mila/l/le.zhang/.conda/envs/ir/lib/python3.10/site-packages/pyarrow/_gcsfs.cpython-310-x86_64-linux-gnu.so
7f17b3811000-7f17b3815000 r--p 00014000 b5:84fa2 180144764732127324      /home/mila/l/le.zhang/.conda/envs/ir/lib/python3.10/site-packages/pyarrow/_gcsfs.cpython-310-x86_64-linux-gnu.so
7f17b3815000-7f17b3816000 r--p 00017000 b5:84fa2 180144764732127324      /home/mila/l/le.zhang/.conda/envs/ir/lib/python3.10/site-packages/pyarrow/_gcsfs.cpython-310-x86_64-linux-gnu.so
7f17b3816000-7f17b3817000 rw-p 00018000 b5:84fa2 180144764732127324      /home/mila/l/le.zhang/.conda/envs/ir/lib/python3.10/site-packages/pyarrow/_gcsfs.cpython-310-x86_64-linux-gnu.so
7f17b3817000-7f17b3818000 rw-p 00000000 00:00 0 
7f17b3818000-7f17b381d000 r--p 00000000 b5:84fa2 180144764732127289      /home/mila/l/le.zhang/.conda/envs/ir/lib/python3.10/site-packages/pyarrow/_hdfs.cpython-310-x86_64-linux-gnu.so
7f17b381d000-7f17b382c000 r-xp 00005000 b5:84fa2 180144764732127289      /home/mila/l/le.zhang/.conda/envs/ir/lib/python3.10/site-packages/pyarrow/_hdfs.cpython-310-x86_64-linux-gnu.so
7f17b382c000-7f17b3830000 r--p 00014000 b5:84fa2 180144764732127289      /home/mila/l/le.zhang/.conda/envs/ir/lib/python3.10/site-packages/pyarrow/_hdfs.cpython-310-x86_64-linux-gnu.so
7f17b3830000-7f17b3831000 r--p 00017000 b5:84fa2 180144764732127289      /home/mila/l/le.zhang/.conda/envs/ir/lib/python3.10/site-packages/pyarrow/_hdfs.cpython-310-x86_64-linux-gnu.so
7f17b3831000-7f17b3832000 rw-p 00018000 b5:84fa2 180144764732127289      /home/mila/l/le.zhang/.conda/envs/ir/lib/python3.10/site-packages/pyarrow/_hdfs.cpython-310-x86_64-linux-gnu.so
7f17b3832000-7f17b3833000 rw-p 00000000 00:00 0 
7f17b3833000-7f17b3837000 r--p 00000000 b5:84fa2 180144764732127332      /home/mila/l/le.zhang/.conda/envs/ir/lib/python3.10/site-packages/pyarrow/_azurefs.cpython-310-x86_64-linux-gnu.so
7f17b3837000-7f17b3842000 r-xp 00004000 b5:84fa2 180144764732127332      /home/mila/l/le.zhang/.conda/envs/ir/lib/python3.10/site-packages/pyarrow/_azurefs.cpython-310-x86_64-linux-gnu.so
7f17b3842000-7f17b3845000 r--p 0000f000 b5:84fa2 180144764732127332      /home/mila/l/le.zhang/.conda/envs/ir/lib/python3.10/site-packages/pyarrow/_azurefs.cpython-310-x86_64-linux-gnu.so
7f17b3845000-7f17b3846000 ---p 00012000 b5:84fa2 180144764732127332      /home/mila/l/le.zhang/.conda/envs/ir/lib/python3.10/site-packages/pyarrow/_azurefs.cpython-310-x86_64-linux-gnu.so
7f17b3846000-7f17b3847000 r--p 00012000 b5:84fa2 180144764732127332      /home/mila/l/le.zhang/.conda/envs/ir/lib/python3.10/site-packages/pyarrow/_azurefs.cpython-310-x86_64-linux-gnu.so
7f17b3847000-7f17b3848000 rw-p 00013000 b5:84fa2 180144764732127332      /home/mila/l/le.zhang/.conda/envs/ir/lib/python3.10/site-packages/pyarrow/_azurefs.cpython-310-x86_64-linux-gnu.so
7f17b3848000-7f17b3849000 rw-p 00000000 00:00 0 
7f17b3849000-7f17b3855000 r--p 00000000 b5:84fa2 180144764732127268      /home/mila/l/le.zhang/.conda/envs/ir/lib/python3.10/site-packages/pyarrow/_fs.cpython-310-x86_64-linux-gnu.so
7f17b3855000-7f17b3890000 r-xp 0000c000 b5:84fa2 180144764732127268      /home/mila/l/le.zhang/.conda/envs/ir/lib/python3.10/site-packages/pyarrow/_fs.cpython-310-x86_64-linux-gnu.so
7f17b3890000-7f17b38a5000 r--p 00047000 b5:84fa2 180144764732127268      /home/mila/l/le.zhang/.conda/envs/ir/lib/python3.10/site-packages/pyarrow/_fs.cpython-310-x86_64-linux-gnu.so
7f17b38a5000-7f17b38a6000 r--p 0005b000 b5:84fa2 180144764732127268      /home/mila/l/le.zhang/.conda/envs/ir/lib/python3.10/site-packages/pyarrow/_fs.cpython-310-x86_64-linux-gnu.so
7f17b38a6000-7f17b38a9000 rw-p 0005c000 b5:84fa2 180144764732127268      /home/mila/l/le.zhang/.conda/envs/ir/lib/python3.10/site-packages/pyarrow/_fs.cpython-310-x86_64-linux-gnu.so
7f17b38a9000-7f17b38ab000 rw-p 00000000 00:00 0 
7f17b38ab000-7f17b38ba000 r--p 00000000 b5:84fa2 180144764732127329      /home/mila/l/le.zhang/.conda/envs/ir/lib/python3.10/site-packages/pyarrow/_parquet.cpython-310-x86_64-linux-gnu.so
7f17b38ba000-7f17b3907000 r-xp 0000f000 b5:84fa2 180144764732127329      /home/mila/l/le.zhang/.conda/envs/ir/lib/python3.10/site-packages/pyarrow/_parquet.cpython-310-x86_64-linux-gnu.so
7f17b3907000-7f17b391a000 r--p 0005c000 b5:84fa2 180144764732127329      /home/mila/l/le.zhang/.conda/envs/ir/lib/python3.10/site-packages/pyarrow/_parquet.cpython-310-x86_64-linux-gnu.so
7f17b391a000-7f17b391b000 r--p 0006e000 b5:84fa2 180144764732127329      /home/mila/l/le.zhang/.conda/envs/ir/lib/python3.10/site-packages/pyarrow/_parquet.cpython-310-x86_64-linux-gnu.so
7f17b391b000-7f17b3920000 rw-p 0006f000 b5:84fa2 180144764732127329      /home/mila/l/le.zhang/.conda/envs/ir/lib/python3.10/site-packages/pyarrow/_parquet.cpython-310-x86_64-linux-gnu.so
7f17b3920000-7f17b3a22000 rw-p 00000000 00:00 0 
7f17b3a22000-7f17b3a2a000 r--p 00000000 b5:84fa2 180144835968132474      /home/mila/l/le.zhang/.conda/envs/ir/lib/python3.10/site-packages/pytrec_eval_ext.cpython-310-x86_64-linux-gnu.so
7f17b3a2a000-7f17b3a3f000 r-xp 00008000 b5:84fa2 180144835968132474      /home/mila/l/le.zhang/.conda/envs/ir/lib/python3.10/site-packages/pytrec_eval_ext.cpython-310-x86_64-linux-gnu.so
7f17b3a3f000-7f17b3a4d000 r--p 0001d000 b5:84fa2 180144835968132474      /home/mila/l/le.zhang/.conda/envs/ir/lib/python3.10/site-packages/pytrec_eval_ext.cpython-310-x86_64-linux-gnu.so
7f17b3a4d000-7f17b3a4e000 ---p 0002b000 b5:84fa2 180144835968132474      /home/mila/l/le.zhang/.conda/envs/ir/lib/python3.10/site-packages/pytrec_eval_ext.cpython-310-x86_64-linux-gnu.so
7f17b3a4e000-7f17b3a4f000 r--p 0002b000 b5:84fa2 180144835968132474      /home/mila/l/le.zhang/.conda/envs/ir/lib/python3.10/site-packages/pytrec_eval_ext.cpython-310-x86_64-linux-gnu.so
7f17b3a4f000-7f17b3a52000 rw-p 0002c000 b5:84fa2 180144835968132474      /home/mila/l/le.zhang/.conda/envs/ir/lib/python3.10/site-packages/pytrec_eval_ext.cpython-310-x86_64-linux-gnu.so
7f17b3a52000-7f17b4952000 rw-p 00000000 00:00 0 
7f17b4952000-7f17b49ab000 r--p 00000000 b5:84fa2 180144849708726370      /home/mila/l/le.zhang/.conda/envs/ir/lib/python3.10/site-packages/sentencepiece/_sentencepiece.cpython-310-x86_64-linux-gnu.so
7f17b49ab000-7f17b4add000 r-xp 00059000 b5:84fa2 180144849708726370      /home/mila/l/le.zhang/.conda/envs/ir/lib/python3.10/site-packages/sentencepiece/_sentencepiece.cpython-310-x86_64-linux-gnu.so
7f17b4add000-7f17b4c1b000 r--p 0018b000 b5:84fa2 180144849708726370      /home/mila/l/le.zhang/.conda/envs/ir/lib/python3.10/site-packages/sentencepiece/_sentencepiece.cpython-310-x86_64-linux-gnu.so
7f17b4c1b000-7f17b4c1e000 r--p 002c8000 b5:84fa2 180144849708726370      /home/mila/l/le.zhang/.conda/envs/ir/lib/python3.10/site-packages/sentencepiece/_sentencepiece.cpython-310-x86_64-linux-gnu.so
7f17b4c1e000-7f17b4c21000 rw-p 002cb000 b5:84fa2 180144849708726370      /home/mila/l/le.zhang/.conda/envs/ir/lib/python3.10/site-packages/sentencepiece/_sentencepiece.cpython-310-x86_64-linux-gnu.so
7f17b4c21000-7f17b4c22000 rw-p 00000000 00:00 0 
7f17b4c22000-7f17b4e83000 r--p 00000000 b5:84fa2 180144849708731355      /home/mila/l/le.zhang/.conda/envs/ir/lib/python3.10/site-packages/llguidance/_lib.abi3.so
7f17b4e83000-7f17b52e1000 r-xp 00260000 b5:84fa2 180144849708731355      /home/mila/l/le.zhang/.conda/envs/ir/lib/python3.10/site-packages/llguidance/_lib.abi3.so
7f17b52e1000-7f17b5367000 r--p 006bd000 b5:84fa2 180144849708731355      /home/mila/l/le.zhang/.conda/envs/ir/lib/python3.10/site-packages/llguidance/_lib.abi3.so
7f17b5367000-7f17b536d000 rw-p 00742000 b5:84fa2 180144849708731355      /home/mila/l/le.zhang/.conda/envs/ir/lib/python3.10/site-packages/llguidance/_lib.abi3.so
7f17b536d000-7f17b566e000 rw-p 00000000 00:00 0 
7f17b566e000-7f17b567a000 r--p 00000000 b5:84fa2 180144849708729275      /home/mila/l/le.zhang/.conda/envs/ir/lib/python3.10/site-packages/rpds/rpds.cpython-310-x86_64-linux-gnu.so
7f17b567a000-7f17b5705000 r-xp 0000c000 b5:84fa2 180144849708729275      /home/mila/l/le.zhang/.conda/envs/ir/lib/python3.10/site-packages/rpds/rpds.cpython-310-x86_64-linux-gnu.so
7f17b5705000-7f17b5728000 r--p 00097000 b5:84fa2 180144849708729275      /home/mila/l/le.zhang/.conda/envs/ir/lib/python3.10/site-packages/rpds/rpds.cpython-310-x86_64-linux-gnu.so
7f17b5728000-7f17b5730000 r--p 000b9000 b5:84fa2 180144849708729275      /home/mila/l/le.zhang/.conda/envs/ir/lib/python3.10/site-packages/rpds/rpds.cpython-310-x86_64-linux-gnu.so
7f17b5730000-7f17b5731000 rw-p 000c1000 b5:84fa2 180144849708729275      /home/mila/l/le.zhang/.conda/envs/ir/lib/python3.10/site-packages/rpds/rpds.cpython-310-x86_64-linux-gnu.so
7f17b5731000-7f17b5831000 rw-p 00000000 00:00 0 
7f17b5831000-7f17b584d000 r--p 00000000 b5:84fa2 180144849708726590      /home/mila/l/le.zhang/.conda/envs/ir/lib/python3.10/site-packages/uvloop/loop.cpython-310-x86_64-linux-gnu.so
7f17b584d000-7f17b59a2000 r-xp 0001c000 b5:84fa2 180144849708726590      /home/mila/l/le.zhang/.conda/envs/ir/lib/python3.10/site-packages/uvloop/loop.cpython-310-x86_64-linux-gnu.so
7f17b59a2000-7f17b59e2000 r--p 00171000 b5:84fa2 180144849708726590      /home/mila/l/le.zhang/.conda/envs/ir/lib/python3.10/site-packages/uvloop/loop.cpython-310-x86_64-linux-gnu.so
7f17b59e2000-7f17b59e3000 ---p 001b1000 b5:84fa2 180144849708726590      /home/mila/l/le.zhang/.conda/envs/ir/lib/python3.10/site-packages/uvloop/loop.cpython-310-x86_64-linux-gnu.so
7f17b59e3000-7f17b59e4000 r--p 001b1000 b5:84fa2 180144849708726590      /home/mila/l/le.zhang/.conda/envs/ir/lib/python3.10/site-packages/uvloop/loop.cpython-310-x86_64-linux-gnu.so
7f17b59e4000-7f17b59f4000 rw-p 001b2000 b5:84fa2 180144849708726590      /home/mila/l/le.zhang/.conda/envs/ir/lib/python3.10/site-packages/uvloop/loop.cpython-310-x86_64-linux-gnu.so
7f17b59f4000-7f17b5bff000 rw-p 00000000 00:00 0 
7f17b5bff000-7f17b5c09000 r--p 00000000 b5:84fa2 180144849708730328      /home/mila/l/le.zhang/.conda/envs/ir/lib/python3.10/site-packages/google/_upb/_message.abi3.so
7f17b5c09000-7f17b5c31000 r-xp 0000a000 b5:84fa2 180144849708730328      /home/mila/l/le.zhang/.conda/envs/ir/lib/python3.10/site-packages/google/_upb/_message.abi3.so
7f17b5c31000-7f17b5c44000 r--p 00032000 b5:84fa2 180144849708730328      /home/mila/l/le.zhang/.conda/envs/ir/lib/python3.10/site-packages/google/_upb/_message.abi3.so
7f17b5c44000-7f17b5c45000 ---p 00045000 b5:84fa2 180144849708730328      /home/mila/l/le.zhang/.conda/envs/ir/lib/python3.10/site-packages/google/_upb/_message.abi3.so
7f17b5c45000-7f17b5c46000 r--p 00045000 b5:84fa2 180144849708730328      /home/mila/l/le.zhang/.conda/envs/ir/lib/python3.10/site-packages/google/_upb/_message.abi3.so
7f17b5c46000-7f17b5c4a000 rw-p 00046000 b5:84fa2 180144849708730328      /home/mila/l/le.zhang/.conda/envs/ir/lib/python3.10/site-packages/google/_upb/_message.abi3.so
7f17b5c4a000-7f17b5d4a000 rw-p 00000000 00:00 0 
7f17b5d4a000-7f17b5d4f000 r--p 00000000 b5:84fa2 180144849708731207      /home/mila/l/le.zhang/.conda/envs/ir/lib/python3.10/site-packages/msgpack/_cmsgpack.cpython-310-x86_64-linux-gnu.so
7f17b5d4f000-7f17b5d6e000 r-xp 00005000 b5:84fa2 180144849708731207      /home/mila/l/le.zhang/.conda/envs/ir/lib/python3.10/site-packages/msgpack/_cmsgpack.cpython-310-x86_64-linux-gnu.so
7f17b5d6e000-7f17b5d75000 r--p 00024000 b5:84fa2 180144849708731207      /home/mila/l/le.zhang/.conda/envs/ir/lib/python3.10/site-packages/msgpack/_cmsgpack.cpython-310-x86_64-linux-gnu.so
7f17b5d75000-7f17b5d76000 r--p 0002b000 b5:84fa2 180144849708731207      /home/mila/l/le.zhang/.conda/envs/ir/lib/python3.10/site-packages/msgpack/_cmsgpack.cpython-310-x86_64-linux-gnu.so
7f17b5d76000-7f17b5d78000 rw-p 0002c000 b5:84fa2 180144849708731207      /home/mila/l/le.zhang/.conda/envs/ir/lib/python3.10/site-packages/msgpack/_cmsgpack.cpython-310-x86_64-linux-gnu.so
7f17b5d78000-7f17b75f7000 r-xp 00000000 b5:84fa2 180144849708760226      /home/mila/l/le.zhang/.conda/envs/ir/lib/python3.10/site-packages/ray/_raylet.so
7f17b75f7000-7f17b75f8000 ---p 0187f000 b5:84fa2 180144849708760226      /home/mila/l/le.zhang/.conda/envs/ir/lib/python3.10/site-packages/ray/_raylet.so
7f17b75f8000-7f17b7699000 r--p 0187f000 b5:84fa2 180144849708760226      /home/mila/l/le.zhang/.conda/envs/ir/lib/python3.10/site-packages/ray/_raylet.so
7f17b7699000-7f17b76af000 rw-p 01920000 b5:84fa2 180144849708760226      /home/mila/l/le.zhang/.conda/envs/ir/lib/python3.10/site-packages/ray/_raylet.so
7f17b76af000-7f17b78de000 rw-p 00000000 00:00 0 
7f17b78de000-7f17b78e2000 r--p 00000000 b5:84fa2 180144764732128453      /home/mila/l/le.zhang/.conda/envs/ir/lib/python3.10/site-packages/frozenlist/_frozenlist.cpython-310-x86_64-linux-gnu.so
7f17b78e2000-7f17b78f5000 r-xp 00004000 b5:84fa2 180144764732128453      /home/mila/l/le.zhang/.conda/envs/ir/lib/python3.10/site-packages/frozenlist/_frozenlist.cpython-310-x86_64-linux-gnu.so
7f17b78f5000-7f17b78f9000 r--p 00017000 b5:84fa2 180144764732128453      /home/mila/l/le.zhang/.conda/envs/ir/lib/python3.10/site-packages/frozenlist/_frozenlist.cpython-310-x86_64-linux-gnu.so
7f17b78f9000-7f17b78fa000 r--p 0001a000 b5:84fa2 180144764732128453      /home/mila/l/le.zhang/.conda/envs/ir/lib/python3.10/site-packages/frozenlist/_frozenlist.cpython-310-x86_64-linux-gnu.so
7f17b78fa000-7f17b78fc000 rw-p 0001b000 b5:84fa2 180144764732128453      /home/mila/l/le.zhang/.conda/envs/ir/lib/python3.10/site-packages/frozenlist/_frozenlist.cpython-310-x86_64-linux-gnu.so
7f17b78fc000-7f17b79fc000 rw-p 00000000 00:00 0 
7f17b79fc000-7f17b7a04000 r--p 00000000 b5:84fa2 180144764732132148      /home/mila/l/le.zhang/.conda/envs/ir/lib/python3.10/site-packages/aiohttp/_http_parser.cpython-310-x86_64-linux-gnu.so
7f17b7a04000-7f17b7a6d000 r-xp 00008000 b5:84fa2 180144764732132148      /home/mila/l/le.zhang/.conda/envs/ir/lib/python3.10/site-packages/aiohttp/_http_parser.cpython-310-x86_64-linux-gnu.so
7f17b7a6d000-7f17b7a79000 r--p 00071000 b5:84fa2 180144764732132148      /home/mila/l/le.zhang/.conda/envs/ir/lib/python3.10/site-packages/aiohttp/_http_parser.cpython-310-x86_64-linux-gnu.so
7f17b7a79000-7f17b7a7a000 ---p 0007d000 b5:84fa2 180144764732132148      /home/mila/l/le.zhang/.conda/envs/ir/lib/python3.10/site-packages/aiohttp/_http_parser.cpython-310-x86_64-linux-gnu.so
7f17b7a7a000-7f17b7a7b000 r--p 0007d000 b5:84fa2 180144764732132148      /home/mila/l/le.zhang/.conda/envs/ir/lib/python3.10/site-packages/aiohttp/_http_parser.cpython-310-x86_64-linux-gnu.so
7f17b7a7b000-7f17b7a7e000 rw-p 0007e000 b5:84fa2 180144764732132148      /home/mila/l/le.zhang/.conda/envs/ir/lib/python3.10/site-packages/aiohttp/_http_parser.cpython-310-x86_64-linux-gnu.so
7f17b7a7e000-7f17b7a80000 rw-p 00000000 00:00 0 
7f17b7a80000-7f17b7a83000 r--p 00000000 b5:84fa2 180144764732132119      /home/mila/l/le.zhang/.conda/envs/ir/lib/python3.10/site-packages/aiohttp/_http_writer.cpython-310-x86_64-linux-gnu.so
7f17b7a83000-7f17b7a8d000 r-xp 00003000 b5:84fa2 180144764732132119      /home/mila/l/le.zhang/.conda/envs/ir/lib/python3.10/site-packages/aiohttp/_http_writer.cpython-310-x86_64-linux-gnu.so
7f17b7a8d000-7f17b7a8f000 r--p 0000d000 b5:84fa2 180144764732132119      /home/mila/l/le.zhang/.conda/envs/ir/lib/python3.10/site-packages/aiohttp/_http_writer.cpython-310-x86_64-linux-gnu.so
7f17b7a8f000-7f17b7a90000 r--p 0000e000 b5:84fa2 180144764732132119      /home/mila/l/le.zhang/.conda/envs/ir/lib/python3.10/site-packages/aiohttp/_http_writer.cpython-310-x86_64-linux-gnu.so
7f17b7a90000-7f17b7a91000 rw-p 0000f000 b5:84fa2 180144764732132119      /home/mila/l/le.zhang/.conda/envs/ir/lib/python3.10/site-packages/aiohttp/_http_writer.cpython-310-x86_64-linux-gnu.so
7f17b7a91000-7f17b7a95000 rw-p 00000000 00:00 0 
7f17b7a95000-7f17b7a98000 r--p 00000000 b5:84fa2 180144764732132141      /home/mila/l/le.zhang/.conda/envs/ir/lib/python3.10/site-packages/aiohttp/_helpers.cpython-310-x86_64-linux-gnu.so
7f17b7a98000-7f17b7aa3000 r-xp 00003000 b5:84fa2 180144764732132141      /home/mila/l/le.zhang/.conda/envs/ir/lib/python3.10/site-packages/aiohttp/_helpers.cpython-310-x86_64-linux-gnu.so
7f17b7aa3000-7f17b7aa6000 r--p 0000e000 b5:84fa2 180144764732132141      /home/mila/l/le.zhang/.conda/envs/ir/lib/python3.10/site-packages/aiohttp/_helpers.cpython-310-x86_64-linux-gnu.so
7f17b7aa6000-7f17b7aa7000 r--p 00010000 b5:84fa2 180144764732132141      /home/mila/l/le.zhang/.conda/envs/ir/lib/python3.10/site-packages/aiohttp/_helpers.cpython-310-x86_64-linux-gnu.so
7f17b7aa7000-7f17b7aa8000 rw-p 00011000 b5:84fa2 180144764732132141      /home/mila/l/le.zhang/.conda/envs/ir/lib/python3.10/site-packages/aiohttp/_helpers.cpython-310-x86_64-linux-gnu.so
7f17b7aa8000-7f17b81a8000 rw-p 00000000 00:00 0 
7f17b81a8000-7f17b83e0000 r--p 00000000 b5:84fa2 180144849708766024      /home/mila/l/le.zhang/.conda/envs/ir/lib/python3.10/site-packages/vllm/_C.abi3.so
7f17b83e0000-7f17b8b04000 r-xp 00238000 b5:84fa2 180144849708766024      /home/mila/l/le.zhang/.conda/envs/ir/lib/python3.10/site-packages/vllm/_C.abi3.so
7f17b8b04000-7f17c61a0000 r--p 0095c000 b5:84fa2 180144849708766024      /home/mila/l/le.zhang/.conda/envs/ir/lib/python3.10/site-packages/vllm/_C.abi3.so
7f17c61a0000-7f17c61a1000 ---p 0dff8000 b5:84fa2 180144849708766024      /home/mila/l/le.zhang/.conda/envs/ir/lib/python3.10/site-packages/vllm/_C.abi3.so
7f17c61a1000-7f17c61ac000 r--p 0dff8000 b5:84fa2 180144849708766024      /home/mila/l/le.zhang/.conda/envs/ir/lib/python3.10/site-packages/vllm/_C.abi3.so
7f17c61ac000-7f17c61b1000 rw-p 0e003000 b5:84fa2 180144849708766024      /home/mila/l/le.zhang/.conda/envs/ir/lib/python3.10/site-packages/vllm/_C.abi3.so
7f17c61b1000-7f17c63b2000 rw-p 00000000 00:00 0 
7f17c63b2000-7f17c63be000 r--p 00000000 b5:84fa2 180144849708726423      /home/mila/l/le.zhang/.conda/envs/ir/lib/python3.10/site-packages/blake3/blake3.cpython-310-x86_64-linux-gnu.so
7f17c63be000-7f17c6443000 r-xp 0000c000 b5:84fa2 180144849708726423      /home/mila/l/le.zhang/.conda/envs/ir/lib/python3.10/site-packages/blake3/blake3.cpython-310-x86_64-linux-gnu.so
7f17c6443000-7f17c6464000 r--p 00091000 b5:84fa2 180144849708726423      /home/mila/l/le.zhang/.conda/envs/ir/lib/python3.10/site-packages/blake3/blake3.cpython-310-x86_64-linux-gnu.so
7f17c6464000-7f17c6465000 ---p 000b2000 b5:84fa2 180144849708726423      /home/mila/l/le.zhang/.conda/envs/ir/lib/python3.10/site-packages/blake3/blake3.cpython-310-x86_64-linux-gnu.so
7f17c6465000-7f17c646c000 r--p 000b2000 b5:84fa2 180144849708726423      /home/mila/l/le.zhang/.conda/envs/ir/lib/python3.10/site-packages/blake3/blake3.cpython-310-x86_64-linux-gnu.so
7f17c646c000-7f17c646d000 rw-p 000b9000 b5:84fa2 180144849708726423      /home/mila/l/le.zhang/.conda/envs/ir/lib/python3.10/site-packages/blake3/blake3.cpython-310-x86_64-linux-gnu.so
7f17c646d000-7f17c656d000 rw-p 00000000 00:00 0 
7f17c656d000-7f17c6613000 r--p 00000000 b5:84fa2 180144849708770704      /home/mila/l/le.zhang/.conda/envs/ir/lib/python3.10/site-packages/onnxruntime/capi/onnxruntime_pybind11_state.cpython-310-x86_64-linux-gnu.so
7f17c6613000-7f17c75e6000 r-xp 000a6000 b5:84fa2 180144849708770704      /home/mila/l/le.zhang/.conda/envs/ir/lib/python3.10/site-packages/onnxruntime/capi/onnxruntime_pybind11_state.cpython-310-x86_64-linux-gnu.so
7f17c75e6000-7f17c7994000 r--p 01079000 b5:84fa2 180144849708770704      /home/mila/l/le.zhang/.conda/envs/ir/lib/python3.10/site-packages/onnxruntime/capi/onnxruntime_pybind11_state.cpython-310-x86_64-linux-gnu.so
7f17c7994000-7f17c79d0000 r--p 01427000 b5:84fa2 180144849708770704      /home/mila/l/le.zhang/.conda/envs/ir/lib/python3.10/site-packages/onnxruntime/capi/onnxruntime_pybind11_state.cpython-310-x86_64-linux-gnu.so
7f17c79d0000-7f17c79d2000 rw-p 01463000 b5:84fa2 180144849708770704      /home/mila/l/le.zhang/.conda/envs/ir/lib/python3.10/site-packages/onnxruntime/capi/onnxruntime_pybind11_state.cpython-310-x86_64-linux-gnu.so
7f17c79d2000-7f17c83db000 rw-p 00000000 00:00 0 
7f17c83db000-7f17c842b000 r--p 00000000 b5:84fa2 180144849708735322      /home/mila/l/le.zhang/.conda/envs/ir/lib/python3.10/site-packages/tiktoken/_tiktoken.cpython-310-x86_64-linux-gnu.so
7f17c842b000-7f17c85a7000 r-xp 00050000 b5:84fa2 180144849708735322      /home/mila/l/le.zhang/.conda/envs/ir/lib/python3.10/site-packages/tiktoken/_tiktoken.cpython-310-x86_64-linux-gnu.so
7f17c85a7000-7f17c8636000 r--p 001cc000 b5:84fa2 180144849708735322      /home/mila/l/le.zhang/.conda/envs/ir/lib/python3.10/site-packages/tiktoken/_tiktoken.cpython-310-x86_64-linux-gnu.so
7f17c8636000-7f17c8637000 ---p 0025b000 b5:84fa2 180144849708735322      /home/mila/l/le.zhang/.conda/envs/ir/lib/python3.10/site-packages/tiktoken/_tiktoken.cpython-310-x86_64-linux-gnu.so
7f17c8637000-7f17c867b000 r--p 0025b000 b5:84fa2 180144849708735322      /home/mila/l/le.zhang/.conda/envs/ir/lib/python3.10/site-packages/tiktoken/_tiktoken.cpython-310-x86_64-linux-gnu.so
7f17c867b000-7f17c867c000 rw-p 0029f000 b5:84fa2 180144849708735322      /home/mila/l/le.zhang/.conda/envs/ir/lib/python3.10/site-packages/tiktoken/_tiktoken.cpython-310-x86_64-linux-gnu.so
7f17c867c000-7f17c8a7c000 rw-p 00000000 00:00 0 
7f17c8a7c000-7f17c8a87000 r--p 00000000 b5:84fa2 180144849708731472      /home/mila/l/le.zhang/.conda/envs/ir/lib/python3.10/site-packages/jiter/jiter.cpython-310-x86_64-linux-gnu.so
7f17c8a87000-7f17c8afb000 r-xp 0000b000 b5:84fa2 180144849708731472      /home/mila/l/le.zhang/.conda/envs/ir/lib/python3.10/site-packages/jiter/jiter.cpython-310-x86_64-linux-gnu.so
7f17c8afb000-7f17c8b1b000 r--p 0007f000 b5:84fa2 180144849708731472      /home/mila/l/le.zhang/.conda/envs/ir/lib/python3.10/site-packages/jiter/jiter.cpython-310-x86_64-linux-gnu.so
7f17c8b1b000-7f17c8b22000 r--p 0009e000 b5:84fa2 180144849708731472      /home/mila/l/le.zhang/.conda/envs/ir/lib/python3.10/site-packages/jiter/jiter.cpython-310-x86_64-linux-gnu.so
7f17c8b22000-7f17c8b23000 rw-p 000a5000 b5:84fa2 180144849708731472      /home/mila/l/le.zhang/.conda/envs/ir/lib/python3.10/site-packages/jiter/jiter.cpython-310-x86_64-linux-gnu.so
7f17c8b23000-7f17c9823000 rw-p 00000000 00:00 0 
7f17c9823000-7f17c9833000 r--p 00000000 b5:84fa2 180144764732127172      /home/mila/l/le.zhang/.conda/envs/ir/lib/python3.10/site-packages/regex/_regex.cpython-310-x86_64-linux-gnu.so
7f17c9833000-7f17c986a000 r-xp 00010000 b5:84fa2 180144764732127172      /home/mila/l/le.zhang/.conda/envs/ir/lib/python3.10/site-packages/regex/_regex.cpython-310-x86_64-linux-gnu.so
7f17c986a000-7f17c98e0000 r--p 00047000 b5:84fa2 180144764732127172      /home/mila/l/le.zhang/.conda/envs/ir/lib/python3.10/site-packages/regex/_regex.cpython-310-x86_64-linux-gnu.so
7f17c98e0000-7f17c98e1000 r--p 000bc000 b5:84fa2 180144764732127172      /home/mila/l/le.zhang/.conda/envs/ir/lib/python3.10/site-packages/regex/_regex.cpython-310-x86_64-linux-gnu.so
7f17c98e1000-7f17c98ea000 rw-p 000bd000 b5:84fa2 180144764732127172      /home/mila/l/le.zhang/.conda/envs/ir/lib/python3.10/site-packages/regex/_regex.cpython-310-x86_64-linux-gnu.so
7f17c98ea000-7f17c9eea000 rw-p 00000000 00:00 0 
7f17c9eea000-7f17c9f2e000 r--p 00000000 b5:84fa2 180144849708729382      /home/mila/l/le.zhang/.conda/envs/ir/lib/python3.10/site-packages/pydantic_core/_pydantic_core.cpython-310-x86_64-linux-gnu.so
7f17c9f2e000-7f17ca238000 r-xp 00044000 b5:84fa2 180144849708729382      /home/mila/l/le.zhang/.conda/envs/ir/lib/python3.10/site-packages/pydantic_core/_pydantic_core.cpython-310-x86_64-linux-gnu.so
7f17ca238000-7f17ca33f000 r--p 0034e000 b5:84fa2 180144849708729382      /home/mila/l/le.zhang/.conda/envs/ir/lib/python3.10/site-packages/pydantic_core/_pydantic_core.cpython-310-x86_64-linux-gnu.so
7f17ca33f000-7f17ca373000 r--p 00454000 b5:84fa2 180144849708729382      /home/mila/l/le.zhang/.conda/envs/ir/lib/python3.10/site-packages/pydantic_core/_pydantic_core.cpython-310-x86_64-linux-gnu.so
7f17ca373000-7f17ca378000 rw-p 00488000 b5:84fa2 180144849708729382      /home/mila/l/le.zhang/.conda/envs/ir/lib/python3.10/site-packages/pydantic_core/_pydantic_core.cpython-310-x86_64-linux-gnu.so
7f17ca378000-7f17ca479000 rw-p 00000000 00:00 0 
7f17ca479000-7f17d149b000 ---p 00000000 00:00 0 
7f17d149b000-7f17d1c9b000 rw-p 00000000 00:00 0 
7f17d1c9b000-7f17d1c9e000 r--p 00000000 b5:84fa2 180144849708768432      /home/mila/l/le.zhang/.conda/envs/ir/lib/python3.10/site-packages/Cython/StringIOTree.cpython-310-x86_64-linux-gnu.so
7f17d1c9e000-7f17d1ca8000 r-xp 00003000 b5:84fa2 180144849708768432      /home/mila/l/le.zhang/.conda/envs/ir/lib/python3.10/site-packages/Cython/StringIOTree.cpython-310-x86_64-linux-gnu.so
7f17d1ca8000-7f17d1cab000 r--p 0000d000 b5:84fa2 180144849708768432      /home/mila/l/le.zhang/.conda/envs/ir/lib/python3.10/site-packages/Cython/StringIOTree.cpython-310-x86_64-linux-gnu.so
7f17d1cab000-7f17d1cac000 r--p 0000f000 b5:84fa2 180144849708768432      /home/mila/l/le.zhang/.conda/envs/ir/lib/python3.10/site-packages/Cython/StringIOTree.cpython-310-x86_64-linux-gnu.so
7f17d1cac000-7f17d1cad000 rw-p 00010000 b5:84fa2 180144849708768432      /home/mila/l/le.zhang/.conda/envs/ir/lib/python3.10/site-packages/Cython/StringIOTree.cpython-310-x86_64-linux-gnu.so
7f17d1cad000-7f17d1cae000 rw-p 00000000 00:00 0 
7f17d1cae000-7f17d1cb9000 r--p 00000000 b5:84fa2 180144849708768457      /home/mila/l/le.zhang/.conda/envs/ir/lib/python3.10/site-packages/Cython/Compiler/Code.cpython-310-x86_64-linux-gnu.so
7f17d1cb9000-7f17d1db5000 r-xp 0000b000 b5:84fa2 180144849708768457      /home/mila/l/le.zhang/.conda/envs/ir/lib/python3.10/site-packages/Cython/Compiler/Code.cpython-310-x86_64-linux-gnu.so
7f17d1db5000-7f17d1dd4000 r--p 00107000 b5:84fa2 180144849708768457      /home/mila/l/le.zhang/.conda/envs/ir/lib/python3.10/site-packages/Cython/Compiler/Code.cpython-310-x86_64-linux-gnu.so
7f17d1dd4000-7f17d1dd5000 r--p 00125000 b5:84fa2 180144849708768457      /home/mila/l/le.zhang/.conda/envs/ir/lib/python3.10/site-packages/Cython/Compiler/Code.cpython-310-x86_64-linux-gnu.so
7f17d1dd5000-7f17d1ddc000 rw-p 00126000 b5:84fa2 180144849708768457      /home/mila/l/le.zhang/.conda/envs/ir/lib/python3.10/site-packages/Cython/Compiler/Code.cpython-310-x86_64-linux-gnu.so
7f17d1ddc000-7f17d1de0000 rw-p 00000000 00:00 0 
7f17d1de0000-7f17d1de4000 r--p 00000000 b5:84fa2 180144849708768574      /home/mila/l/le.zhang/.conda/envs/ir/lib/python3.10/site-packages/Cython/Plex/Scanners.cpython-310-x86_64-linux-gnu.so
7f17d1de4000-7f17d1df3000 r-xp 00004000 b5:84fa2 180144849708768574      /home/mila/l/le.zhang/.conda/envs/ir/lib/python3.10/site-packages/Cython/Plex/Scanners.cpython-310-x86_64-linux-gnu.so
7f17d1df3000-7f17d1df7000 r--p 00013000 b5:84fa2 180144849708768574      /home/mila/l/le.zhang/.conda/envs/ir/lib/python3.10/site-packages/Cython/Plex/Scanners.cpython-310-x86_64-linux-gnu.so
7f17d1df7000-7f17d1df8000 r--p 00016000 b5:84fa2 180144849708768574      /home/mila/l/le.zhang/.conda/envs/ir/lib/python3.10/site-packages/Cython/Plex/Scanners.cpython-310-x86_64-linux-gnu.so
7f17d1df8000-7f17d1df9000 rw-p 00017000 b5:84fa2 180144849708768574      /home/mila/l/le.zhang/.conda/envs/ir/lib/python3.10/site-packages/Cython/Plex/Scanners.cpython-310-x86_64-linux-gnu.so
7f17d1df9000-7f17d1dfa000 rw-p 00000000 00:00 0 
7f17d1dfa000-7f17d1dff000 r--p 00000000 b5:84fa2 180144849708768582      /home/mila/l/le.zhang/.conda/envs/ir/lib/python3.10/site-packages/Cython/Plex/Machines.cpython-310-x86_64-linux-gnu.so
7f17d1dff000-7f17d1e18000 r-xp 00005000 b5:84fa2 180144849708768582      /home/mila/l/le.zhang/.conda/envs/ir/lib/python3.10/site-packages/Cython/Plex/Machines.cpython-310-x86_64-linux-gnu.so
7f17d1e18000-7f17d1e1d000 r--p 0001e000 b5:84fa2 180144849708768582      /home/mila/l/le.zhang/.conda/envs/ir/lib/python3.10/site-packages/Cython/Plex/Machines.cpython-310-x86_64-linux-gnu.so
7f17d1e1d000-7f17d1e1e000 r--p 00022000 b5:84fa2 180144849708768582      /home/mila/l/le.zhang/.conda/envs/ir/lib/python3.10/site-packages/Cython/Plex/Machines.cpython-310-x86_64-linux-gnu.so
7f17d1e1e000-7f17d1e20000 rw-p 00023000 b5:84fa2 180144849708768582      /home/mila/l/le.zhang/.conda/envs/ir/lib/python3.10/site-packages/Cython/Plex/Machines.cpython-310-x86_64-linux-gnu.so
7f17d1e20000-7f17d1e24000 r--p 00000000 b5:84fa2 180144849708768566      /home/mila/l/le.zhang/.conda/envs/ir/lib/python3.10/site-packages/Cython/Plex/Transitions.cpython-310-x86_64-linux-gnu.so
7f17d1e24000-7f17d1e38000 r-xp 00004000 b5:84fa2 180144849708768566      /home/mila/l/le.zhang/.conda/envs/ir/lib/python3.10/site-packages/Cython/Plex/Transitions.cpython-310-x86_64-linux-gnu.so
7f17d1e38000-7f17d1e3b000 r--p 00018000 b5:84fa2 180144849708768566      /home/mila/l/le.zhang/.conda/envs/ir/lib/python3.10/site-packages/Cython/Plex/Transitions.cpython-310-x86_64-linux-gnu.so
7f17d1e3b000-7f17d1e3c000 ---p 0001b000 b5:84fa2 180144849708768566      /home/mila/l/le.zhang/.conda/envs/ir/lib/python3.10/site-packages/Cython/Plex/Transitions.cpython-310-x86_64-linux-gnu.so
7f17d1e3c000-7f17d1e3d000 r--p 0001b000 b5:84fa2 180144849708768566      /home/mila/l/le.zhang/.conda/envs/ir/lib/python3.10/site-packages/Cython/Plex/Transitions.cpython-310-x86_64-linux-gnu.so
7f17d1e3d000-7f17d1e3e000 rw-p 0001c000 b5:84fa2 180144849708768566      /home/mila/l/le.zhang/.conda/envs/ir/lib/python3.10/site-packages/Cython/Plex/Transitions.cpython-310-x86_64-linux-gnu.so
7f17d1e3e000-7f17d1e3f000 rw-p 00000000 00:00 0 
7f17d1e3f000-7f17d1e43000 r--p 00000000 b5:84fa2 180144849708768578      /home/mila/l/le.zhang/.conda/envs/ir/lib/python3.10/site-packages/Cython/Plex/DFA.cpython-310-x86_64-linux-gnu.so
7f17d1e43000-7f17d1e54000 r-xp 00004000 b5:84fa2 180144849708768578      /home/mila/l/le.zhang/.conda/envs/ir/lib/python3.10/site-packages/Cython/Plex/DFA.cpython-310-x86_64-linux-gnu.so
7f17d1e54000-7f17d1e57000 r--p 00015000 b5:84fa2 180144849708768578      /home/mila/l/le.zhang/.conda/envs/ir/lib/python3.10/site-packages/Cython/Plex/DFA.cpython-310-x86_64-linux-gnu.so
7f17d1e57000-7f17d1e58000 ---p 00018000 b5:84fa2 180144849708768578      /home/mila/l/le.zhang/.conda/envs/ir/lib/python3.10/site-packages/Cython/Plex/DFA.cpython-310-x86_64-linux-gnu.so
7f17d1e58000-7f17d1e59000 r--p 00018000 b5:84fa2 180144849708768578      /home/mila/l/le.zhang/.conda/envs/ir/lib/python3.10/site-packages/Cython/Plex/DFA.cpython-310-x86_64-linux-gnu.so
7f17d1e59000-7f17d1e5a000 rw-p 00019000 b5:84fa2 180144849708768578      /home/mila/l/le.zhang/.conda/envs/ir/lib/python3.10/site-packages/Cython/Plex/DFA.cpython-310-x86_64-linux-gnu.so
7f17d1e5a000-7f17d1e5b000 rw-p 00000000 00:00 0 
7f17d1e5b000-7f17d1e61000 r--p 00000000 b5:84fa2 180144849708768470      /home/mila/l/le.zhang/.conda/envs/ir/lib/python3.10/site-packages/Cython/Compiler/Scanning.cpython-310-x86_64-linux-gnu.so
7f17d1e61000-7f17d1e97000 r-xp 00006000 b5:84fa2 180144849708768470      /home/mila/l/le.zhang/.conda/envs/ir/lib/python3.10/site-packages/Cython/Compiler/Scanning.cpython-310-x86_64-linux-gnu.so
7f17d1e97000-7f17d1ea0000 r--p 0003c000 b5:84fa2 180144849708768470      /home/mila/l/le.zhang/.conda/envs/ir/lib/python3.10/site-packages/Cython/Compiler/Scanning.cpython-310-x86_64-linux-gnu.so
7f17d1ea0000-7f17d1ea1000 r--p 00044000 b5:84fa2 180144849708768470      /home/mila/l/le.zhang/.conda/envs/ir/lib/python3.10/site-packages/Cython/Compiler/Scanning.cpython-310-x86_64-linux-gnu.so
7f17d1ea1000-7f17d1ea4000 rw-p 00045000 b5:84fa2 180144849708768470      /home/mila/l/le.zhang/.conda/envs/ir/lib/python3.10/site-packages/Cython/Compiler/Scanning.cpython-310-x86_64-linux-gnu.so
7f17d1ea4000-7f17d1ea5000 rw-p 00000000 00:00 0 
7f17d1ea5000-7f17d1eaa000 r--p 00000000 b5:84fa2 180144849708768436      /home/mila/l/le.zhang/.conda/envs/ir/lib/python3.10/site-packages/Cython/Utils.cpython-310-x86_64-linux-gnu.so
7f17d1eaa000-7f17d1ef2000 r-xp 00005000 b5:84fa2 180144849708768436      /home/mila/l/le.zhang/.conda/envs/ir/lib/python3.10/site-packages/Cython/Utils.cpython-310-x86_64-linux-gnu.so
7f17d1ef2000-7f17d1efb000 r--p 0004d000 b5:84fa2 180144849708768436      /home/mila/l/le.zhang/.conda/envs/ir/lib/python3.10/site-packages/Cython/Utils.cpython-310-x86_64-linux-gnu.so
7f17d1efb000-7f17d1efc000 r--p 00055000 b5:84fa2 180144849708768436      /home/mila/l/le.zhang/.conda/envs/ir/lib/python3.10/site-packages/Cython/Utils.cpython-310-x86_64-linux-gnu.so
7f17d1efc000-7f17d1eff000 rw-p 00056000 b5:84fa2 180144849708768436      /home/mila/l/le.zhang/.conda/envs/ir/lib/python3.10/site-packages/Cython/Utils.cpython-310-x86_64-linux-gnu.so
7f17d1eff000-7f17d3a00000 rw-p 00000000 00:00 0 
7f17d3a00000-7f17d3aa7000 r-xp 00000000 b5:84fa2 180144849708759465      /home/mila/l/le.zhang/.conda/envs/ir/lib/python3.10/site-packages/torchvision.libs/libcudart.41118559.so.12
7f17d3aa7000-7f17d3ca7000 ---p 000a7000 b5:84fa2 180144849708759465      /home/mila/l/le.zhang/.conda/envs/ir/lib/python3.10/site-packages/torchvision.libs/libcudart.41118559.so.12
7f17d3ca7000-7f17d3cac000 r--p 000a7000 b5:84fa2 180144849708759465      /home/mila/l/le.zhang/.conda/envs/ir/lib/python3.10/site-packages/torchvision.libs/libcudart.41118559.so.12
7f17d3cac000-7f17d3cad000 rw-p 000ac000 b5:84fa2 180144849708759465      /home/mila/l/le.zhang/.conda/envs/ir/lib/python3.10/site-packages/torchvision.libs/libcudart.41118559.so.12
7f17d3cad000-7f17d3caf000 rw-p 00000000 00:00 0 
7f17d3caf000-7f17d3cbf000 -w-s 00000000 00:05 1119                       /dev/nvidia2
7f17d3cbf000-7f17d3cc4000 r--p 00000000 b5:84fa2 162130525153156946      /home/mila/l/le.zhang/.conda/envs/ir/lib/python3.10/lib-dynload/pyexpat.cpython-310-x86_64-linux-gnu.so
7f17d3cc4000-7f17d3cf0000 r-xp 00005000 b5:84fa2 162130525153156946      /home/mila/l/le.zhang/.conda/envs/ir/lib/python3.10/lib-dynload/pyexpat.cpython-310-x86_64-linux-gnu.so
7f17d3cf0000-7f17d3cfc000 r--p 00031000 b5:84fa2 162130525153156946      /home/mila/l/le.zhang/.conda/envs/ir/lib/python3.10/lib-dynload/pyexpat.cpython-310-x86_64-linux-gnu.so
7f17d3cfc000-7f17d3cfe000 r--p 0003d000 b5:84fa2 162130525153156946      /home/mila/l/le.zhang/.conda/envs/ir/lib/python3.10/lib-dynload/pyexpat.cpython-310-x86_64-linux-gnu.so
7f17d3cfe000-7f17d3d00000 rw-p 0003f000 b5:84fa2 162130525153156946      /home/mila/l/le.zhang/.conda/envs/ir/lib/python3.10/lib-dynload/pyexpat.cpython-310-x86_64-linux-gnu.so
7f17d3d00000-7f17d3e00000 rw-p 00000000 00:00 0 
7f17d3e00000-7f17d445b000 r-xp 00000000 b5:84fa2 180144849708759466      /home/mila/l/le.zhang/.conda/envs/ir/lib/python3.10/site-packages/torchvision.libs/libnvjpeg.02b6d700.so.12
7f17d445b000-7f17d465b000 ---p 0065b000 b5:84fa2 180144849708759466      /home/mila/l/le.zhang/.conda/envs/ir/lib/python3.10/site-packages/torchvision.libs/libnvjpeg.02b6d700.so.12
7f17d465b000-7f17d4668000 r--p 0065b000 b5:84fa2 180144849708759466      /home/mila/l/le.zhang/.conda/envs/ir/lib/python3.10/site-packages/torchvision.libs/libnvjpeg.02b6d700.so.12
7f17d4668000-7f17d4669000 rw-p 00668000 b5:84fa2 180144849708759466      /home/mila/l/le.zhang/.conda/envs/ir/lib/python3.10/site-packages/torchvision.libs/libnvjpeg.02b6d700.so.12
7f17d4669000-7f17d466e000 rw-p 00000000 00:00 0 
7f17d466f000-7f17d4672000 r--p 00000000 b5:84fa2 180144849708768568      /home/mila/l/le.zhang/.conda/envs/ir/lib/python3.10/site-packages/Cython/Plex/Actions.cpython-310-x86_64-linux-gnu.so
7f17d4672000-7f17d467a000 r-xp 00003000 b5:84fa2 180144849708768568      /home/mila/l/le.zhang/.conda/envs/ir/lib/python3.10/site-packages/Cython/Plex/Actions.cpython-310-x86_64-linux-gnu.so
7f17d467a000-7f17d467d000 r--p 0000b000 b5:84fa2 180144849708768568      /home/mila/l/le.zhang/.conda/envs/ir/lib/python3.10/site-packages/Cython/Plex/Actions.cpython-310-x86_64-linux-gnu.so
7f17d467d000-7f17d467e000 r--p 0000d000 b5:84fa2 180144849708768568      /home/mila/l/le.zhang/.conda/envs/ir/lib/python3.10/site-packages/Cython/Plex/Actions.cpython-310-x86_64-linux-gnu.so
7f17d467e000-7f17d4680000 rw-p 0000e000 b5:84fa2 180144849708768568      /home/mila/l/le.zhang/.conda/envs/ir/lib/python3.10/site-packages/Cython/Plex/Actions.cpython-310-x86_64-linux-gnu.so
7f17d4680000-7f17d4685000 r--p 00000000 b5:84fa2 162130525153156937      /home/mila/l/le.zhang/.conda/envs/ir/lib/python3.10/lib-dynload/_elementtree.cpython-310-x86_64-linux-gnu.so
7f17d4685000-7f17d468e000 r-xp 00005000 b5:84fa2 162130525153156937      /home/mila/l/le.zhang/.conda/envs/ir/lib/python3.10/lib-dynload/_elementtree.cpython-310-x86_64-linux-gnu.so
7f17d468e000-7f17d4692000 r--p 0000e000 b5:84fa2 162130525153156937      /home/mila/l/le.zhang/.conda/envs/ir/lib/python3.10/lib-dynload/_elementtree.cpython-310-x86_64-linux-gnu.so
7f17d4692000-7f17d4693000 r--p 00011000 b5:84fa2 162130525153156937      /home/mila/l/le.zhang/.conda/envs/ir/lib/python3.10/lib-dynload/_elementtree.cpython-310-x86_64-linux-gnu.so
7f17d4693000-7f17d4695000 rw-p 00012000 b5:84fa2 162130525153156937      /home/mila/l/le.zhang/.conda/envs/ir/lib/python3.10/lib-dynload/_elementtree.cpython-310-x86_64-linux-gnu.so
7f17d4695000-7f17d4696000 r--p 00000000 b5:84fa2 180144849708759463      /home/mila/l/le.zhang/.conda/envs/ir/lib/python3.10/site-packages/torchvision.libs/libsharpyuv.5c41a003.so.0
7f17d4696000-7f17d469b000 r-xp 00001000 b5:84fa2 180144849708759463      /home/mila/l/le.zhang/.conda/envs/ir/lib/python3.10/site-packages/torchvision.libs/libsharpyuv.5c41a003.so.0
7f17d469b000-7f17d469c000 r--p 00006000 b5:84fa2 180144849708759463      /home/mila/l/le.zhang/.conda/envs/ir/lib/python3.10/site-packages/torchvision.libs/libsharpyuv.5c41a003.so.0
7f17d469c000-7f17d469d000 r--p 00006000 b5:84fa2 180144849708759463      /home/mila/l/le.zhang/.conda/envs/ir/lib/python3.10/site-packages/torchvision.libs/libsharpyuv.5c41a003.so.0
7f17d469d000-7f17d469e000 rw-p 00007000 b5:84fa2 180144849708759463      /home/mila/l/le.zhang/.conda/envs/ir/lib/python3.10/site-packages/torchvision.libs/libsharpyuv.5c41a003.so.0
7f17d469e000-7f17d469f000 rw-p 00000000 00:00 0 
7f17d469f000-7f17d46a2000 r--p 00000000 b5:84fa2 180144849708759464      /home/mila/l/le.zhang/.conda/envs/ir/lib/python3.10/site-packages/torchvision.libs/libz.d13a2644.so.1
7f17d46a2000-7f17d46b4000 r-xp 00003000 b5:84fa2 180144849708759464      /home/mila/l/le.zhang/.conda/envs/ir/lib/python3.10/site-packages/torchvision.libs/libz.d13a2644.so.1
7f17d46b4000-7f17d46bb000 r--p 00015000 b5:84fa2 180144849708759464      /home/mila/l/le.zhang/.conda/envs/ir/lib/python3.10/site-packages/torchvision.libs/libz.d13a2644.so.1
7f17d46bb000-7f17d46bc000 r--p 0001b000 b5:84fa2 180144849708759464      /home/mila/l/le.zhang/.conda/envs/ir/lib/python3.10/site-packages/torchvision.libs/libz.d13a2644.so.1
7f17d46bc000-7f17d46bd000 rw-p 0001c000 b5:84fa2 180144849708759464      /home/mila/l/le.zhang/.conda/envs/ir/lib/python3.10/site-packages/torchvision.libs/libz.d13a2644.so.1
7f17d46bd000-7f17d46c0000 r--p 00000000 b5:84fa2 180144849708759467      /home/mila/l/le.zhang/.conda/envs/ir/lib/python3.10/site-packages/torchvision.libs/libwebp.54a0d02a.so.7
7f17d46c0000-7f17d474a000 r-xp 00003000 b5:84fa2 180144849708759467      /home/mila/l/le.zhang/.conda/envs/ir/lib/python3.10/site-packages/torchvision.libs/libwebp.54a0d02a.so.7
7f17d474a000-7f17d475d000 r--p 0008d000 b5:84fa2 180144849708759467      /home/mila/l/le.zhang/.conda/envs/ir/lib/python3.10/site-packages/torchvision.libs/libwebp.54a0d02a.so.7
7f17d475d000-7f17d475e000 r--p 000a0000 b5:84fa2 180144849708759467      /home/mila/l/le.zhang/.conda/envs/ir/lib/python3.10/site-packages/torchvision.libs/libwebp.54a0d02a.so.7
7f17d475e000-7f17d475f000 rw-p 000a1000 b5:84fa2 180144849708759467      /home/mila/l/le.zhang/.conda/envs/ir/lib/python3.10/site-packages/torchvision.libs/libwebp.54a0d02a.so.7
7f17d475f000-7f17d4760000 rw-p 00000000 00:00 0 
7f17d4760000-7f17d4761000 rw-p 000ad000 b5:84fa2 180144849708759467      /home/mila/l/le.zhang/.conda/envs/ir/lib/python3.10/site-packages/torchvision.libs/libwebp.54a0d02a.so.7
7f17d4761000-7f17d4766000 r--p 00000000 b5:84fa2 180144849708759468      /home/mila/l/le.zhang/.conda/envs/ir/lib/python3.10/site-packages/torchvision.libs/libjpeg.1c1c4b09.so.8
7f17d4766000-7f17d47bb000 r-xp 00005000 b5:84fa2 180144849708759468      /home/mila/l/le.zhang/.conda/envs/ir/lib/python3.10/site-packages/torchvision.libs/libjpeg.1c1c4b09.so.8
7f17d47bb000-7f17d47f6000 r--p 0005a000 b5:84fa2 180144849708759468      /home/mila/l/le.zhang/.conda/envs/ir/lib/python3.10/site-packages/torchvision.libs/libjpeg.1c1c4b09.so.8
7f17d47f6000-7f17d47f7000 r--p 00094000 b5:84fa2 180144849708759468      /home/mila/l/le.zhang/.conda/envs/ir/lib/python3.10/site-packages/torchvision.libs/libjpeg.1c1c4b09.so.8
7f17d47f7000-7f17d47f8000 rw-p 00095000 b5:84fa2 180144849708759468      /home/mila/l/le.zhang/.conda/envs/ir/lib/python3.10/site-packages/torchvision.libs/libjpeg.1c1c4b09.so.8
7f17d47f8000-7f17d47fe000 r--p 00000000 b5:84fa2 180144849708759469      /home/mila/l/le.zhang/.conda/envs/ir/lib/python3.10/site-packages/torchvision.libs/libpng16.0364a1db.so.16
7f17d47fe000-7f17d4827000 r-xp 00006000 b5:84fa2 180144849708759469      /home/mila/l/le.zhang/.conda/envs/ir/lib/python3.10/site-packages/torchvision.libs/libpng16.0364a1db.so.16
7f17d4827000-7f17d4832000 r--p 0002f000 b5:84fa2 180144849708759469      /home/mila/l/le.zhang/.conda/envs/ir/lib/python3.10/site-packages/torchvision.libs/libpng16.0364a1db.so.16
7f17d4832000-7f17d4833000 ---p 0003a000 b5:84fa2 180144849708759469      /home/mila/l/le.zhang/.conda/envs/ir/lib/python3.10/site-packages/torchvision.libs/libpng16.0364a1db.so.16
7f17d4833000-7f17d4834000 r--p 0003a000 b5:84fa2 180144849708759469      /home/mila/l/le.zhang/.conda/envs/ir/lib/python3.10/site-packages/torchvision.libs/libpng16.0364a1db.so.16
7f17d4834000-7f17d4835000 rw-p 0003b000 b5:84fa2 180144849708759469      /home/mila/l/le.zhang/.conda/envs/ir/lib/python3.10/site-packages/torchvision.libs/libpng16.0364a1db.so.16
7f17d4835000-7f17d4838000 rw-p 00042000 b5:84fa2 180144849708759469      /home/mila/l/le.zhang/.conda/envs/ir/lib/python3.10/site-packages/torchvision.libs/libpng16.0364a1db.so.16
7f17d4838000-7f17d484e000 r--p 00000000 b5:84fa2 180144849708759473      /home/mila/l/le.zhang/.conda/envs/ir/lib/python3.10/site-packages/torchvision/image.so
7f17d484e000-7f17d487a000 r-xp 00016000 b5:84fa2 180144849708759473      /home/mila/l/le.zhang/.conda/envs/ir/lib/python3.10/site-packages/torchvision/image.so
7f17d487a000-7f17d488b000 r--p 00042000 b5:84fa2 180144849708759473      /home/mila/l/le.zhang/.conda/envs/ir/lib/python3.10/site-packages/torchvision/image.so
7f17d488b000-7f17d488c000 r--p 00053000 b5:84fa2 180144849708759473      /home/mila/l/le.zhang/.conda/envs/ir/lib/python3.10/site-packages/torchvision/image.so
7f17d488c000-7f17d488d000 rw-p 00054000 b5:84fa2 180144849708759473      /home/mila/l/le.zhang/.conda/envs/ir/lib/python3.10/site-packages/torchvision/image.so
7f17d488d000-7f17d488e000 rw-p 00000000 00:00 0 
7f17d488e000-7f17d489a000 rw-p 0006b000 b5:84fa2 180144849708759473      /home/mila/l/le.zhang/.conda/envs/ir/lib/python3.10/site-packages/torchvision/image.so
7f17d489a000-7f17d48a5000 rw-p 00077000 b5:84fa2 180144849708759473      /home/mila/l/le.zhang/.conda/envs/ir/lib/python3.10/site-packages/torchvision/image.so
7f17d48a5000-7f17d48b0000 rw-p 00082000 b5:84fa2 180144849708759473      /home/mila/l/le.zhang/.conda/envs/ir/lib/python3.10/site-packages/torchvision/image.so
7f17d48b0000-7f17d48bb000 rw-p 0008d000 b5:84fa2 180144849708759473      /home/mila/l/le.zhang/.conda/envs/ir/lib/python3.10/site-packages/torchvision/image.so
7f17d48bb000-7f17d48c6000 rw-p 00098000 b5:84fa2 180144849708759473      /home/mila/l/le.zhang/.conda/envs/ir/lib/python3.10/site-packages/torchvision/image.so
7f17d48c6000-7f17d48c8000 r--p 00000000 b5:84fa2 162130525153158239      /home/mila/l/le.zhang/.conda/envs/ir/lib/libfribidi.so.0.4.0
7f17d48c8000-7f17d48ce000 r-xp 00002000 b5:84fa2 162130525153158239      /home/mila/l/le.zhang/.conda/envs/ir/lib/libfribidi.so.0.4.0
7f17d48ce000-7f17d48e4000 r--p 00008000 b5:84fa2 162130525153158239      /home/mila/l/le.zhang/.conda/envs/ir/lib/libfribidi.so.0.4.0
7f17d48e4000-7f17d48e5000 r--p 0001d000 b5:84fa2 162130525153158239      /home/mila/l/le.zhang/.conda/envs/ir/lib/libfribidi.so.0.4.0
7f17d48e5000-7f17d48e6000 rw-p 0001e000 b5:84fa2 162130525153158239      /home/mila/l/le.zhang/.conda/envs/ir/lib/libfribidi.so.0.4.0
7f17d48e6000-7f17d48e7000 r--p 00000000 b5:84fa2 180144835968132617      /home/mila/l/le.zhang/.conda/envs/ir/lib/python3.10/site-packages/pillow.libs/libbrotlicommon-3ecfe81c.so.1
7f17d48e7000-7f17d48e8000 r-xp 00001000 b5:84fa2 180144835968132617      /home/mila/l/le.zhang/.conda/envs/ir/lib/python3.10/site-packages/pillow.libs/libbrotlicommon-3ecfe81c.so.1
7f17d48e8000-7f17d4907000 r--p 00002000 b5:84fa2 180144835968132617      /home/mila/l/le.zhang/.conda/envs/ir/lib/python3.10/site-packages/pillow.libs/libbrotlicommon-3ecfe81c.so.1
7f17d4907000-7f17d4908000 ---p 00021000 b5:84fa2 180144835968132617      /home/mila/l/le.zhang/.conda/envs/ir/lib/python3.10/site-packages/pillow.libs/libbrotlicommon-3ecfe81c.so.1
7f17d4908000-7f17d4909000 r--p 00021000 b5:84fa2 180144835968132617      /home/mila/l/le.zhang/.conda/envs/ir/lib/python3.10/site-packages/pillow.libs/libbrotlicommon-3ecfe81c.so.1
7f17d4909000-7f17d490a000 rw-p 00022000 b5:84fa2 180144835968132617      /home/mila/l/le.zhang/.conda/envs/ir/lib/python3.10/site-packages/pillow.libs/libbrotlicommon-3ecfe81c.so.1
7f17d490a000-7f17d490b000 rw-p 00023000 b5:84fa2 180144835968132617      /home/mila/l/le.zhang/.conda/envs/ir/lib/python3.10/site-packages/pillow.libs/libbrotlicommon-3ecfe81c.so.1
7f17d490b000-7f17d490c000 r--p 00000000 b5:84fa2 180144835968132624      /home/mila/l/le.zhang/.conda/envs/ir/lib/python3.10/site-packages/pillow.libs/libbrotlidec-ba690955.so.1
7f17d490c000-7f17d4914000 r-xp 00001000 b5:84fa2 180144835968132624      /home/mila/l/le.zhang/.conda/envs/ir/lib/python3.10/site-packages/pillow.libs/libbrotlidec-ba690955.so.1
7f17d4914000-7f17d4917000 r--p 00009000 b5:84fa2 180144835968132624      /home/mila/l/le.zhang/.conda/envs/ir/lib/python3.10/site-packages/pillow.libs/libbrotlidec-ba690955.so.1
7f17d4917000-7f17d4918000 r--p 0000b000 b5:84fa2 180144835968132624      /home/mila/l/le.zhang/.conda/envs/ir/lib/python3.10/site-packages/pillow.libs/libbrotlidec-ba690955.so.1
7f17d4918000-7f17d4919000 rw-p 0000c000 b5:84fa2 180144835968132624      /home/mila/l/le.zhang/.conda/envs/ir/lib/python3.10/site-packages/pillow.libs/libbrotlidec-ba690955.so.1
7f17d4919000-7f17d491a000 rw-p 0000d000 b5:84fa2 180144835968132624      /home/mila/l/le.zhang/.conda/envs/ir/lib/python3.10/site-packages/pillow.libs/libbrotlidec-ba690955.so.1
7f17d491a000-7f17d491b000 rw-p 0000e000 b5:84fa2 180144835968132624      /home/mila/l/le.zhang/.conda/envs/ir/lib/python3.10/site-packages/pillow.libs/libbrotlidec-ba690955.so.1
7f17d491b000-7f17d4920000 r--p 00000000 b5:84fa2 180144835968132615      /home/mila/l/le.zhang/.conda/envs/ir/lib/python3.10/site-packages/pillow.libs/libpng16-4cc6a9fc.so.16.44.0
7f17d4920000-7f17d4953000 r-xp 00005000 b5:84fa2 180144835968132615      /home/mila/l/le.zhang/.conda/envs/ir/lib/python3.10/site-packages/pillow.libs/libpng16-4cc6a9fc.so.16.44.0
7f17d4953000-7f17d495d000 r--p 00038000 b5:84fa2 180144835968132615      /home/mila/l/le.zhang/.conda/envs/ir/lib/python3.10/site-packages/pillow.libs/libpng16-4cc6a9fc.so.16.44.0
7f17d495d000-7f17d495e000 r--p 00041000 b5:84fa2 180144835968132615      /home/mila/l/le.zhang/.conda/envs/ir/lib/python3.10/site-packages/pillow.libs/libpng16-4cc6a9fc.so.16.44.0
7f17d495e000-7f17d495f000 rw-p 00042000 b5:84fa2 180144835968132615      /home/mila/l/le.zhang/.conda/envs/ir/lib/python3.10/site-packages/pillow.libs/libpng16-4cc6a9fc.so.16.44.0
7f17d495f000-7f17d4961000 rw-p 00043000 b5:84fa2 180144835968132615      /home/mila/l/le.zhang/.conda/envs/ir/lib/python3.10/site-packages/pillow.libs/libpng16-4cc6a9fc.so.16.44.0
7f17d4961000-7f17d496d000 r--p 00000000 b5:84fa2 180144835968132613      /home/mila/l/le.zhang/.conda/envs/ir/lib/python3.10/site-packages/pillow.libs/libharfbuzz-144af51e.so.0
7f17d496d000-7f17d4a9b000 r-xp 0000c000 b5:84fa2 180144835968132613      /home/mila/l/le.zhang/.conda/envs/ir/lib/python3.10/site-packages/pillow.libs/libharfbuzz-144af51e.so.0
7f17d4a9b000-7f17d4ad6000 r--p 0013a000 b5:84fa2 180144835968132613      /home/mila/l/le.zhang/.conda/envs/ir/lib/python3.10/site-packages/pillow.libs/libharfbuzz-144af51e.so.0
7f17d4ad6000-7f17d4ad7000 ---p 00175000 b5:84fa2 180144835968132613      /home/mila/l/le.zhang/.conda/envs/ir/lib/python3.10/site-packages/pillow.libs/libharfbuzz-144af51e.so.0
7f17d4ad7000-7f17d4ad8000 r--p 00175000 b5:84fa2 180144835968132613      /home/mila/l/le.zhang/.conda/envs/ir/lib/python3.10/site-packages/pillow.libs/libharfbuzz-144af51e.so.0
7f17d4ad8000-7f17d4ad9000 rw-p 00176000 b5:84fa2 180144835968132613      /home/mila/l/le.zhang/.conda/envs/ir/lib/python3.10/site-packages/pillow.libs/libharfbuzz-144af51e.so.0
7f17d4ad9000-7f17d4ada000 rw-p 00000000 00:00 0 
7f17d4ada000-7f17d4ae0000 rw-p 00179000 b5:84fa2 180144835968132613      /home/mila/l/le.zhang/.conda/envs/ir/lib/python3.10/site-packages/pillow.libs/libharfbuzz-144af51e.so.0
7f17d4ae0000-7f17d4ae4000 rw-p 0017f000 b5:84fa2 180144835968132613      /home/mila/l/le.zhang/.conda/envs/ir/lib/python3.10/site-packages/pillow.libs/libharfbuzz-144af51e.so.0
7f17d4ae4000-7f17d4af2000 r--p 00000000 b5:84fa2 180144835968132619      /home/mila/l/le.zhang/.conda/envs/ir/lib/python3.10/site-packages/pillow.libs/libfreetype-e7d5437d.so.6.20.1
7f17d4af2000-7f17d4bba000 r-xp 0000e000 b5:84fa2 180144835968132619      /home/mila/l/le.zhang/.conda/envs/ir/lib/python3.10/site-packages/pillow.libs/libfreetype-e7d5437d.so.6.20.1
7f17d4bba000-7f17d4be6000 r--p 000d6000 b5:84fa2 180144835968132619      /home/mila/l/le.zhang/.conda/envs/ir/lib/python3.10/site-packages/pillow.libs/libfreetype-e7d5437d.so.6.20.1
7f17d4be6000-7f17d4bed000 r--p 00101000 b5:84fa2 180144835968132619      /home/mila/l/le.zhang/.conda/envs/ir/lib/python3.10/site-packages/pillow.libs/libfreetype-e7d5437d.so.6.20.1
7f17d4bed000-7f17d4bef000 rw-p 00108000 b5:84fa2 180144835968132619      /home/mila/l/le.zhang/.conda/envs/ir/lib/python3.10/site-packages/pillow.libs/libfreetype-e7d5437d.so.6.20.1
7f17d4bef000-7f17d4bf1000 rw-p 00158000 b5:84fa2 180144835968132619      /home/mila/l/le.zhang/.conda/envs/ir/lib/python3.10/site-packages/pillow.libs/libfreetype-e7d5437d.so.6.20.1
7f17d4bf1000-7f17d4bf3000 rw-p 0015a000 b5:84fa2 180144835968132619      /home/mila/l/le.zhang/.conda/envs/ir/lib/python3.10/site-packages/pillow.libs/libfreetype-e7d5437d.so.6.20.1
7f17d4bf3000-7f17d4bf7000 r--p 00000000 b5:84fa2 180144835968132603      /home/mila/l/le.zhang/.conda/envs/ir/lib/python3.10/site-packages/PIL/_imagingft.cpython-310-x86_64-linux-gnu.so
7f17d4bf7000-7f17d4bff000 r-xp 00004000 b5:84fa2 180144835968132603      /home/mila/l/le.zhang/.conda/envs/ir/lib/python3.10/site-packages/PIL/_imagingft.cpython-310-x86_64-linux-gnu.so
7f17d4bff000-7f17d4c01000 r--p 0000c000 b5:84fa2 180144835968132603      /home/mila/l/le.zhang/.conda/envs/ir/lib/python3.10/site-packages/PIL/_imagingft.cpython-310-x86_64-linux-gnu.so
7f17d4c01000-7f17d4c02000 ---p 0000e000 b5:84fa2 180144835968132603      /home/mila/l/le.zhang/.conda/envs/ir/lib/python3.10/site-packages/PIL/_imagingft.cpython-310-x86_64-linux-gnu.so
7f17d4c02000-7f17d4c03000 r--p 0000e000 b5:84fa2 180144835968132603      /home/mila/l/le.zhang/.conda/envs/ir/lib/python3.10/site-packages/PIL/_imagingft.cpython-310-x86_64-linux-gnu.so
7f17d4c03000-7f17d4c04000 rw-p 0000f000 b5:84fa2 180144835968132603      /home/mila/l/le.zhang/.conda/envs/ir/lib/python3.10/site-packages/PIL/_imagingft.cpython-310-x86_64-linux-gnu.so
7f17d4c04000-7f17d4c05000 rw-p 00044000 b5:84fa2 180144835968132603      /home/mila/l/le.zhang/.conda/envs/ir/lib/python3.10/site-packages/PIL/_imagingft.cpython-310-x86_64-linux-gnu.so
7f17d4c05000-7f17d4c06000 rw-p 00045000 b5:84fa2 180144835968132603      /home/mila/l/le.zhang/.conda/envs/ir/lib/python3.10/site-packages/PIL/_imagingft.cpython-310-x86_64-linux-gnu.so
7f17d4c06000-7f17d4c72000 r--p 00000000 b5:84fa2 180144849708759479      /home/mila/l/le.zhang/.conda/envs/ir/lib/python3.10/site-packages/torchvision/_C.so
7f17d4c72000-7f17d4d89000 r-xp 0006c000 b5:84fa2 180144849708759479      /home/mila/l/le.zhang/.conda/envs/ir/lib/python3.10/site-packages/torchvision/_C.so
7f17d4d89000-7f17d52d0000 r--p 00183000 b5:84fa2 180144849708759479      /home/mila/l/le.zhang/.conda/envs/ir/lib/python3.10/site-packages/torchvision/_C.so
7f17d52d0000-7f17d52d3000 r--p 006c9000 b5:84fa2 180144849708759479      /home/mila/l/le.zhang/.conda/envs/ir/lib/python3.10/site-packages/torchvision/_C.so
7f17d52d3000-7f17d52d8000 rw-p 006cc000 b5:84fa2 180144849708759479      /home/mila/l/le.zhang/.conda/envs/ir/lib/python3.10/site-packages/torchvision/_C.so
7f17d52d8000-7f17d62d9000 rw-p 00000000 00:00 0 
7f17d62d9000-7f17d66d5000 r--p 00000000 b5:84fa2 180144849708725955      /home/mila/l/le.zhang/.conda/envs/ir/lib/python3.10/site-packages/triton/_C/libtriton.so
7f17d66d5000-7f17dadc4000 r-xp 003fc000 b5:84fa2 180144849708725955      /home/mila/l/le.zhang/.conda/envs/ir/lib/python3.10/site-packages/triton/_C/libtriton.so
7f17dadc4000-7f17dda0a000 r--p 04aeb000 b5:84fa2 180144849708725955      /home/mila/l/le.zhang/.conda/envs/ir/lib/python3.10/site-packages/triton/_C/libtriton.so
7f17dda0a000-7f17ddc2b000 r--p 07730000 b5:84fa2 180144849708725955      /home/mila/l/le.zhang/.conda/envs/ir/lib/python3.10/site-packages/triton/_C/libtriton.so
7f17ddc2b000-7f17ddc48000 rw-p 07951000 b5:84fa2 180144849708725955      /home/mila/l/le.zhang/.conda/envs/ir/lib/python3.10/site-packages/triton/_C/libtriton.so
7f17ddc48000-7f17ddec7000 rw-p 00000000 00:00 0 
7f17ddec7000-7f17ddeca000 r--p 00000000 b5:84fa2 162130525153156896      /home/mila/l/le.zhang/.conda/envs/ir/lib/python3.10/lib-dynload/termios.cpython-310-x86_64-linux-gnu.so
7f17ddeca000-7f17ddecb000 r-xp 00003000 b5:84fa2 162130525153156896      /home/mila/l/le.zhang/.conda/envs/ir/lib/python3.10/lib-dynload/termios.cpython-310-x86_64-linux-gnu.so
7f17ddecb000-7f17ddecd000 r--p 00004000 b5:84fa2 162130525153156896      /home/mila/l/le.zhang/.conda/envs/ir/lib/python3.10/lib-dynload/termios.cpython-310-x86_64-linux-gnu.so
7f17ddecd000-7f17ddece000 r--p 00005000 b5:84fa2 162130525153156896      /home/mila/l/le.zhang/.conda/envs/ir/lib/python3.10/lib-dynload/termios.cpython-310-x86_64-linux-gnu.so
7f17ddece000-7f17dded0000 rw-p 00006000 b5:84fa2 162130525153156896      /home/mila/l/le.zhang/.conda/envs/ir/lib/python3.10/lib-dynload/termios.cpython-310-x86_64-linux-gnu.so
7f17dded0000-7f17df5d0000 rw-p 00000000 00:00 0 
7f17df5d0000-7f17df5dd000 r--p 00000000 b5:84fa2 180144764732121497      /home/mila/l/le.zhang/.conda/envs/ir/lib/python3.10/site-packages/safetensors/_safetensors_rust.cpython-310-x86_64-linux-gnu.so
7f17df5dd000-7f17df669000 r-xp 0000d000 b5:84fa2 180144764732121497      /home/mila/l/le.zhang/.conda/envs/ir/lib/python3.10/site-packages/safetensors/_safetensors_rust.cpython-310-x86_64-linux-gnu.so
7f17df669000-7f17df691000 r--p 00099000 b5:84fa2 180144764732121497      /home/mila/l/le.zhang/.conda/envs/ir/lib/python3.10/site-packages/safetensors/_safetensors_rust.cpython-310-x86_64-linux-gnu.so
7f17df691000-7f17df692000 ---p 000c1000 b5:84fa2 180144764732121497      /home/mila/l/le.zhang/.conda/envs/ir/lib/python3.10/site-packages/safetensors/_safetensors_rust.cpython-310-x86_64-linux-gnu.so
7f17df692000-7f17df699000 r--p 000c1000 b5:84fa2 180144764732121497      /home/mila/l/le.zhang/.conda/envs/ir/lib/python3.10/site-packages/safetensors/_safetensors_rust.cpython-310-x86_64-linux-gnu.so
7f17df699000-7f17df69a000 rw-p 000c8000 b5:84fa2 180144764732121497      /home/mila/l/le.zhang/.conda/envs/ir/lib/python3.10/site-packages/safetensors/_safetensors_rust.cpython-310-x86_64-linux-gnu.so
7f17df69a000-7f17df79a000 rw-p 00000000 00:00 0 
7f17df79a000-7f17df79f000 r--p 00000000 b5:84fa2 180144849708768955      /home/mila/l/le.zhang/.conda/envs/ir/lib/python3.10/site-packages/sklearn/metrics/_pairwise_fast.cpython-310-x86_64-linux-gnu.so
7f17df79f000-7f17df7d6000 r-xp 00005000 b5:84fa2 180144849708768955      /home/mila/l/le.zhang/.conda/envs/ir/lib/python3.10/site-packages/sklearn/metrics/_pairwise_fast.cpython-310-x86_64-linux-gnu.so
7f17df7d6000-7f17df7de000 r--p 0003c000 b5:84fa2 180144849708768955      /home/mila/l/le.zhang/.conda/envs/ir/lib/python3.10/site-packages/sklearn/metrics/_pairwise_fast.cpython-310-x86_64-linux-gnu.so
7f17df7de000-7f17df7df000 r--p 00043000 b5:84fa2 180144849708768955      /home/mila/l/le.zhang/.conda/envs/ir/lib/python3.10/site-packages/sklearn/metrics/_pairwise_fast.cpython-310-x86_64-linux-gnu.so
7f17df7df000-7f17df7e1000 rw-p 00044000 b5:84fa2 180144849708768955      /home/mila/l/le.zhang/.conda/envs/ir/lib/python3.10/site-packages/sklearn/metrics/_pairwise_fast.cpython-310-x86_64-linux-gnu.so
7f17df7e1000-7f17df7e2000 rw-p 00000000 00:00 0 
7f17df7e2000-7f17df7e4000 rw-p 0004f000 b5:84fa2 180144849708768955      /home/mila/l/le.zhang/.conda/envs/ir/lib/python3.10/site-packages/sklearn/metrics/_pairwise_fast.cpython-310-x86_64-linux-gnu.so
7f17df7e4000-7f17df7e5000 rw-p 00051000 b5:84fa2 180144849708768955      /home/mila/l/le.zhang/.conda/envs/ir/lib/python3.10/site-packages/sklearn/metrics/_pairwise_fast.cpython-310-x86_64-linux-gnu.so
7f17df7e5000-7f17df7ea000 r--p 00000000 b5:84fa2 180144849708769012      /home/mila/l/le.zhang/.conda/envs/ir/lib/python3.10/site-packages/sklearn/metrics/_pairwise_distances_reduction/_radius_neighbors_classmode.cpython-310-x86_64-linux-gnu.so
7f17df7ea000-7f17df81c000 r-xp 00005000 b5:84fa2 180144849708769012      /home/mila/l/le.zhang/.conda/envs/ir/lib/python3.10/site-packages/sklearn/metrics/_pairwise_distances_reduction/_radius_neighbors_classmode.cpython-310-x86_64-linux-gnu.so
7f17df81c000-7f17df825000 r--p 00037000 b5:84fa2 180144849708769012      /home/mila/l/le.zhang/.conda/envs/ir/lib/python3.10/site-packages/sklearn/metrics/_pairwise_distances_reduction/_radius_neighbors_classmode.cpython-310-x86_64-linux-gnu.so
7f17df825000-7f17df826000 r--p 0003f000 b5:84fa2 180144849708769012      /home/mila/l/le.zhang/.conda/envs/ir/lib/python3.10/site-packages/sklearn/metrics/_pairwise_distances_reduction/_radius_neighbors_classmode.cpython-310-x86_64-linux-gnu.so
7f17df826000-7f17df828000 rw-p 00040000 b5:84fa2 180144849708769012      /home/mila/l/le.zhang/.conda/envs/ir/lib/python3.10/site-packages/sklearn/metrics/_pairwise_distances_reduction/_radius_neighbors_classmode.cpython-310-x86_64-linux-gnu.so
7f17df828000-7f17df829000 rw-p 00000000 00:00 0 
7f17df829000-7f17df82b000 rw-p 00051000 b5:84fa2 180144849708769012      /home/mila/l/le.zhang/.conda/envs/ir/lib/python3.10/site-packages/sklearn/metrics/_pairwise_distances_reduction/_radius_neighbors_classmode.cpython-310-x86_64-linux-gnu.so
7f17df82b000-7f17df82c000 rw-p 00053000 b5:84fa2 180144849708769012      /home/mila/l/le.zhang/.conda/envs/ir/lib/python3.10/site-packages/sklearn/metrics/_pairwise_distances_reduction/_radius_neighbors_classmode.cpython-310-x86_64-linux-gnu.so
7f17df82c000-7f17df833000 r--p 00000000 b5:84fa2 180144849708769007      /home/mila/l/le.zhang/.conda/envs/ir/lib/python3.10/site-packages/sklearn/metrics/_pairwise_distances_reduction/_radius_neighbors.cpython-310-x86_64-linux-gnu.so
7f17df833000-7f17df871000 r-xp 00007000 b5:84fa2 180144849708769007      /home/mila/l/le.zhang/.conda/envs/ir/lib/python3.10/site-packages/sklearn/metrics/_pairwise_distances_reduction/_radius_neighbors.cpython-310-x86_64-linux-gnu.so
7f17df871000-7f17df87d000 r--p 00045000 b5:84fa2 180144849708769007      /home/mila/l/le.zhang/.conda/envs/ir/lib/python3.10/site-packages/sklearn/metrics/_pairwise_distances_reduction/_radius_neighbors.cpython-310-x86_64-linux-gnu.so
7f17df87d000-7f17df87e000 ---p 00051000 b5:84fa2 180144849708769007      /home/mila/l/le.zhang/.conda/envs/ir/lib/python3.10/site-packages/sklearn/metrics/_pairwise_distances_reduction/_radius_neighbors.cpython-310-x86_64-linux-gnu.so
7f17df87e000-7f17df87f000 r--p 00051000 b5:84fa2 180144849708769007      /home/mila/l/le.zhang/.conda/envs/ir/lib/python3.10/site-packages/sklearn/metrics/_pairwise_distances_reduction/_radius_neighbors.cpython-310-x86_64-linux-gnu.so
7f17df87f000-7f17df882000 rw-p 00052000 b5:84fa2 180144849708769007      /home/mila/l/le.zhang/.conda/envs/ir/lib/python3.10/site-packages/sklearn/metrics/_pairwise_distances_reduction/_radius_neighbors.cpython-310-x86_64-linux-gnu.so
7f17df882000-7f17df883000 rw-p 00000000 00:00 0 
7f17df883000-7f17df885000 rw-p 00069000 b5:84fa2 180144849708769007      /home/mila/l/le.zhang/.conda/envs/ir/lib/python3.10/site-packages/sklearn/metrics/_pairwise_distances_reduction/_radius_neighbors.cpython-310-x86_64-linux-gnu.so
7f17df885000-7f17df887000 rw-p 0006b000 b5:84fa2 180144849708769007      /home/mila/l/le.zhang/.conda/envs/ir/lib/python3.10/site-packages/sklearn/metrics/_pairwise_distances_reduction/_radius_neighbors.cpython-310-x86_64-linux-gnu.so
7f17df887000-7f17df88c000 r--p 00000000 b5:84fa2 180144849708769016      /home/mila/l/le.zhang/.conda/envs/ir/lib/python3.10/site-packages/sklearn/metrics/_pairwise_distances_reduction/_argkmin_classmode.cpython-310-x86_64-linux-gnu.so
7f17df88c000-7f17df8ba000 r-xp 00005000 b5:84fa2 180144849708769016      /home/mila/l/le.zhang/.conda/envs/ir/lib/python3.10/site-packages/sklearn/metrics/_pairwise_distances_reduction/_argkmin_classmode.cpython-310-x86_64-linux-gnu.so
7f17df8ba000-7f17df8c3000 r--p 00033000 b5:84fa2 180144849708769016      /home/mila/l/le.zhang/.conda/envs/ir/lib/python3.10/site-packages/sklearn/metrics/_pairwise_distances_reduction/_argkmin_classmode.cpython-310-x86_64-linux-gnu.so
7f17df8c3000-7f17df8c4000 r--p 0003b000 b5:84fa2 180144849708769016      /home/mila/l/le.zhang/.conda/envs/ir/lib/python3.10/site-packages/sklearn/metrics/_pairwise_distances_reduction/_argkmin_classmode.cpython-310-x86_64-linux-gnu.so
7f17df8c4000-7f17df8c6000 rw-p 0003c000 b5:84fa2 180144849708769016      /home/mila/l/le.zhang/.conda/envs/ir/lib/python3.10/site-packages/sklearn/metrics/_pairwise_distances_reduction/_argkmin_classmode.cpython-310-x86_64-linux-gnu.so
7f17df8c6000-7f17df8c7000 rw-p 00000000 00:00 0 
7f17df8c7000-7f17df8c9000 rw-p 0004b000 b5:84fa2 180144849708769016      /home/mila/l/le.zhang/.conda/envs/ir/lib/python3.10/site-packages/sklearn/metrics/_pairwise_distances_reduction/_argkmin_classmode.cpython-310-x86_64-linux-gnu.so
7f17df8c9000-7f17df8ca000 rw-p 0004d000 b5:84fa2 180144849708769016      /home/mila/l/le.zhang/.conda/envs/ir/lib/python3.10/site-packages/sklearn/metrics/_pairwise_distances_reduction/_argkmin_classmode.cpython-310-x86_64-linux-gnu.so
7f17df8ca000-7f17df8d0000 r--p 00000000 b5:84fa2 180144849708768994      /home/mila/l/le.zhang/.conda/envs/ir/lib/python3.10/site-packages/sklearn/metrics/_pairwise_distances_reduction/_middle_term_computer.cpython-310-x86_64-linux-gnu.so
7f17df8d0000-7f17df926000 r-xp 00006000 b5:84fa2 180144849708768994      /home/mila/l/le.zhang/.conda/envs/ir/lib/python3.10/site-packages/sklearn/metrics/_pairwise_distances_reduction/_middle_term_computer.cpython-310-x86_64-linux-gnu.so
7f17df926000-7f17df935000 r--p 0005c000 b5:84fa2 180144849708768994      /home/mila/l/le.zhang/.conda/envs/ir/lib/python3.10/site-packages/sklearn/metrics/_pairwise_distances_reduction/_middle_term_computer.cpython-310-x86_64-linux-gnu.so
7f17df935000-7f17df936000 r--p 0006a000 b5:84fa2 180144849708768994      /home/mila/l/le.zhang/.conda/envs/ir/lib/python3.10/site-packages/sklearn/metrics/_pairwise_distances_reduction/_middle_term_computer.cpython-310-x86_64-linux-gnu.so
7f17df936000-7f17df939000 rw-p 0006b000 b5:84fa2 180144849708768994      /home/mila/l/le.zhang/.conda/envs/ir/lib/python3.10/site-packages/sklearn/metrics/_pairwise_distances_reduction/_middle_term_computer.cpython-310-x86_64-linux-gnu.so
7f17df939000-7f17df93a000 rw-p 00000000 00:00 0 
7f17df93a000-7f17df940000 r--p 00000000 b5:84fa2 180144849708769381      /home/mila/l/le.zhang/.conda/envs/ir/lib/python3.10/site-packages/sklearn/utils/_cython_blas.cpython-310-x86_64-linux-gnu.so
7f17df940000-7f17df9aa000 r-xp 00006000 b5:84fa2 180144849708769381      /home/mila/l/le.zhang/.conda/envs/ir/lib/python3.10/site-packages/sklearn/utils/_cython_blas.cpython-310-x86_64-linux-gnu.so
7f17df9aa000-7f17df9b7000 r--p 00070000 b5:84fa2 180144849708769381      /home/mila/l/le.zhang/.conda/envs/ir/lib/python3.10/site-packages/sklearn/utils/_cython_blas.cpython-310-x86_64-linux-gnu.so
7f17df9b7000-7f17df9b8000 r--p 0007c000 b5:84fa2 180144849708769381      /home/mila/l/le.zhang/.conda/envs/ir/lib/python3.10/site-packages/sklearn/utils/_cython_blas.cpython-310-x86_64-linux-gnu.so
7f17df9b8000-7f17df9bb000 rw-p 0007d000 b5:84fa2 180144849708769381      /home/mila/l/le.zhang/.conda/envs/ir/lib/python3.10/site-packages/sklearn/utils/_cython_blas.cpython-310-x86_64-linux-gnu.so
7f17df9bb000-7f17df9bc000 rw-p 00000000 00:00 0 
7f17df9bc000-7f17df9c2000 r--p 00000000 b5:84fa2 180144849708769004      /home/mila/l/le.zhang/.conda/envs/ir/lib/python3.10/site-packages/sklearn/metrics/_pairwise_distances_reduction/_datasets_pair.cpython-310-x86_64-linux-gnu.so
7f17df9c2000-7f17dfa16000 r-xp 00006000 b5:84fa2 180144849708769004      /home/mila/l/le.zhang/.conda/envs/ir/lib/python3.10/site-packages/sklearn/metrics/_pairwise_distances_reduction/_datasets_pair.cpython-310-x86_64-linux-gnu.so
7f17dfa16000-7f17dfa25000 r--p 0005a000 b5:84fa2 180144849708769004      /home/mila/l/le.zhang/.conda/envs/ir/lib/python3.10/site-packages/sklearn/metrics/_pairwise_distances_reduction/_datasets_pair.cpython-310-x86_64-linux-gnu.so
7f17dfa25000-7f17dfa26000 ---p 00069000 b5:84fa2 180144849708769004      /home/mila/l/le.zhang/.conda/envs/ir/lib/python3.10/site-packages/sklearn/metrics/_pairwise_distances_reduction/_datasets_pair.cpython-310-x86_64-linux-gnu.so
7f17dfa26000-7f17dfa27000 r--p 00069000 b5:84fa2 180144849708769004      /home/mila/l/le.zhang/.conda/envs/ir/lib/python3.10/site-packages/sklearn/metrics/_pairwise_distances_reduction/_datasets_pair.cpython-310-x86_64-linux-gnu.so
7f17dfa27000-7f17dfa2b000 rw-p 0006a000 b5:84fa2 180144849708769004      /home/mila/l/le.zhang/.conda/envs/ir/lib/python3.10/site-packages/sklearn/metrics/_pairwise_distances_reduction/_datasets_pair.cpython-310-x86_64-linux-gnu.so
7f17dfa2b000-7f17dfa2c000 rw-p 00000000 00:00 0 
7f17dfa2c000-7f17dfa32000 r--p 00000000 b5:84fa2 180144849708769008      /home/mila/l/le.zhang/.conda/envs/ir/lib/python3.10/site-packages/sklearn/metrics/_pairwise_distances_reduction/_base.cpython-310-x86_64-linux-gnu.so
7f17dfa32000-7f17dfa69000 r-xp 00006000 b5:84fa2 180144849708769008      /home/mila/l/le.zhang/.conda/envs/ir/lib/python3.10/site-packages/sklearn/metrics/_pairwise_distances_reduction/_base.cpython-310-x86_64-linux-gnu.so
7f17dfa69000-7f17dfa73000 r--p 0003d000 b5:84fa2 180144849708769008      /home/mila/l/le.zhang/.conda/envs/ir/lib/python3.10/site-packages/sklearn/metrics/_pairwise_distances_reduction/_base.cpython-310-x86_64-linux-gnu.so
7f17dfa73000-7f17dfa74000 r--p 00046000 b5:84fa2 180144849708769008      /home/mila/l/le.zhang/.conda/envs/ir/lib/python3.10/site-packages/sklearn/metrics/_pairwise_distances_reduction/_base.cpython-310-x86_64-linux-gnu.so
7f17dfa74000-7f17dfa77000 rw-p 00047000 b5:84fa2 180144849708769008      /home/mila/l/le.zhang/.conda/envs/ir/lib/python3.10/site-packages/sklearn/metrics/_pairwise_distances_reduction/_base.cpython-310-x86_64-linux-gnu.so
7f17dfa77000-7f17dfa7a000 rw-p 0005b000 b5:84fa2 180144849708769008      /home/mila/l/le.zhang/.conda/envs/ir/lib/python3.10/site-packages/sklearn/metrics/_pairwise_distances_reduction/_base.cpython-310-x86_64-linux-gnu.so
7f17dfa7a000-7f17dfa7c000 rw-p 0005e000 b5:84fa2 180144849708769008      /home/mila/l/le.zhang/.conda/envs/ir/lib/python3.10/site-packages/sklearn/metrics/_pairwise_distances_reduction/_base.cpython-310-x86_64-linux-gnu.so
7f17dfa7c000-7f17dfa82000 r--p 00000000 b5:84fa2 180144849708768995      /home/mila/l/le.zhang/.conda/envs/ir/lib/python3.10/site-packages/sklearn/metrics/_pairwise_distances_reduction/_argkmin.cpython-310-x86_64-linux-gnu.so
7f17dfa82000-7f17dfabe000 r-xp 00006000 b5:84fa2 180144849708768995      /home/mila/l/le.zhang/.conda/envs/ir/lib/python3.10/site-packages/sklearn/metrics/_pairwise_distances_reduction/_argkmin.cpython-310-x86_64-linux-gnu.so
7f17dfabe000-7f17dfac9000 r--p 00042000 b5:84fa2 180144849708768995      /home/mila/l/le.zhang/.conda/envs/ir/lib/python3.10/site-packages/sklearn/metrics/_pairwise_distances_reduction/_argkmin.cpython-310-x86_64-linux-gnu.so
7f17dfac9000-7f17dfaca000 r--p 0004c000 b5:84fa2 180144849708768995      /home/mila/l/le.zhang/.conda/envs/ir/lib/python3.10/site-packages/sklearn/metrics/_pairwise_distances_reduction/_argkmin.cpython-310-x86_64-linux-gnu.so
7f17dfaca000-7f17dfacd000 rw-p 0004d000 b5:84fa2 180144849708768995      /home/mila/l/le.zhang/.conda/envs/ir/lib/python3.10/site-packages/sklearn/metrics/_pairwise_distances_reduction/_argkmin.cpython-310-x86_64-linux-gnu.so
7f17dfacd000-7f17dface000 rw-p 00000000 00:00 0 
7f17dface000-7f17dfad1000 rw-p 00062000 b5:84fa2 180144849708768995      /home/mila/l/le.zhang/.conda/envs/ir/lib/python3.10/site-packages/sklearn/metrics/_pairwise_distances_reduction/_argkmin.cpython-310-x86_64-linux-gnu.so
7f17dfad1000-7f17dfad3000 rw-p 00065000 b5:84fa2 180144849708768995      /home/mila/l/le.zhang/.conda/envs/ir/lib/python3.10/site-packages/sklearn/metrics/_pairwise_distances_reduction/_argkmin.cpython-310-x86_64-linux-gnu.so
7f17dfad3000-7f17dfadb000 r--p 00000000 b5:84fa2 180144849708768959      /home/mila/l/le.zhang/.conda/envs/ir/lib/python3.10/site-packages/sklearn/metrics/_dist_metrics.cpython-310-x86_64-linux-gnu.so
7f17dfadb000-7f17dfb5a000 r-xp 00008000 b5:84fa2 180144849708768959      /home/mila/l/le.zhang/.conda/envs/ir/lib/python3.10/site-packages/sklearn/metrics/_dist_metrics.cpython-310-x86_64-linux-gnu.so
7f17dfb5a000-7f17dfb72000 r--p 00087000 b5:84fa2 180144849708768959      /home/mila/l/le.zhang/.conda/envs/ir/lib/python3.10/site-packages/sklearn/metrics/_dist_metrics.cpython-310-x86_64-linux-gnu.so
7f17dfb72000-7f17dfb73000 r--p 0009e000 b5:84fa2 180144849708768959      /home/mila/l/le.zhang/.conda/envs/ir/lib/python3.10/site-packages/sklearn/metrics/_dist_metrics.cpython-310-x86_64-linux-gnu.so
7f17dfb73000-7f17dfb7a000 rw-p 0009f000 b5:84fa2 180144849708768959      /home/mila/l/le.zhang/.conda/envs/ir/lib/python3.10/site-packages/sklearn/metrics/_dist_metrics.cpython-310-x86_64-linux-gnu.so
7f17dfb7a000-7f17dfb7d000 rw-p 00000000 00:00 0 
7f17dfb7d000-7f17dfb83000 r--p 00000000 b5:84fa2 180144849708769063      /home/mila/l/le.zhang/.conda/envs/ir/lib/python3.10/site-packages/sklearn/preprocessing/_target_encoder_fast.cpython-310-x86_64-linux-gnu.so
7f17dfb83000-7f17dfbf1000 r-xp 00006000 b5:84fa2 180144849708769063      /home/mila/l/le.zhang/.conda/envs/ir/lib/python3.10/site-packages/sklearn/preprocessing/_target_encoder_fast.cpython-310-x86_64-linux-gnu.so
7f17dfbf1000-7f17dfbfb000 r--p 00074000 b5:84fa2 180144849708769063      /home/mila/l/le.zhang/.conda/envs/ir/lib/python3.10/site-packages/sklearn/preprocessing/_target_encoder_fast.cpython-310-x86_64-linux-gnu.so
7f17dfbfb000-7f17dfbfc000 r--p 0007d000 b5:84fa2 180144849708769063      /home/mila/l/le.zhang/.conda/envs/ir/lib/python3.10/site-packages/sklearn/preprocessing/_target_encoder_fast.cpython-310-x86_64-linux-gnu.so
7f17dfbfc000-7f17dfbff000 rw-p 0007e000 b5:84fa2 180144849708769063      /home/mila/l/le.zhang/.conda/envs/ir/lib/python3.10/site-packages/sklearn/preprocessing/_target_encoder_fast.cpython-310-x86_64-linux-gnu.so
7f17dfbff000-7f17dfc00000 rw-p 00000000 00:00 0 
7f17dfc00000-7f17dfc25000 r-xp 00000000 b5:84fa2 180144849708769921      /home/mila/l/le.zhang/.conda/envs/ir/lib/python3.10/site-packages/scikit_learn.libs/libgomp-a34b3233.so.1.0.0
7f17dfc25000-7f17dfe24000 ---p 00025000 b5:84fa2 180144849708769921      /home/mila/l/le.zhang/.conda/envs/ir/lib/python3.10/site-packages/scikit_learn.libs/libgomp-a34b3233.so.1.0.0
7f17dfe24000-7f17dfe25000 r--p 00024000 b5:84fa2 180144849708769921      /home/mila/l/le.zhang/.conda/envs/ir/lib/python3.10/site-packages/scikit_learn.libs/libgomp-a34b3233.so.1.0.0
7f17dfe25000-7f17dfe26000 rw-p 00025000 b5:84fa2 180144849708769921      /home/mila/l/le.zhang/.conda/envs/ir/lib/python3.10/site-packages/scikit_learn.libs/libgomp-a34b3233.so.1.0.0
7f17dfe26000-7f17dfe2a000 rw-p 00026000 b5:84fa2 180144849708769921      /home/mila/l/le.zhang/.conda/envs/ir/lib/python3.10/site-packages/scikit_learn.libs/libgomp-a34b3233.so.1.0.0
7f17dfe2b000-7f17dfe2f000 r--p 00000000 b5:84fa2 180144849708769403      /home/mila/l/le.zhang/.conda/envs/ir/lib/python3.10/site-packages/sklearn/utils/_vector_sentinel.cpython-310-x86_64-linux-gnu.so
7f17dfe2f000-7f17dfe44000 r-xp 00004000 b5:84fa2 180144849708769403      /home/mila/l/le.zhang/.conda/envs/ir/lib/python3.10/site-packages/sklearn/utils/_vector_sentinel.cpython-310-x86_64-linux-gnu.so
7f17dfe44000-7f17dfe49000 r--p 00019000 b5:84fa2 180144849708769403      /home/mila/l/le.zhang/.conda/envs/ir/lib/python3.10/site-packages/sklearn/utils/_vector_sentinel.cpython-310-x86_64-linux-gnu.so
7f17dfe49000-7f17dfe4a000 ---p 0001e000 b5:84fa2 180144849708769403      /home/mila/l/le.zhang/.conda/envs/ir/lib/python3.10/site-packages/sklearn/utils/_vector_sentinel.cpython-310-x86_64-linux-gnu.so
7f17dfe4a000-7f17dfe4b000 r--p 0001e000 b5:84fa2 180144849708769403      /home/mila/l/le.zhang/.conda/envs/ir/lib/python3.10/site-packages/sklearn/utils/_vector_sentinel.cpython-310-x86_64-linux-gnu.so
7f17dfe4b000-7f17dfe4d000 rw-p 0001f000 b5:84fa2 180144849708769403      /home/mila/l/le.zhang/.conda/envs/ir/lib/python3.10/site-packages/sklearn/utils/_vector_sentinel.cpython-310-x86_64-linux-gnu.so
7f17dfe4d000-7f17dfe52000 r--p 00000000 b5:84fa2 180144849708769059      /home/mila/l/le.zhang/.conda/envs/ir/lib/python3.10/site-packages/sklearn/preprocessing/_csr_polynomial_expansion.cpython-310-x86_64-linux-gnu.so
7f17dfe52000-7f17dfead000 r-xp 00005000 b5:84fa2 180144849708769059      /home/mila/l/le.zhang/.conda/envs/ir/lib/python3.10/site-packages/sklearn/preprocessing/_csr_polynomial_expansion.cpython-310-x86_64-linux-gnu.so
7f17dfead000-7f17dfeb8000 r--p 00060000 b5:84fa2 180144849708769059      /home/mila/l/le.zhang/.conda/envs/ir/lib/python3.10/site-packages/sklearn/preprocessing/_csr_polynomial_expansion.cpython-310-x86_64-linux-gnu.so
7f17dfeb8000-7f17dfeb9000 r--p 0006a000 b5:84fa2 180144849708769059      /home/mila/l/le.zhang/.conda/envs/ir/lib/python3.10/site-packages/sklearn/preprocessing/_csr_polynomial_expansion.cpython-310-x86_64-linux-gnu.so
7f17dfeb9000-7f17dfebc000 rw-p 0006b000 b5:84fa2 180144849708769059      /home/mila/l/le.zhang/.conda/envs/ir/lib/python3.10/site-packages/sklearn/preprocessing/_csr_polynomial_expansion.cpython-310-x86_64-linux-gnu.so
7f17dfebc000-7f17dffbc000 rw-p 00000000 00:00 0 
7f17dffbc000-7f17dffc1000 r--p 00000000 b5:84fa2 180144849708769018      /home/mila/l/le.zhang/.conda/envs/ir/lib/python3.10/site-packages/sklearn/metrics/cluster/_expected_mutual_info_fast.cpython-310-x86_64-linux-gnu.so
7f17dffc1000-7f17dffec000 r-xp 00005000 b5:84fa2 180144849708769018      /home/mila/l/le.zhang/.conda/envs/ir/lib/python3.10/site-packages/sklearn/metrics/cluster/_expected_mutual_info_fast.cpython-310-x86_64-linux-gnu.so
7f17dffec000-7f17dfff3000 r--p 00030000 b5:84fa2 180144849708769018      /home/mila/l/le.zhang/.conda/envs/ir/lib/python3.10/site-packages/sklearn/metrics/cluster/_expected_mutual_info_fast.cpython-310-x86_64-linux-gnu.so
7f17dfff3000-7f17dfff4000 r--p 00036000 b5:84fa2 180144849708769018      /home/mila/l/le.zhang/.conda/envs/ir/lib/python3.10/site-packages/sklearn/metrics/cluster/_expected_mutual_info_fast.cpython-310-x86_64-linux-gnu.so
7f17dfff4000-7f17dfff6000 rw-p 00037000 b5:84fa2 180144849708769018      /home/mila/l/le.zhang/.conda/envs/ir/lib/python3.10/site-packages/sklearn/metrics/cluster/_expected_mutual_info_fast.cpython-310-x86_64-linux-gnu.so
7f17dfff6000-7f17dfff7000 rw-p 00000000 00:00 0 
7f17dfff7000-7f17dfffc000 r--p 00000000 b5:84fa2 180144849708769401      /home/mila/l/le.zhang/.conda/envs/ir/lib/python3.10/site-packages/sklearn/utils/murmurhash.cpython-310-x86_64-linux-gnu.so
7f17dfffc000-7f17e0027000 r-xp 00005000 b5:84fa2 180144849708769401      /home/mila/l/le.zhang/.conda/envs/ir/lib/python3.10/site-packages/sklearn/utils/murmurhash.cpython-310-x86_64-linux-gnu.so
7f17e0027000-7f17e002f000 r--p 00030000 b5:84fa2 180144849708769401      /home/mila/l/le.zhang/.conda/envs/ir/lib/python3.10/site-packages/sklearn/utils/murmurhash.cpython-310-x86_64-linux-gnu.so
7f17e002f000-7f17e0030000 ---p 00038000 b5:84fa2 180144849708769401      /home/mila/l/le.zhang/.conda/envs/ir/lib/python3.10/site-packages/sklearn/utils/murmurhash.cpython-310-x86_64-linux-gnu.so
7f17e0030000-7f17e0031000 r--p 00038000 b5:84fa2 180144849708769401      /home/mila/l/le.zhang/.conda/envs/ir/lib/python3.10/site-packages/sklearn/utils/murmurhash.cpython-310-x86_64-linux-gnu.so
7f17e0031000-7f17e0033000 rw-p 00039000 b5:84fa2 180144849708769401      /home/mila/l/le.zhang/.conda/envs/ir/lib/python3.10/site-packages/sklearn/utils/murmurhash.cpython-310-x86_64-linux-gnu.so
7f17e0033000-7f17e0034000 rw-p 00000000 00:00 0 
7f17e0034000-7f17e003a000 r--p 00000000 b5:84fa2 180144849708769430      /home/mila/l/le.zhang/.conda/envs/ir/lib/python3.10/site-packages/sklearn/utils/sparsefuncs_fast.cpython-310-x86_64-linux-gnu.so
7f17e003a000-7f17e00fb000 r-xp 00006000 b5:84fa2 180144849708769430      /home/mila/l/le.zhang/.conda/envs/ir/lib/python3.10/site-packages/sklearn/utils/sparsefuncs_fast.cpython-310-x86_64-linux-gnu.so
7f17e00fb000-7f17e0109000 r--p 000c7000 b5:84fa2 180144849708769430      /home/mila/l/le.zhang/.conda/envs/ir/lib/python3.10/site-packages/sklearn/utils/sparsefuncs_fast.cpython-310-x86_64-linux-gnu.so
7f17e0109000-7f17e010a000 r--p 000d4000 b5:84fa2 180144849708769430      /home/mila/l/le.zhang/.conda/envs/ir/lib/python3.10/site-packages/sklearn/utils/sparsefuncs_fast.cpython-310-x86_64-linux-gnu.so
7f17e010a000-7f17e010d000 rw-p 000d5000 b5:84fa2 180144849708769430      /home/mila/l/le.zhang/.conda/envs/ir/lib/python3.10/site-packages/sklearn/utils/sparsefuncs_fast.cpython-310-x86_64-linux-gnu.so
7f17e010d000-7f17e010e000 rw-p 00000000 00:00 0 
7f17e010e000-7f17e0113000 r--p 00000000 b5:84fa2 180144849708769434      /home/mila/l/le.zhang/.conda/envs/ir/lib/python3.10/site-packages/sklearn/utils/_isfinite.cpython-310-x86_64-linux-gnu.so
7f17e0113000-7f17e0145000 r-xp 00005000 b5:84fa2 180144849708769434      /home/mila/l/le.zhang/.conda/envs/ir/lib/python3.10/site-packages/sklearn/utils/_isfinite.cpython-310-x86_64-linux-gnu.so
7f17e0145000-7f17e014e000 r--p 00037000 b5:84fa2 180144849708769434      /home/mila/l/le.zhang/.conda/envs/ir/lib/python3.10/site-packages/sklearn/utils/_isfinite.cpython-310-x86_64-linux-gnu.so
7f17e014e000-7f17e014f000 r--p 0003f000 b5:84fa2 180144849708769434      /home/mila/l/le.zhang/.conda/envs/ir/lib/python3.10/site-packages/sklearn/utils/_isfinite.cpython-310-x86_64-linux-gnu.so
7f17e014f000-7f17e0151000 rw-p 00040000 b5:84fa2 180144849708769434      /home/mila/l/le.zhang/.conda/envs/ir/lib/python3.10/site-packages/sklearn/utils/_isfinite.cpython-310-x86_64-linux-gnu.so
7f17e0151000-7f17e0252000 rw-p 00000000 00:00 0 
7f17e0252000-7f17e0257000 r--p 00000000 b5:84fa2 180144849708726889      /home/mila/l/le.zhang/.conda/envs/ir/lib/python3.10/site-packages/scipy/ndimage/_ni_label.cpython-310-x86_64-linux-gnu.so
7f17e0257000-7f17e02a3000 r-xp 00005000 b5:84fa2 180144849708726889      /home/mila/l/le.zhang/.conda/envs/ir/lib/python3.10/site-packages/scipy/ndimage/_ni_label.cpython-310-x86_64-linux-gnu.so
7f17e02a3000-7f17e02ac000 r--p 00051000 b5:84fa2 180144849708726889      /home/mila/l/le.zhang/.conda/envs/ir/lib/python3.10/site-packages/scipy/ndimage/_ni_label.cpython-310-x86_64-linux-gnu.so
7f17e02ac000-7f17e02ad000 ---p 0005a000 b5:84fa2 180144849708726889      /home/mila/l/le.zhang/.conda/envs/ir/lib/python3.10/site-packages/scipy/ndimage/_ni_label.cpython-310-x86_64-linux-gnu.so
7f17e02ad000-7f17e02ae000 r--p 0005a000 b5:84fa2 180144849708726889      /home/mila/l/le.zhang/.conda/envs/ir/lib/python3.10/site-packages/scipy/ndimage/_ni_label.cpython-310-x86_64-linux-gnu.so
7f17e02ae000-7f17e02b1000 rw-p 0005b000 b5:84fa2 180144849708726889      /home/mila/l/le.zhang/.conda/envs/ir/lib/python3.10/site-packages/scipy/ndimage/_ni_label.cpython-310-x86_64-linux-gnu.so
7f17e02b1000-7f17e02b3000 r--p 00000000 b5:84fa2 180144849708726900      /home/mila/l/le.zhang/.conda/envs/ir/lib/python3.10/site-packages/scipy/ndimage/_nd_image.cpython-310-x86_64-linux-gnu.so
7f17e02b3000-7f17e02ce000 r-xp 00002000 b5:84fa2 180144849708726900      /home/mila/l/le.zhang/.conda/envs/ir/lib/python3.10/site-packages/scipy/ndimage/_nd_image.cpython-310-x86_64-linux-gnu.so
7f17e02ce000-7f17e02d2000 r--p 0001d000 b5:84fa2 180144849708726900      /home/mila/l/le.zhang/.conda/envs/ir/lib/python3.10/site-packages/scipy/ndimage/_nd_image.cpython-310-x86_64-linux-gnu.so
7f17e02d2000-7f17e02d3000 r--p 00020000 b5:84fa2 180144849708726900      /home/mila/l/le.zhang/.conda/envs/ir/lib/python3.10/site-packages/scipy/ndimage/_nd_image.cpython-310-x86_64-linux-gnu.so
7f17e02d3000-7f17e02d4000 rw-p 00021000 b5:84fa2 180144849708726900      /home/mila/l/le.zhang/.conda/envs/ir/lib/python3.10/site-packages/scipy/ndimage/_nd_image.cpython-310-x86_64-linux-gnu.so
7f17e02d4000-7f17e02d9000 r--p 00000000 b5:84fa2 180144849708727138      /home/mila/l/le.zhang/.conda/envs/ir/lib/python3.10/site-packages/scipy/stats/_rcont/rcont.cpython-310-x86_64-linux-gnu.so
7f17e02d9000-7f17e0301000 r-xp 00005000 b5:84fa2 180144849708727138      /home/mila/l/le.zhang/.conda/envs/ir/lib/python3.10/site-packages/scipy/stats/_rcont/rcont.cpython-310-x86_64-linux-gnu.so
7f17e0301000-7f17e030a000 r--p 0002d000 b5:84fa2 180144849708727138      /home/mila/l/le.zhang/.conda/envs/ir/lib/python3.10/site-packages/scipy/stats/_rcont/rcont.cpython-310-x86_64-linux-gnu.so
7f17e030a000-7f17e030b000 ---p 00036000 b5:84fa2 180144849708727138      /home/mila/l/le.zhang/.conda/envs/ir/lib/python3.10/site-packages/scipy/stats/_rcont/rcont.cpython-310-x86_64-linux-gnu.so
7f17e030b000-7f17e030c000 r--p 00036000 b5:84fa2 180144849708727138      /home/mila/l/le.zhang/.conda/envs/ir/lib/python3.10/site-packages/scipy/stats/_rcont/rcont.cpython-310-x86_64-linux-gnu.so
7f17e030c000-7f17e030e000 rw-p 00037000 b5:84fa2 180144849708727138      /home/mila/l/le.zhang/.conda/envs/ir/lib/python3.10/site-packages/scipy/stats/_rcont/rcont.cpython-310-x86_64-linux-gnu.so
7f17e030e000-7f17e030f000 rw-p 00000000 00:00 0 
7f17e030f000-7f17e0311000 r--p 00000000 b5:84fa2 180144849708727113      /home/mila/l/le.zhang/.conda/envs/ir/lib/python3.10/site-packages/scipy/stats/_mvn.cpython-310-x86_64-linux-gnu.so
7f17e0311000-7f17e031a000 r-xp 00002000 b5:84fa2 180144849708727113      /home/mila/l/le.zhang/.conda/envs/ir/lib/python3.10/site-packages/scipy/stats/_mvn.cpython-310-x86_64-linux-gnu.so
7f17e031a000-7f17e0320000 r--p 0000b000 b5:84fa2 180144849708727113      /home/mila/l/le.zhang/.conda/envs/ir/lib/python3.10/site-packages/scipy/stats/_mvn.cpython-310-x86_64-linux-gnu.so
7f17e0320000-7f17e0321000 r--p 00010000 b5:84fa2 180144849708727113      /home/mila/l/le.zhang/.conda/envs/ir/lib/python3.10/site-packages/scipy/stats/_mvn.cpython-310-x86_64-linux-gnu.so
7f17e0321000-7f17e0323000 rw-p 00011000 b5:84fa2 180144849708727113      /home/mila/l/le.zhang/.conda/envs/ir/lib/python3.10/site-packages/scipy/stats/_mvn.cpython-310-x86_64-linux-gnu.so
7f17e0323000-7f17e051a000 rw-p 00000000 00:00 0 
7f17e051a000-7f17e051f000 r--p 00000000 b5:84fa2 180144849708727099      /home/mila/l/le.zhang/.conda/envs/ir/lib/python3.10/site-packages/scipy/stats/_ansari_swilk_statistics.cpython-310-x86_64-linux-gnu.so
7f17e051f000-7f17e054c000 r-xp 00005000 b5:84fa2 180144849708727099      /home/mila/l/le.zhang/.conda/envs/ir/lib/python3.10/site-packages/scipy/stats/_ansari_swilk_statistics.cpython-310-x86_64-linux-gnu.so
7f17e054c000-7f17e0554000 r--p 00032000 b5:84fa2 180144849708727099      /home/mila/l/le.zhang/.conda/envs/ir/lib/python3.10/site-packages/scipy/stats/_ansari_swilk_statistics.cpython-310-x86_64-linux-gnu.so
7f17e0554000-7f17e0555000 r--p 00039000 b5:84fa2 180144849708727099      /home/mila/l/le.zhang/.conda/envs/ir/lib/python3.10/site-packages/scipy/stats/_ansari_swilk_statistics.cpython-310-x86_64-linux-gnu.so
7f17e0555000-7f17e0557000 rw-p 0003a000 b5:84fa2 180144849708727099      /home/mila/l/le.zhang/.conda/envs/ir/lib/python3.10/site-packages/scipy/stats/_ansari_swilk_statistics.cpython-310-x86_64-linux-gnu.so
7f17e0557000-7f17e0658000 rw-p 00000000 00:00 0 
7f17e0658000-7f17e065c000 r--p 00000000 b5:84fa2 180144849708727080      /home/mila/l/le.zhang/.conda/envs/ir/lib/python3.10/site-packages/scipy/stats/_stats_pythran.cpython-310-x86_64-linux-gnu.so
7f17e065c000-7f17e0676000 r-xp 00004000 b5:84fa2 180144849708727080      /home/mila/l/le.zhang/.conda/envs/ir/lib/python3.10/site-packages/scipy/stats/_stats_pythran.cpython-310-x86_64-linux-gnu.so
7f17e0676000-7f17e067c000 r--p 0001e000 b5:84fa2 180144849708727080      /home/mila/l/le.zhang/.conda/envs/ir/lib/python3.10/site-packages/scipy/stats/_stats_pythran.cpython-310-x86_64-linux-gnu.so
7f17e067c000-7f17e067d000 r--p 00023000 b5:84fa2 180144849708727080      /home/mila/l/le.zhang/.conda/envs/ir/lib/python3.10/site-packages/scipy/stats/_stats_pythran.cpython-310-x86_64-linux-gnu.so
7f17e067d000-7f17e067e000 rw-p 00024000 b5:84fa2 180144849708727080      /home/mila/l/le.zhang/.conda/envs/ir/lib/python3.10/site-packages/scipy/stats/_stats_pythran.cpython-310-x86_64-linux-gnu.so
7f17e067e000-7f17e0683000 r--p 00000000 b5:84fa2 180144849708727073      /home/mila/l/le.zhang/.conda/envs/ir/lib/python3.10/site-packages/scipy/stats/_biasedurn.cpython-310-x86_64-linux-gnu.so
7f17e0683000-7f17e06ad000 r-xp 00005000 b5:84fa2 180144849708727073      /home/mila/l/le.zhang/.conda/envs/ir/lib/python3.10/site-packages/scipy/stats/_biasedurn.cpython-310-x86_64-linux-gnu.so
7f17e06ad000-7f17e06b9000 r--p 0002f000 b5:84fa2 180144849708727073      /home/mila/l/le.zhang/.conda/envs/ir/lib/python3.10/site-packages/scipy/stats/_biasedurn.cpython-310-x86_64-linux-gnu.so
7f17e06b9000-7f17e06ba000 r--p 0003a000 b5:84fa2 180144849708727073      /home/mila/l/le.zhang/.conda/envs/ir/lib/python3.10/site-packages/scipy/stats/_biasedurn.cpython-310-x86_64-linux-gnu.so
7f17e06ba000-7f17e06bd000 rw-p 0003b000 b5:84fa2 180144849708727073      /home/mila/l/le.zhang/.conda/envs/ir/lib/python3.10/site-packages/scipy/stats/_biasedurn.cpython-310-x86_64-linux-gnu.so
7f17e06bd000-7f17e07c0000 rw-p 00000000 00:00 0 
7f17e07c0000-7f17e07c6000 r--p 00000000 b5:84fa2 180144849708727110      /home/mila/l/le.zhang/.conda/envs/ir/lib/python3.10/site-packages/scipy/stats/_qmc_cy.cpython-310-x86_64-linux-gnu.so
7f17e07c6000-7f17e07f1000 r-xp 00006000 b5:84fa2 180144849708727110      /home/mila/l/le.zhang/.conda/envs/ir/lib/python3.10/site-packages/scipy/stats/_qmc_cy.cpython-310-x86_64-linux-gnu.so
7f17e07f1000-7f17e07fa000 r--p 00031000 b5:84fa2 180144849708727110      /home/mila/l/le.zhang/.conda/envs/ir/lib/python3.10/site-packages/scipy/stats/_qmc_cy.cpython-310-x86_64-linux-gnu.so
7f17e07fa000-7f17e07fb000 r--p 00039000 b5:84fa2 180144849708727110      /home/mila/l/le.zhang/.conda/envs/ir/lib/python3.10/site-packages/scipy/stats/_qmc_cy.cpython-310-x86_64-linux-gnu.so
7f17e07fb000-7f17e07fd000 rw-p 0003a000 b5:84fa2 180144849708727110      /home/mila/l/le.zhang/.conda/envs/ir/lib/python3.10/site-packages/scipy/stats/_qmc_cy.cpython-310-x86_64-linux-gnu.so
7f17e07fd000-7f17e07fe000 rw-p 00000000 00:00 0 
7f17e07fe000-7f17e0803000 r--p 00000000 b5:84fa2 180144849708727077      /home/mila/l/le.zhang/.conda/envs/ir/lib/python3.10/site-packages/scipy/stats/_sobol.cpython-310-x86_64-linux-gnu.so
7f17e0803000-7f17e084b000 r-xp 00005000 b5:84fa2 180144849708727077      /home/mila/l/le.zhang/.conda/envs/ir/lib/python3.10/site-packages/scipy/stats/_sobol.cpython-310-x86_64-linux-gnu.so
7f17e084b000-7f17e0855000 r--p 0004d000 b5:84fa2 180144849708727077      /home/mila/l/le.zhang/.conda/envs/ir/lib/python3.10/site-packages/scipy/stats/_sobol.cpython-310-x86_64-linux-gnu.so
7f17e0855000-7f17e0856000 r--p 00056000 b5:84fa2 180144849708727077      /home/mila/l/le.zhang/.conda/envs/ir/lib/python3.10/site-packages/scipy/stats/_sobol.cpython-310-x86_64-linux-gnu.so
7f17e0856000-7f17e0859000 rw-p 00057000 b5:84fa2 180144849708727077      /home/mila/l/le.zhang/.conda/envs/ir/lib/python3.10/site-packages/scipy/stats/_sobol.cpython-310-x86_64-linux-gnu.so
7f17e0859000-7f17e0959000 rw-p 00000000 00:00 0 
7f17e0959000-7f17e0967000 r--p 00000000 b5:84fa2 180144849708728067      /home/mila/l/le.zhang/.conda/envs/ir/lib/python3.10/site-packages/scipy/special/cython_special.cpython-310-x86_64-linux-gnu.so
7f17e0967000-7f17e0c2c000 r-xp 0000e000 b5:84fa2 180144849708728067      /home/mila/l/le.zhang/.conda/envs/ir/lib/python3.10/site-packages/scipy/special/cython_special.cpython-310-x86_64-linux-gnu.so
7f17e0c2c000-7f17e0c74000 r--p 002d3000 b5:84fa2 180144849708728067      /home/mila/l/le.zhang/.conda/envs/ir/lib/python3.10/site-packages/scipy/special/cython_special.cpython-310-x86_64-linux-gnu.so
7f17e0c74000-7f17e0c75000 r--p 0031a000 b5:84fa2 180144849708728067      /home/mila/l/le.zhang/.conda/envs/ir/lib/python3.10/site-packages/scipy/special/cython_special.cpython-310-x86_64-linux-gnu.so
7f17e0c75000-7f17e0c7a000 rw-p 0031b000 b5:84fa2 180144849708728067      /home/mila/l/le.zhang/.conda/envs/ir/lib/python3.10/site-packages/scipy/special/cython_special.cpython-310-x86_64-linux-gnu.so
7f17e0c7a000-7f17e0c7d000 rw-p 00000000 00:00 0 
7f17e0c7d000-7f17e0c83000 r--p 00000000 b5:84fa2 180144849708727082      /home/mila/l/le.zhang/.conda/envs/ir/lib/python3.10/site-packages/scipy/stats/_stats.cpython-310-x86_64-linux-gnu.so
7f17e0c83000-7f17e0d17000 r-xp 00006000 b5:84fa2 180144849708727082      /home/mila/l/le.zhang/.conda/envs/ir/lib/python3.10/site-packages/scipy/stats/_stats.cpython-310-x86_64-linux-gnu.so
7f17e0d17000-7f17e0d25000 r--p 0009a000 b5:84fa2 180144849708727082      /home/mila/l/le.zhang/.conda/envs/ir/lib/python3.10/site-packages/scipy/stats/_stats.cpython-310-x86_64-linux-gnu.so
7f17e0d25000-7f17e0d26000 r--p 000a7000 b5:84fa2 180144849708727082      /home/mila/l/le.zhang/.conda/envs/ir/lib/python3.10/site-packages/scipy/stats/_stats.cpython-310-x86_64-linux-gnu.so
7f17e0d26000-7f17e0d29000 rw-p 000a8000 b5:84fa2 180144849708727082      /home/mila/l/le.zhang/.conda/envs/ir/lib/python3.10/site-packages/scipy/stats/_stats.cpython-310-x86_64-linux-gnu.so
7f17e0d29000-7f17e0d2b000 rw-p 00000000 00:00 0 
7f17e0d2b000-7f17e0d31000 r--p 00000000 b5:84fa2 180144849708727740      /home/mila/l/le.zhang/.conda/envs/ir/lib/python3.10/site-packages/scipy/interpolate/_bspl.cpython-310-x86_64-linux-gnu.so
7f17e0d31000-7f17e0d67000 r-xp 00006000 b5:84fa2 180144849708727740      /home/mila/l/le.zhang/.conda/envs/ir/lib/python3.10/site-packages/scipy/interpolate/_bspl.cpython-310-x86_64-linux-gnu.so
7f17e0d67000-7f17e0d74000 r--p 0003c000 b5:84fa2 180144849708727740      /home/mila/l/le.zhang/.conda/envs/ir/lib/python3.10/site-packages/scipy/interpolate/_bspl.cpython-310-x86_64-linux-gnu.so
7f17e0d74000-7f17e0d75000 r--p 00048000 b5:84fa2 180144849708727740      /home/mila/l/le.zhang/.conda/envs/ir/lib/python3.10/site-packages/scipy/interpolate/_bspl.cpython-310-x86_64-linux-gnu.so
7f17e0d75000-7f17e0d77000 rw-p 00049000 b5:84fa2 180144849708727740      /home/mila/l/le.zhang/.conda/envs/ir/lib/python3.10/site-packages/scipy/interpolate/_bspl.cpython-310-x86_64-linux-gnu.so
7f17e0d77000-7f17e0d78000 rw-p 00000000 00:00 0 
7f17e0d78000-7f17e0d7b000 rw-p 0005f000 b5:84fa2 180144849708727740      /home/mila/l/le.zhang/.conda/envs/ir/lib/python3.10/site-packages/scipy/interpolate/_bspl.cpython-310-x86_64-linux-gnu.so
7f17e0d7b000-7f17e0d7d000 rw-p 00062000 b5:84fa2 180144849708727740      /home/mila/l/le.zhang/.conda/envs/ir/lib/python3.10/site-packages/scipy/interpolate/_bspl.cpython-310-x86_64-linux-gnu.so
7f17e0d7d000-7f17e0d82000 r--p 00000000 b5:84fa2 180144849708727729      /home/mila/l/le.zhang/.conda/envs/ir/lib/python3.10/site-packages/scipy/interpolate/_rgi_cython.cpython-310-x86_64-linux-gnu.so
7f17e0d82000-7f17e0db3000 r-xp 00005000 b5:84fa2 180144849708727729      /home/mila/l/le.zhang/.conda/envs/ir/lib/python3.10/site-packages/scipy/interpolate/_rgi_cython.cpython-310-x86_64-linux-gnu.so
7f17e0db3000-7f17e0dbb000 r--p 00036000 b5:84fa2 180144849708727729      /home/mila/l/le.zhang/.conda/envs/ir/lib/python3.10/site-packages/scipy/interpolate/_rgi_cython.cpython-310-x86_64-linux-gnu.so
7f17e0dbb000-7f17e0dbc000 r--p 0003d000 b5:84fa2 180144849708727729      /home/mila/l/le.zhang/.conda/envs/ir/lib/python3.10/site-packages/scipy/interpolate/_rgi_cython.cpython-310-x86_64-linux-gnu.so
7f17e0dbc000-7f17e0dbe000 rw-p 0003e000 b5:84fa2 180144849708727729      /home/mila/l/le.zhang/.conda/envs/ir/lib/python3.10/site-packages/scipy/interpolate/_rgi_cython.cpython-310-x86_64-linux-gnu.so
7f17e0dbe000-7f17e0dbf000 rw-p 00000000 00:00 0 
7f17e0dbf000-7f17e0dc3000 r--p 00000000 b5:84fa2 180144849708727716      /home/mila/l/le.zhang/.conda/envs/ir/lib/python3.10/site-packages/scipy/interpolate/_rbfinterp_pythran.cpython-310-x86_64-linux-gnu.so
7f17e0dc3000-7f17e0dee000 r-xp 00004000 b5:84fa2 180144849708727716      /home/mila/l/le.zhang/.conda/envs/ir/lib/python3.10/site-packages/scipy/interpolate/_rbfinterp_pythran.cpython-310-x86_64-linux-gnu.so
7f17e0dee000-7f17e0df4000 r--p 0002f000 b5:84fa2 180144849708727716      /home/mila/l/le.zhang/.conda/envs/ir/lib/python3.10/site-packages/scipy/interpolate/_rbfinterp_pythran.cpython-310-x86_64-linux-gnu.so
7f17e0df4000-7f17e0df5000 r--p 00034000 b5:84fa2 180144849708727716      /home/mila/l/le.zhang/.conda/envs/ir/lib/python3.10/site-packages/scipy/interpolate/_rbfinterp_pythran.cpython-310-x86_64-linux-gnu.so
7f17e0df5000-7f17e0df6000 rw-p 00035000 b5:84fa2 180144849708727716      /home/mila/l/le.zhang/.conda/envs/ir/lib/python3.10/site-packages/scipy/interpolate/_rbfinterp_pythran.cpython-310-x86_64-linux-gnu.so
7f17e0df6000-7f17e0dfc000 r--p 00000000 b5:84fa2 180144849708727741      /home/mila/l/le.zhang/.conda/envs/ir/lib/python3.10/site-packages/scipy/interpolate/_interpnd.cpython-310-x86_64-linux-gnu.so
7f17e0dfc000-7f17e0e4c000 r-xp 00006000 b5:84fa2 180144849708727741      /home/mila/l/le.zhang/.conda/envs/ir/lib/python3.10/site-packages/scipy/interpolate/_interpnd.cpython-310-x86_64-linux-gnu.so
7f17e0e4c000-7f17e0e58000 r--p 00056000 b5:84fa2 180144849708727741      /home/mila/l/le.zhang/.conda/envs/ir/lib/python3.10/site-packages/scipy/interpolate/_interpnd.cpython-310-x86_64-linux-gnu.so
7f17e0e58000-7f17e0e59000 r--p 00061000 b5:84fa2 180144849708727741      /home/mila/l/le.zhang/.conda/envs/ir/lib/python3.10/site-packages/scipy/interpolate/_interpnd.cpython-310-x86_64-linux-gnu.so
7f17e0e59000-7f17e0e5c000 rw-p 00062000 b5:84fa2 180144849708727741      /home/mila/l/le.zhang/.conda/envs/ir/lib/python3.10/site-packages/scipy/interpolate/_interpnd.cpython-310-x86_64-linux-gnu.so
7f17e0e5c000-7f17e0e5d000 rw-p 00000000 00:00 0 
7f17e0e5d000-7f17e0e62000 r--p 00000000 b5:84fa2 180144849708727747      /home/mila/l/le.zhang/.conda/envs/ir/lib/python3.10/site-packages/scipy/interpolate/_ppoly.cpython-310-x86_64-linux-gnu.so
7f17e0e62000-7f17e0eb8000 r-xp 00005000 b5:84fa2 180144849708727747      /home/mila/l/le.zhang/.conda/envs/ir/lib/python3.10/site-packages/scipy/interpolate/_ppoly.cpython-310-x86_64-linux-gnu.so
7f17e0eb8000-7f17e0ec3000 r--p 0005b000 b5:84fa2 180144849708727747      /home/mila/l/le.zhang/.conda/envs/ir/lib/python3.10/site-packages/scipy/interpolate/_ppoly.cpython-310-x86_64-linux-gnu.so
7f17e0ec3000-7f17e0ec4000 r--p 00065000 b5:84fa2 180144849708727747      /home/mila/l/le.zhang/.conda/envs/ir/lib/python3.10/site-packages/scipy/interpolate/_ppoly.cpython-310-x86_64-linux-gnu.so
7f17e0ec4000-7f17e0ec6000 rw-p 00066000 b5:84fa2 180144849708727747      /home/mila/l/le.zhang/.conda/envs/ir/lib/python3.10/site-packages/scipy/interpolate/_ppoly.cpython-310-x86_64-linux-gnu.so
7f17e0ec6000-7f17e0ec7000 rw-p 00000000 00:00 0 
7f17e0ec7000-7f17e0eca000 r--p 00000000 b5:84fa2 180144849708727735      /home/mila/l/le.zhang/.conda/envs/ir/lib/python3.10/site-packages/scipy/interpolate/_dierckx.cpython-310-x86_64-linux-gnu.so
7f17e0eca000-7f17e0ed6000 r-xp 00003000 b5:84fa2 180144849708727735      /home/mila/l/le.zhang/.conda/envs/ir/lib/python3.10/site-packages/scipy/interpolate/_dierckx.cpython-310-x86_64-linux-gnu.so
7f17e0ed6000-7f17e0edb000 r--p 0000f000 b5:84fa2 180144849708727735      /home/mila/l/le.zhang/.conda/envs/ir/lib/python3.10/site-packages/scipy/interpolate/_dierckx.cpython-310-x86_64-linux-gnu.so
7f17e0edb000-7f17e0edc000 r--p 00013000 b5:84fa2 180144849708727735      /home/mila/l/le.zhang/.conda/envs/ir/lib/python3.10/site-packages/scipy/interpolate/_dierckx.cpython-310-x86_64-linux-gnu.so
7f17e0edc000-7f17e0ede000 rw-p 00014000 b5:84fa2 180144849708727735      /home/mila/l/le.zhang/.conda/envs/ir/lib/python3.10/site-packages/scipy/interpolate/_dierckx.cpython-310-x86_64-linux-gnu.so
7f17e0ede000-7f17e0ee0000 rw-p 00020000 b5:84fa2 180144849708727735      /home/mila/l/le.zhang/.conda/envs/ir/lib/python3.10/site-packages/scipy/interpolate/_dierckx.cpython-310-x86_64-linux-gnu.so
7f17e0ee0000-7f17e0ee1000 rw-p 00022000 b5:84fa2 180144849708727735      /home/mila/l/le.zhang/.conda/envs/ir/lib/python3.10/site-packages/scipy/interpolate/_dierckx.cpython-310-x86_64-linux-gnu.so
7f17e0ee1000-7f17e0ee5000 r--p 00000000 b5:84fa2 180144849708727727      /home/mila/l/le.zhang/.conda/envs/ir/lib/python3.10/site-packages/scipy/interpolate/_dfitpack.cpython-310-x86_64-linux-gnu.so
7f17e0ee5000-7f17e0f1b000 r-xp 00004000 b5:84fa2 180144849708727727      /home/mila/l/le.zhang/.conda/envs/ir/lib/python3.10/site-packages/scipy/interpolate/_dfitpack.cpython-310-x86_64-linux-gnu.so
7f17e0f1b000-7f17e0f27000 r--p 0003a000 b5:84fa2 180144849708727727      /home/mila/l/le.zhang/.conda/envs/ir/lib/python3.10/site-packages/scipy/interpolate/_dfitpack.cpython-310-x86_64-linux-gnu.so
7f17e0f27000-7f17e0f28000 ---p 00046000 b5:84fa2 180144849708727727      /home/mila/l/le.zhang/.conda/envs/ir/lib/python3.10/site-packages/scipy/interpolate/_dfitpack.cpython-310-x86_64-linux-gnu.so
7f17e0f28000-7f17e0f29000 r--p 00046000 b5:84fa2 180144849708727727      /home/mila/l/le.zhang/.conda/envs/ir/lib/python3.10/site-packages/scipy/interpolate/_dfitpack.cpython-310-x86_64-linux-gnu.so
7f17e0f29000-7f17e0f31000 rw-p 00047000 b5:84fa2 180144849708727727      /home/mila/l/le.zhang/.conda/envs/ir/lib/python3.10/site-packages/scipy/interpolate/_dfitpack.cpython-310-x86_64-linux-gnu.so
7f17e0f31000-7f17e0f33000 rw-p 00052000 b5:84fa2 180144849708727727      /home/mila/l/le.zhang/.conda/envs/ir/lib/python3.10/site-packages/scipy/interpolate/_dfitpack.cpython-310-x86_64-linux-gnu.so
7f17e0f33000-7f17e0f34000 rw-p 00054000 b5:84fa2 180144849708727727      /home/mila/l/le.zhang/.conda/envs/ir/lib/python3.10/site-packages/scipy/interpolate/_dfitpack.cpython-310-x86_64-linux-gnu.so
7f17e0f34000-7f17e0f35000 r--p 00000000 b5:84fa2 180144849708727743      /home/mila/l/le.zhang/.conda/envs/ir/lib/python3.10/site-packages/scipy/interpolate/_fitpack.cpython-310-x86_64-linux-gnu.so
7f17e0f35000-7f17e0f45000 r-xp 00001000 b5:84fa2 180144849708727743      /home/mila/l/le.zhang/.conda/envs/ir/lib/python3.10/site-packages/scipy/interpolate/_fitpack.cpython-310-x86_64-linux-gnu.so
7f17e0f45000-7f17e0f47000 r--p 00011000 b5:84fa2 180144849708727743      /home/mila/l/le.zhang/.conda/envs/ir/lib/python3.10/site-packages/scipy/interpolate/_fitpack.cpython-310-x86_64-linux-gnu.so
7f17e0f47000-7f17e0f48000 r--p 00012000 b5:84fa2 180144849708727743      /home/mila/l/le.zhang/.conda/envs/ir/lib/python3.10/site-packages/scipy/interpolate/_fitpack.cpython-310-x86_64-linux-gnu.so
7f17e0f48000-7f17e0f49000 rw-p 00013000 b5:84fa2 180144849708727743      /home/mila/l/le.zhang/.conda/envs/ir/lib/python3.10/site-packages/scipy/interpolate/_fitpack.cpython-310-x86_64-linux-gnu.so
7f17e0f49000-7f17e0f4a000 rw-p 00015000 b5:84fa2 180144849708727743      /home/mila/l/le.zhang/.conda/envs/ir/lib/python3.10/site-packages/scipy/interpolate/_fitpack.cpython-310-x86_64-linux-gnu.so
7f17e0f4a000-7f17e0f4b000 rw-p 00016000 b5:84fa2 180144849708727743      /home/mila/l/le.zhang/.conda/envs/ir/lib/python3.10/site-packages/scipy/interpolate/_fitpack.cpython-310-x86_64-linux-gnu.so
7f17e0f4b000-7f17e104b000 rw-p 00000000 00:00 0 
7f17e104b000-7f17e1067000 r--p 00000000 b5:84fa2 180144849708726833      /home/mila/l/le.zhang/.conda/envs/ir/lib/python3.10/site-packages/scipy/integrate/_lsoda.cpython-310-x86_64-linux-gnu.so
7f17e1067000-7f17e1082000 r-xp 0001c000 b5:84fa2 180144849708726833      /home/mila/l/le.zhang/.conda/envs/ir/lib/python3.10/site-packages/scipy/integrate/_lsoda.cpython-310-x86_64-linux-gnu.so
7f17e1082000-7f17e1091000 r--p 00037000 b5:84fa2 180144849708726833      /home/mila/l/le.zhang/.conda/envs/ir/lib/python3.10/site-packages/scipy/integrate/_lsoda.cpython-310-x86_64-linux-gnu.so
7f17e1091000-7f17e1092000 ---p 00046000 b5:84fa2 180144849708726833      /home/mila/l/le.zhang/.conda/envs/ir/lib/python3.10/site-packages/scipy/integrate/_lsoda.cpython-310-x86_64-linux-gnu.so
7f17e1092000-7f17e1093000 r--p 00046000 b5:84fa2 180144849708726833      /home/mila/l/le.zhang/.conda/envs/ir/lib/python3.10/site-packages/scipy/integrate/_lsoda.cpython-310-x86_64-linux-gnu.so
7f17e1093000-7f17e1098000 rw-p 00047000 b5:84fa2 180144849708726833      /home/mila/l/le.zhang/.conda/envs/ir/lib/python3.10/site-packages/scipy/integrate/_lsoda.cpython-310-x86_64-linux-gnu.so
7f17e1098000-7f17e10a9000 rw-p 00067000 b5:84fa2 180144849708726833      /home/mila/l/le.zhang/.conda/envs/ir/lib/python3.10/site-packages/scipy/integrate/_lsoda.cpython-310-x86_64-linux-gnu.so
7f17e10a9000-7f17e10b0000 rw-p 00078000 b5:84fa2 180144849708726833      /home/mila/l/le.zhang/.conda/envs/ir/lib/python3.10/site-packages/scipy/integrate/_lsoda.cpython-310-x86_64-linux-gnu.so
7f17e10b0000-7f17e10b3000 r--p 00000000 b5:84fa2 180144849708726850      /home/mila/l/le.zhang/.conda/envs/ir/lib/python3.10/site-packages/scipy/integrate/_dop.cpython-310-x86_64-linux-gnu.so
7f17e10b3000-7f17e10c1000 r-xp 00003000 b5:84fa2 180144849708726850      /home/mila/l/le.zhang/.conda/envs/ir/lib/python3.10/site-packages/scipy/integrate/_dop.cpython-310-x86_64-linux-gnu.so
7f17e10c1000-7f17e10c5000 r--p 00011000 b5:84fa2 180144849708726850      /home/mila/l/le.zhang/.conda/envs/ir/lib/python3.10/site-packages/scipy/integrate/_dop.cpython-310-x86_64-linux-gnu.so
7f17e10c5000-7f17e10c6000 r--p 00014000 b5:84fa2 180144849708726850      /home/mila/l/le.zhang/.conda/envs/ir/lib/python3.10/site-packages/scipy/integrate/_dop.cpython-310-x86_64-linux-gnu.so
7f17e10c6000-7f17e10c8000 rw-p 00015000 b5:84fa2 180144849708726850      /home/mila/l/le.zhang/.conda/envs/ir/lib/python3.10/site-packages/scipy/integrate/_dop.cpython-310-x86_64-linux-gnu.so
7f17e10c8000-7f17e10ca000 rw-p 0001a000 b5:84fa2 180144849708726850      /home/mila/l/le.zhang/.conda/envs/ir/lib/python3.10/site-packages/scipy/integrate/_dop.cpython-310-x86_64-linux-gnu.so
7f17e10ca000-7f17e10cb000 rw-p 0001c000 b5:84fa2 180144849708726850      /home/mila/l/le.zhang/.conda/envs/ir/lib/python3.10/site-packages/scipy/integrate/_dop.cpython-310-x86_64-linux-gnu.so
7f17e10cb000-7f17e10e7000 r--p 00000000 b5:84fa2 180144849708726839      /home/mila/l/le.zhang/.conda/envs/ir/lib/python3.10/site-packages/scipy/integrate/_vode.cpython-310-x86_64-linux-gnu.so
7f17e10e7000-7f17e110c000 r-xp 0001c000 b5:84fa2 180144849708726839      /home/mila/l/le.zhang/.conda/envs/ir/lib/python3.10/site-packages/scipy/integrate/_vode.cpython-310-x86_64-linux-gnu.so
7f17e110c000-7f17e111d000 r--p 00041000 b5:84fa2 180144849708726839      /home/mila/l/le.zhang/.conda/envs/ir/lib/python3.10/site-packages/scipy/integrate/_vode.cpython-310-x86_64-linux-gnu.so
7f17e111d000-7f17e111e000 r--p 00051000 b5:84fa2 180144849708726839      /home/mila/l/le.zhang/.conda/envs/ir/lib/python3.10/site-packages/scipy/integrate/_vode.cpython-310-x86_64-linux-gnu.so
7f17e111e000-7f17e1123000 rw-p 00052000 b5:84fa2 180144849708726839      /home/mila/l/le.zhang/.conda/envs/ir/lib/python3.10/site-packages/scipy/integrate/_vode.cpython-310-x86_64-linux-gnu.so
7f17e1123000-7f17e1134000 rw-p 00073000 b5:84fa2 180144849708726839      /home/mila/l/le.zhang/.conda/envs/ir/lib/python3.10/site-packages/scipy/integrate/_vode.cpython-310-x86_64-linux-gnu.so
7f17e1134000-7f17e113b000 rw-p 00084000 b5:84fa2 180144849708726839      /home/mila/l/le.zhang/.conda/envs/ir/lib/python3.10/site-packages/scipy/integrate/_vode.cpython-310-x86_64-linux-gnu.so
7f17e113b000-7f17e113d000 r--p 00000000 b5:84fa2 180144849708726834      /home/mila/l/le.zhang/.conda/envs/ir/lib/python3.10/site-packages/scipy/integrate/_quadpack.cpython-310-x86_64-linux-gnu.so
7f17e113d000-7f17e1151000 r-xp 00002000 b5:84fa2 180144849708726834      /home/mila/l/le.zhang/.conda/envs/ir/lib/python3.10/site-packages/scipy/integrate/_quadpack.cpython-310-x86_64-linux-gnu.so
7f17e1151000-7f17e1154000 r--p 00016000 b5:84fa2 180144849708726834      /home/mila/l/le.zhang/.conda/envs/ir/lib/python3.10/site-packages/scipy/integrate/_quadpack.cpython-310-x86_64-linux-gnu.so
7f17e1154000-7f17e1155000 r--p 00018000 b5:84fa2 180144849708726834      /home/mila/l/le.zhang/.conda/envs/ir/lib/python3.10/site-packages/scipy/integrate/_quadpack.cpython-310-x86_64-linux-gnu.so
7f17e1155000-7f17e1156000 rw-p 00019000 b5:84fa2 180144849708726834      /home/mila/l/le.zhang/.conda/envs/ir/lib/python3.10/site-packages/scipy/integrate/_quadpack.cpython-310-x86_64-linux-gnu.so
7f17e1156000-7f17e1171000 r--p 00000000 b5:84fa2 180144849708726844      /home/mila/l/le.zhang/.conda/envs/ir/lib/python3.10/site-packages/scipy/integrate/_odepack.cpython-310-x86_64-linux-gnu.so
7f17e1171000-7f17e1189000 r-xp 0001b000 b5:84fa2 180144849708726844      /home/mila/l/le.zhang/.conda/envs/ir/lib/python3.10/site-packages/scipy/integrate/_odepack.cpython-310-x86_64-linux-gnu.so
7f17e1189000-7f17e1197000 r--p 00033000 b5:84fa2 180144849708726844      /home/mila/l/le.zhang/.conda/envs/ir/lib/python3.10/site-packages/scipy/integrate/_odepack.cpython-310-x86_64-linux-gnu.so
7f17e1197000-7f17e1198000 r--p 00040000 b5:84fa2 180144849708726844      /home/mila/l/le.zhang/.conda/envs/ir/lib/python3.10/site-packages/scipy/integrate/_odepack.cpython-310-x86_64-linux-gnu.so
7f17e1198000-7f17e119c000 rw-p 00041000 b5:84fa2 180144849708726844      /home/mila/l/le.zhang/.conda/envs/ir/lib/python3.10/site-packages/scipy/integrate/_odepack.cpython-310-x86_64-linux-gnu.so
7f17e119c000-7f17e119d000 rw-p 00000000 00:00 0 
7f17e119d000-7f17e11ad000 rw-p 0005f000 b5:84fa2 180144849708726844      /home/mila/l/le.zhang/.conda/envs/ir/lib/python3.10/site-packages/scipy/integrate/_odepack.cpython-310-x86_64-linux-gnu.so
7f17e11ad000-7f17e11b3000 rw-p 0006f000 b5:84fa2 180144849708726844      /home/mila/l/le.zhang/.conda/envs/ir/lib/python3.10/site-packages/scipy/integrate/_odepack.cpython-310-x86_64-linux-gnu.so
7f17e11b3000-7f17e12b3000 rw-p 00000000 00:00 0 
7f17e12b3000-7f17e12b8000 r--p 00000000 b5:84fa2 180144849708727239      /home/mila/l/le.zhang/.conda/envs/ir/lib/python3.10/site-packages/scipy/optimize/_pava_pybind.cpython-310-x86_64-linux-gnu.so
7f17e12b8000-7f17e12d1000 r-xp 00005000 b5:84fa2 180144849708727239      /home/mila/l/le.zhang/.conda/envs/ir/lib/python3.10/site-packages/scipy/optimize/_pava_pybind.cpython-310-x86_64-linux-gnu.so
7f17e12d1000-7f17e12da000 r--p 0001e000 b5:84fa2 180144849708727239      /home/mila/l/le.zhang/.conda/envs/ir/lib/python3.10/site-packages/scipy/optimize/_pava_pybind.cpython-310-x86_64-linux-gnu.so
7f17e12da000-7f17e12db000 r--p 00026000 b5:84fa2 180144849708727239      /home/mila/l/le.zhang/.conda/envs/ir/lib/python3.10/site-packages/scipy/optimize/_pava_pybind.cpython-310-x86_64-linux-gnu.so
7f17e12db000-7f17e12dc000 rw-p 00027000 b5:84fa2 180144849708727239      /home/mila/l/le.zhang/.conda/envs/ir/lib/python3.10/site-packages/scipy/optimize/_pava_pybind.cpython-310-x86_64-linux-gnu.so
7f17e12dc000-7f17e12e2000 r--p 00000000 b5:84fa2 180144849708727268      /home/mila/l/le.zhang/.conda/envs/ir/lib/python3.10/site-packages/scipy/optimize/_bglu_dense.cpython-310-x86_64-linux-gnu.so
7f17e12e2000-7f17e131d000 r-xp 00006000 b5:84fa2 180144849708727268      /home/mila/l/le.zhang/.conda/envs/ir/lib/python3.10/site-packages/scipy/optimize/_bglu_dense.cpython-310-x86_64-linux-gnu.so
7f17e131d000-7f17e1327000 r--p 00041000 b5:84fa2 180144849708727268      /home/mila/l/le.zhang/.conda/envs/ir/lib/python3.10/site-packages/scipy/optimize/_bglu_dense.cpython-310-x86_64-linux-gnu.so
7f17e1327000-7f17e1328000 ---p 0004b000 b5:84fa2 180144849708727268      /home/mila/l/le.zhang/.conda/envs/ir/lib/python3.10/site-packages/scipy/optimize/_bglu_dense.cpython-310-x86_64-linux-gnu.so
7f17e1328000-7f17e1329000 r--p 0004b000 b5:84fa2 180144849708727268      /home/mila/l/le.zhang/.conda/envs/ir/lib/python3.10/site-packages/scipy/optimize/_bglu_dense.cpython-310-x86_64-linux-gnu.so
7f17e1329000-7f17e132c000 rw-p 0004c000 b5:84fa2 180144849708727268      /home/mila/l/le.zhang/.conda/envs/ir/lib/python3.10/site-packages/scipy/optimize/_bglu_dense.cpython-310-x86_64-linux-gnu.so
7f17e132c000-7f17e132d000 rw-p 00000000 00:00 0 
7f17e132d000-7f17e1334000 r--p 00000000 b5:84fa2 180144849708727794      /home/mila/l/le.zhang/.conda/envs/ir/lib/python3.10/site-packages/scipy/fft/_pocketfft/pypocketfft.cpython-310-x86_64-linux-gnu.so
7f17e1334000-7f17e140d000 r-xp 00007000 b5:84fa2 180144849708727794      /home/mila/l/le.zhang/.conda/envs/ir/lib/python3.10/site-packages/scipy/fft/_pocketfft/pypocketfft.cpython-310-x86_64-linux-gnu.so
7f17e140d000-7f17e1427000 r--p 000e0000 b5:84fa2 180144849708727794      /home/mila/l/le.zhang/.conda/envs/ir/lib/python3.10/site-packages/scipy/fft/_pocketfft/pypocketfft.cpython-310-x86_64-linux-gnu.so
7f17e1427000-7f17e1428000 ---p 000fa000 b5:84fa2 180144849708727794      /home/mila/l/le.zhang/.conda/envs/ir/lib/python3.10/site-packages/scipy/fft/_pocketfft/pypocketfft.cpython-310-x86_64-linux-gnu.so
7f17e1428000-7f17e1429000 r--p 000fa000 b5:84fa2 180144849708727794      /home/mila/l/le.zhang/.conda/envs/ir/lib/python3.10/site-packages/scipy/fft/_pocketfft/pypocketfft.cpython-310-x86_64-linux-gnu.so
7f17e1429000-7f17e142a000 rw-p 000fb000 b5:84fa2 180144849708727794      /home/mila/l/le.zhang/.conda/envs/ir/lib/python3.10/site-packages/scipy/fft/_pocketfft/pypocketfft.cpython-310-x86_64-linux-gnu.so
7f17e142a000-7f17e142c000 rw-p 00000000 00:00 0 
7f17e142c000-7f17e1430000 r--p 00000000 b5:84fa2 180144849708727036      /home/mila/l/le.zhang/.conda/envs/ir/lib/python3.10/site-packages/scipy/_lib/_uarray/_uarray.cpython-310-x86_64-linux-gnu.so
7f17e1430000-7f17e1443000 r-xp 00004000 b5:84fa2 180144849708727036      /home/mila/l/le.zhang/.conda/envs/ir/lib/python3.10/site-packages/scipy/_lib/_uarray/_uarray.cpython-310-x86_64-linux-gnu.so
7f17e1443000-7f17e1449000 r--p 00017000 b5:84fa2 180144849708727036      /home/mila/l/le.zhang/.conda/envs/ir/lib/python3.10/site-packages/scipy/_lib/_uarray/_uarray.cpython-310-x86_64-linux-gnu.so
7f17e1449000-7f17e144a000 r--p 0001c000 b5:84fa2 180144849708727036      /home/mila/l/le.zhang/.conda/envs/ir/lib/python3.10/site-packages/scipy/_lib/_uarray/_uarray.cpython-310-x86_64-linux-gnu.so
7f17e144a000-7f17e144b000 rw-p 0001d000 b5:84fa2 180144849708727036      /home/mila/l/le.zhang/.conda/envs/ir/lib/python3.10/site-packages/scipy/_lib/_uarray/_uarray.cpython-310-x86_64-linux-gnu.so
7f17e144b000-7f17e1450000 r--p 00000000 b5:84fa2 180144849708726767      /home/mila/l/le.zhang/.conda/envs/ir/lib/python3.10/site-packages/scipy/linalg/_decomp_interpolative.cpython-310-x86_64-linux-gnu.so
7f17e1450000-7f17e152d000 r-xp 00005000 b5:84fa2 180144849708726767      /home/mila/l/le.zhang/.conda/envs/ir/lib/python3.10/site-packages/scipy/linalg/_decomp_interpolative.cpython-310-x86_64-linux-gnu.so
7f17e152d000-7f17e153a000 r--p 000e2000 b5:84fa2 180144849708726767      /home/mila/l/le.zhang/.conda/envs/ir/lib/python3.10/site-packages/scipy/linalg/_decomp_interpolative.cpython-310-x86_64-linux-gnu.so
7f17e153a000-7f17e153b000 r--p 000ee000 b5:84fa2 180144849708726767      /home/mila/l/le.zhang/.conda/envs/ir/lib/python3.10/site-packages/scipy/linalg/_decomp_interpolative.cpython-310-x86_64-linux-gnu.so
7f17e153b000-7f17e153d000 rw-p 000ef000 b5:84fa2 180144849708726767      /home/mila/l/le.zhang/.conda/envs/ir/lib/python3.10/site-packages/scipy/linalg/_decomp_interpolative.cpython-310-x86_64-linux-gnu.so
7f17e153d000-7f17e153f000 rw-p 00000000 00:00 0 
7f17e153f000-7f17e1545000 r--p 00000000 b5:84fa2 180144849708727346      /home/mila/l/le.zhang/.conda/envs/ir/lib/python3.10/site-packages/scipy/optimize/_highspy/_highs_options.cpython-310-x86_64-linux-gnu.so
7f17e1545000-7f17e157a000 r-xp 00006000 b5:84fa2 180144849708727346      /home/mila/l/le.zhang/.conda/envs/ir/lib/python3.10/site-packages/scipy/optimize/_highspy/_highs_options.cpython-310-x86_64-linux-gnu.so
7f17e157a000-7f17e158b000 r--p 0003b000 b5:84fa2 180144849708727346      /home/mila/l/le.zhang/.conda/envs/ir/lib/python3.10/site-packages/scipy/optimize/_highspy/_highs_options.cpython-310-x86_64-linux-gnu.so
7f17e158b000-7f17e158c000 r--p 0004b000 b5:84fa2 180144849708727346      /home/mila/l/le.zhang/.conda/envs/ir/lib/python3.10/site-packages/scipy/optimize/_highspy/_highs_options.cpython-310-x86_64-linux-gnu.so
7f17e158c000-7f17e158d000 rw-p 0004c000 b5:84fa2 180144849708727346      /home/mila/l/le.zhang/.conda/envs/ir/lib/python3.10/site-packages/scipy/optimize/_highspy/_highs_options.cpython-310-x86_64-linux-gnu.so
7f17e158d000-7f17e168d000 rw-p 00000000 00:00 0 
7f17e168d000-7f17e169f000 r--p 00000000 b5:84fa2 180144849708727345      /home/mila/l/le.zhang/.conda/envs/ir/lib/python3.10/site-packages/scipy/optimize/_highspy/_core.cpython-310-x86_64-linux-gnu.so
7f17e169f000-7f17e1a8c000 r-xp 00012000 b5:84fa2 180144849708727345      /home/mila/l/le.zhang/.conda/envs/ir/lib/python3.10/site-packages/scipy/optimize/_highspy/_core.cpython-310-x86_64-linux-gnu.so
7f17e1a8c000-7f17e1b2d000 r--p 003ff000 b5:84fa2 180144849708727345      /home/mila/l/le.zhang/.conda/envs/ir/lib/python3.10/site-packages/scipy/optimize/_highspy/_core.cpython-310-x86_64-linux-gnu.so
7f17e1b2d000-7f17e1b32000 r--p 0049f000 b5:84fa2 180144849708727345      /home/mila/l/le.zhang/.conda/envs/ir/lib/python3.10/site-packages/scipy/optimize/_highspy/_core.cpython-310-x86_64-linux-gnu.so
7f17e1b32000-7f17e1b33000 rw-p 004a4000 b5:84fa2 180144849708727345      /home/mila/l/le.zhang/.conda/envs/ir/lib/python3.10/site-packages/scipy/optimize/_highspy/_core.cpython-310-x86_64-linux-gnu.so
7f17e1b33000-7f17e1b38000 rw-p 00000000 00:00 0 
7f17e1b38000-7f17e1b3b000 r--p 00000000 b5:84fa2 180144849708727222      /home/mila/l/le.zhang/.conda/envs/ir/lib/python3.10/site-packages/scipy/optimize/_cython_nnls.cpython-310-x86_64-linux-gnu.so
7f17e1b3b000-7f17e1b4d000 r-xp 00003000 b5:84fa2 180144849708727222      /home/mila/l/le.zhang/.conda/envs/ir/lib/python3.10/site-packages/scipy/optimize/_cython_nnls.cpython-310-x86_64-linux-gnu.so
7f17e1b4d000-7f17e1b51000 r--p 00015000 b5:84fa2 180144849708727222      /home/mila/l/le.zhang/.conda/envs/ir/lib/python3.10/site-packages/scipy/optimize/_cython_nnls.cpython-310-x86_64-linux-gnu.so
7f17e1b51000-7f17e1b52000 r--p 00018000 b5:84fa2 180144849708727222      /home/mila/l/le.zhang/.conda/envs/ir/lib/python3.10/site-packages/scipy/optimize/_cython_nnls.cpython-310-x86_64-linux-gnu.so
7f17e1b52000-7f17e1b53000 rw-p 00019000 b5:84fa2 180144849708727222      /home/mila/l/le.zhang/.conda/envs/ir/lib/python3.10/site-packages/scipy/optimize/_cython_nnls.cpython-310-x86_64-linux-gnu.so
7f17e1b53000-7f17e1b58000 r--p 00000000 b5:84fa2 180144849708727281      /home/mila/l/le.zhang/.conda/envs/ir/lib/python3.10/site-packages/scipy/optimize/_lsq/givens_elimination.cpython-310-x86_64-linux-gnu.so
7f17e1b58000-7f17e1b7b000 r-xp 00005000 b5:84fa2 180144849708727281      /home/mila/l/le.zhang/.conda/envs/ir/lib/python3.10/site-packages/scipy/optimize/_lsq/givens_elimination.cpython-310-x86_64-linux-gnu.so
7f17e1b7b000-7f17e1b82000 r--p 00028000 b5:84fa2 180144849708727281      /home/mila/l/le.zhang/.conda/envs/ir/lib/python3.10/site-packages/scipy/optimize/_lsq/givens_elimination.cpython-310-x86_64-linux-gnu.so
7f17e1b82000-7f17e1b83000 ---p 0002f000 b5:84fa2 180144849708727281      /home/mila/l/le.zhang/.conda/envs/ir/lib/python3.10/site-packages/scipy/optimize/_lsq/givens_elimination.cpython-310-x86_64-linux-gnu.so
7f17e1b83000-7f17e1b84000 r--p 0002f000 b5:84fa2 180144849708727281      /home/mila/l/le.zhang/.conda/envs/ir/lib/python3.10/site-packages/scipy/optimize/_lsq/givens_elimination.cpython-310-x86_64-linux-gnu.so
7f17e1b84000-7f17e1b86000 rw-p 00030000 b5:84fa2 180144849708727281      /home/mila/l/le.zhang/.conda/envs/ir/lib/python3.10/site-packages/scipy/optimize/_lsq/givens_elimination.cpython-310-x86_64-linux-gnu.so
7f17e1b86000-7f17e1b88000 r--p 00000000 b5:84fa2 180144849708727260      /home/mila/l/le.zhang/.conda/envs/ir/lib/python3.10/site-packages/scipy/optimize/_minpack.cpython-310-x86_64-linux-gnu.so
7f17e1b88000-7f17e1b9a000 r-xp 00002000 b5:84fa2 180144849708727260      /home/mila/l/le.zhang/.conda/envs/ir/lib/python3.10/site-packages/scipy/optimize/_minpack.cpython-310-x86_64-linux-gnu.so
7f17e1b9a000-7f17e1b9c000 r--p 00014000 b5:84fa2 180144849708727260      /home/mila/l/le.zhang/.conda/envs/ir/lib/python3.10/site-packages/scipy/optimize/_minpack.cpython-310-x86_64-linux-gnu.so
7f17e1b9c000-7f17e1b9d000 r--p 00015000 b5:84fa2 180144849708727260      /home/mila/l/le.zhang/.conda/envs/ir/lib/python3.10/site-packages/scipy/optimize/_minpack.cpython-310-x86_64-linux-gnu.so
7f17e1b9d000-7f17e1b9e000 rw-p 00016000 b5:84fa2 180144849708727260      /home/mila/l/le.zhang/.conda/envs/ir/lib/python3.10/site-packages/scipy/optimize/_minpack.cpython-310-x86_64-linux-gnu.so
7f17e1b9e000-7f17e1ba0000 r--p 00000000 b5:84fa2 180144849708727218      /home/mila/l/le.zhang/.conda/envs/ir/lib/python3.10/site-packages/scipy/optimize/_cobyla.cpython-310-x86_64-linux-gnu.so
7f17e1ba0000-7f17e1bae000 r-xp 00002000 b5:84fa2 180144849708727218      /home/mila/l/le.zhang/.conda/envs/ir/lib/python3.10/site-packages/scipy/optimize/_cobyla.cpython-310-x86_64-linux-gnu.so
7f17e1bae000-7f17e1bb1000 r--p 00010000 b5:84fa2 180144849708727218      /home/mila/l/le.zhang/.conda/envs/ir/lib/python3.10/site-packages/scipy/optimize/_cobyla.cpython-310-x86_64-linux-gnu.so
7f17e1bb1000-7f17e1bb2000 r--p 00012000 b5:84fa2 180144849708727218      /home/mila/l/le.zhang/.conda/envs/ir/lib/python3.10/site-packages/scipy/optimize/_cobyla.cpython-310-x86_64-linux-gnu.so
7f17e1bb2000-7f17e1bb3000 rw-p 00013000 b5:84fa2 180144849708727218      /home/mila/l/le.zhang/.conda/envs/ir/lib/python3.10/site-packages/scipy/optimize/_cobyla.cpython-310-x86_64-linux-gnu.so
7f17e1bb3000-7f17e1bb4000 rw-p 00017000 b5:84fa2 180144849708727218      /home/mila/l/le.zhang/.conda/envs/ir/lib/python3.10/site-packages/scipy/optimize/_cobyla.cpython-310-x86_64-linux-gnu.so
7f17e1bb4000-7f17e1bb5000 rw-p 00019000 b5:84fa2 180144849708727218      /home/mila/l/le.zhang/.conda/envs/ir/lib/python3.10/site-packages/scipy/optimize/_cobyla.cpython-310-x86_64-linux-gnu.so
7f17e1bb5000-7f17e1bb8000 r--p 00000000 b5:84fa2 180144849708727271      /home/mila/l/le.zhang/.conda/envs/ir/lib/python3.10/site-packages/scipy/optimize/_moduleTNC.cpython-310-x86_64-linux-gnu.so
7f17e1bb8000-7f17e1bd1000 r-xp 00003000 b5:84fa2 180144849708727271      /home/mila/l/le.zhang/.conda/envs/ir/lib/python3.10/site-packages/scipy/optimize/_moduleTNC.cpython-310-x86_64-linux-gnu.so
7f17e1bd1000-7f17e1bd5000 r--p 0001c000 b5:84fa2 180144849708727271      /home/mila/l/le.zhang/.conda/envs/ir/lib/python3.10/site-packages/scipy/optimize/_moduleTNC.cpython-310-x86_64-linux-gnu.so
7f17e1bd5000-7f17e1bd6000 r--p 0001f000 b5:84fa2 180144849708727271      /home/mila/l/le.zhang/.conda/envs/ir/lib/python3.10/site-packages/scipy/optimize/_moduleTNC.cpython-310-x86_64-linux-gnu.so
7f17e1bd6000-7f17e1bd7000 rw-p 00020000 b5:84fa2 180144849708727271      /home/mila/l/le.zhang/.conda/envs/ir/lib/python3.10/site-packages/scipy/optimize/_moduleTNC.cpython-310-x86_64-linux-gnu.so
7f17e1bd7000-7f17e1bf2000 r--p 00000000 b5:84fa2 180144849708727264      /home/mila/l/le.zhang/.conda/envs/ir/lib/python3.10/site-packages/scipy/optimize/_lbfgsb.cpython-310-x86_64-linux-gnu.so
7f17e1bf2000-7f17e1c07000 r-xp 0001b000 b5:84fa2 180144849708727264      /home/mila/l/le.zhang/.conda/envs/ir/lib/python3.10/site-packages/scipy/optimize/_lbfgsb.cpython-310-x86_64-linux-gnu.so
7f17e1c07000-7f17e1c13000 r--p 00030000 b5:84fa2 180144849708727264      /home/mila/l/le.zhang/.conda/envs/ir/lib/python3.10/site-packages/scipy/optimize/_lbfgsb.cpython-310-x86_64-linux-gnu.so
7f17e1c13000-7f17e1c14000 ---p 0003c000 b5:84fa2 180144849708727264      /home/mila/l/le.zhang/.conda/envs/ir/lib/python3.10/site-packages/scipy/optimize/_lbfgsb.cpython-310-x86_64-linux-gnu.so
7f17e1c14000-7f17e1c15000 r--p 0003c000 b5:84fa2 180144849708727264      /home/mila/l/le.zhang/.conda/envs/ir/lib/python3.10/site-packages/scipy/optimize/_lbfgsb.cpython-310-x86_64-linux-gnu.so
7f17e1c15000-7f17e1c19000 rw-p 0003d000 b5:84fa2 180144849708727264      /home/mila/l/le.zhang/.conda/envs/ir/lib/python3.10/site-packages/scipy/optimize/_lbfgsb.cpython-310-x86_64-linux-gnu.so
7f17e1c19000-7f17e1c29000 rw-p 0005b000 b5:84fa2 180144849708727264      /home/mila/l/le.zhang/.conda/envs/ir/lib/python3.10/site-packages/scipy/optimize/_lbfgsb.cpython-310-x86_64-linux-gnu.so
7f17e1c29000-7f17e1c2f000 rw-p 0006b000 b5:84fa2 180144849708727264      /home/mila/l/le.zhang/.conda/envs/ir/lib/python3.10/site-packages/scipy/optimize/_lbfgsb.cpython-310-x86_64-linux-gnu.so
7f17e1c2f000-7f17e1c34000 r--p 00000000 b5:84fa2 180144849708727287      /home/mila/l/le.zhang/.conda/envs/ir/lib/python3.10/site-packages/scipy/optimize/_trlib/_trlib.cpython-310-x86_64-linux-gnu.so
7f17e1c34000-7f17e1c73000 r-xp 00005000 b5:84fa2 180144849708727287      /home/mila/l/le.zhang/.conda/envs/ir/lib/python3.10/site-packages/scipy/optimize/_trlib/_trlib.cpython-310-x86_64-linux-gnu.so
7f17e1c73000-7f17e1c7d000 r--p 00044000 b5:84fa2 180144849708727287      /home/mila/l/le.zhang/.conda/envs/ir/lib/python3.10/site-packages/scipy/optimize/_trlib/_trlib.cpython-310-x86_64-linux-gnu.so
7f17e1c7d000-7f17e1c7e000 r--p 0004d000 b5:84fa2 180144849708727287      /home/mila/l/le.zhang/.conda/envs/ir/lib/python3.10/site-packages/scipy/optimize/_trlib/_trlib.cpython-310-x86_64-linux-gnu.so
7f17e1c7e000-7f17e1c80000 rw-p 0004e000 b5:84fa2 180144849708727287      /home/mila/l/le.zhang/.conda/envs/ir/lib/python3.10/site-packages/scipy/optimize/_trlib/_trlib.cpython-310-x86_64-linux-gnu.so
7f17e1c80000-7f17e1c81000 rw-p 00000000 00:00 0 
7f17e1c81000-7f17e1c84000 rw-p 00059000 b5:84fa2 180144849708727287      /home/mila/l/le.zhang/.conda/envs/ir/lib/python3.10/site-packages/scipy/optimize/_trlib/_trlib.cpython-310-x86_64-linux-gnu.so
7f17e1c84000-7f17e1c86000 rw-p 0005c000 b5:84fa2 180144849708727287      /home/mila/l/le.zhang/.conda/envs/ir/lib/python3.10/site-packages/scipy/optimize/_trlib/_trlib.cpython-310-x86_64-linux-gnu.so
7f17e1c86000-7f17e1d86000 rw-p 00000000 00:00 0 
7f17e1d86000-7f17e1d8d000 r--p 00000000 b5:84fa2 180144849708727838      /home/mila/l/le.zhang/.conda/envs/ir/lib/python3.10/site-packages/scipy/spatial/transform/_rotation.cpython-310-x86_64-linux-gnu.so
7f17e1d8d000-7f17e1e38000 r-xp 00007000 b5:84fa2 180144849708727838      /home/mila/l/le.zhang/.conda/envs/ir/lib/python3.10/site-packages/scipy/spatial/transform/_rotation.cpython-310-x86_64-linux-gnu.so
7f17e1e38000-7f17e1e6b000 r--p 000b2000 b5:84fa2 180144849708727838      /home/mila/l/le.zhang/.conda/envs/ir/lib/python3.10/site-packages/scipy/spatial/transform/_rotation.cpython-310-x86_64-linux-gnu.so
7f17e1e6b000-7f17e1e6c000 r--p 000e4000 b5:84fa2 180144849708727838      /home/mila/l/le.zhang/.conda/envs/ir/lib/python3.10/site-packages/scipy/spatial/transform/_rotation.cpython-310-x86_64-linux-gnu.so
7f17e1e6c000-7f17e1e70000 rw-p 000e5000 b5:84fa2 180144849708727838      /home/mila/l/le.zhang/.conda/envs/ir/lib/python3.10/site-packages/scipy/spatial/transform/_rotation.cpython-310-x86_64-linux-gnu.so
7f17e1e70000-7f17e1e72000 rw-p 00000000 00:00 0 
7f17e1e72000-7f17e1e78000 r--p 00000000 b5:84fa2 180144849708727828      /home/mila/l/le.zhang/.conda/envs/ir/lib/python3.10/site-packages/scipy/spatial/_distance_pybind.cpython-310-x86_64-linux-gnu.so
7f17e1e78000-7f17e1ede000 r-xp 00006000 b5:84fa2 180144849708727828      /home/mila/l/le.zhang/.conda/envs/ir/lib/python3.10/site-packages/scipy/spatial/_distance_pybind.cpython-310-x86_64-linux-gnu.so
7f17e1ede000-7f17e1eef000 r--p 0006c000 b5:84fa2 180144849708727828      /home/mila/l/le.zhang/.conda/envs/ir/lib/python3.10/site-packages/scipy/spatial/_distance_pybind.cpython-310-x86_64-linux-gnu.so
7f17e1eef000-7f17e1ef0000 r--p 0007c000 b5:84fa2 180144849708727828      /home/mila/l/le.zhang/.conda/envs/ir/lib/python3.10/site-packages/scipy/spatial/_distance_pybind.cpython-310-x86_64-linux-gnu.so
7f17e1ef0000-7f17e1ef1000 rw-p 0007d000 b5:84fa2 180144849708727828      /home/mila/l/le.zhang/.conda/envs/ir/lib/python3.10/site-packages/scipy/spatial/_distance_pybind.cpython-310-x86_64-linux-gnu.so
7f17e1ef1000-7f17e1ef6000 r--p 00000000 b5:84fa2 180144849708727815      /home/mila/l/le.zhang/.conda/envs/ir/lib/python3.10/site-packages/scipy/spatial/_hausdorff.cpython-310-x86_64-linux-gnu.so
7f17e1ef6000-7f17e1f1d000 r-xp 00005000 b5:84fa2 180144849708727815      /home/mila/l/le.zhang/.conda/envs/ir/lib/python3.10/site-packages/scipy/spatial/_hausdorff.cpython-310-x86_64-linux-gnu.so
7f17e1f1d000-7f17e1f24000 r--p 0002c000 b5:84fa2 180144849708727815      /home/mila/l/le.zhang/.conda/envs/ir/lib/python3.10/site-packages/scipy/spatial/_hausdorff.cpython-310-x86_64-linux-gnu.so
7f17e1f24000-7f17e1f25000 ---p 00033000 b5:84fa2 180144849708727815      /home/mila/l/le.zhang/.conda/envs/ir/lib/python3.10/site-packages/scipy/spatial/_hausdorff.cpython-310-x86_64-linux-gnu.so
7f17e1f25000-7f17e1f26000 r--p 00033000 b5:84fa2 180144849708727815      /home/mila/l/le.zhang/.conda/envs/ir/lib/python3.10/site-packages/scipy/spatial/_hausdorff.cpython-310-x86_64-linux-gnu.so
7f17e1f26000-7f17e1f28000 rw-p 00034000 b5:84fa2 180144849708727815      /home/mila/l/le.zhang/.conda/envs/ir/lib/python3.10/site-packages/scipy/spatial/_hausdorff.cpython-310-x86_64-linux-gnu.so
7f17e1f28000-7f17e1f29000 rw-p 00000000 00:00 0 
7f17e1f29000-7f17e1f2e000 r--p 00000000 b5:84fa2 180144849708727812      /home/mila/l/le.zhang/.conda/envs/ir/lib/python3.10/site-packages/scipy/spatial/_voronoi.cpython-310-x86_64-linux-gnu.so
7f17e1f2e000-7f17e1f53000 r-xp 00005000 b5:84fa2 180144849708727812      /home/mila/l/le.zhang/.conda/envs/ir/lib/python3.10/site-packages/scipy/spatial/_voronoi.cpython-310-x86_64-linux-gnu.so
7f17e1f53000-7f17e1f5a000 r--p 0002a000 b5:84fa2 180144849708727812      /home/mila/l/le.zhang/.conda/envs/ir/lib/python3.10/site-packages/scipy/spatial/_voronoi.cpython-310-x86_64-linux-gnu.so
7f17e1f5a000-7f17e1f5b000 ---p 00031000 b5:84fa2 180144849708727812      /home/mila/l/le.zhang/.conda/envs/ir/lib/python3.10/site-packages/scipy/spatial/_voronoi.cpython-310-x86_64-linux-gnu.so
7f17e1f5b000-7f17e1f5c000 r--p 00031000 b5:84fa2 180144849708727812      /home/mila/l/le.zhang/.conda/envs/ir/lib/python3.10/site-packages/scipy/spatial/_voronoi.cpython-310-x86_64-linux-gnu.so
7f17e1f5c000-7f17e1f5e000 rw-p 00032000 b5:84fa2 180144849708727812      /home/mila/l/le.zhang/.conda/envs/ir/lib/python3.10/site-packages/scipy/spatial/_voronoi.cpython-310-x86_64-linux-gnu.so
7f17e1f5e000-7f17e205f000 rw-p 00000000 00:00 0 
7f17e205f000-7f17e2066000 r--p 00000000 b5:84fa2 180144849708727818      /home/mila/l/le.zhang/.conda/envs/ir/lib/python3.10/site-packages/scipy/spatial/_qhull.cpython-310-x86_64-linux-gnu.so
7f17e2066000-7f17e212f000 r-xp 00007000 b5:84fa2 180144849708727818      /home/mila/l/le.zhang/.conda/envs/ir/lib/python3.10/site-packages/scipy/spatial/_qhull.cpython-310-x86_64-linux-gnu.so
7f17e212f000-7f17e2167000 r--p 000d0000 b5:84fa2 180144849708727818      /home/mila/l/le.zhang/.conda/envs/ir/lib/python3.10/site-packages/scipy/spatial/_qhull.cpython-310-x86_64-linux-gnu.so
7f17e2167000-7f17e2168000 r--p 00107000 b5:84fa2 180144849708727818      /home/mila/l/le.zhang/.conda/envs/ir/lib/python3.10/site-packages/scipy/spatial/_qhull.cpython-310-x86_64-linux-gnu.so
7f17e2168000-7f17e216b000 rw-p 00108000 b5:84fa2 180144849708727818      /home/mila/l/le.zhang/.conda/envs/ir/lib/python3.10/site-packages/scipy/spatial/_qhull.cpython-310-x86_64-linux-gnu.so
7f17e216b000-7f17e216d000 rw-p 00000000 00:00 0 
7f17e216d000-7f17e2175000 r--p 00000000 b5:84fa2 180144849708727825      /home/mila/l/le.zhang/.conda/envs/ir/lib/python3.10/site-packages/scipy/spatial/_ckdtree.cpython-310-x86_64-linux-gnu.so
7f17e2175000-7f17e221f000 r-xp 00008000 b5:84fa2 180144849708727825      /home/mila/l/le.zhang/.conda/envs/ir/lib/python3.10/site-packages/scipy/spatial/_ckdtree.cpython-310-x86_64-linux-gnu.so
7f17e221f000-7f17e223e000 r--p 000b2000 b5:84fa2 180144849708727825      /home/mila/l/le.zhang/.conda/envs/ir/lib/python3.10/site-packages/scipy/spatial/_ckdtree.cpython-310-x86_64-linux-gnu.so
7f17e223e000-7f17e223f000 ---p 000d1000 b5:84fa2 180144849708727825      /home/mila/l/le.zhang/.conda/envs/ir/lib/python3.10/site-packages/scipy/spatial/_ckdtree.cpython-310-x86_64-linux-gnu.so
7f17e223f000-7f17e2240000 r--p 000d1000 b5:84fa2 180144849708727825      /home/mila/l/le.zhang/.conda/envs/ir/lib/python3.10/site-packages/scipy/spatial/_ckdtree.cpython-310-x86_64-linux-gnu.so
7f17e2240000-7f17e2244000 rw-p 000d2000 b5:84fa2 180144849708727825      /home/mila/l/le.zhang/.conda/envs/ir/lib/python3.10/site-packages/scipy/spatial/_ckdtree.cpython-310-x86_64-linux-gnu.so
7f17e2244000-7f17e2245000 rw-p 00000000 00:00 0 
7f17e2245000-7f17e2246000 r--p 00000000 b5:84fa2 162130525153156879      /home/mila/l/le.zhang/.conda/envs/ir/lib/python3.10/lib-dynload/_statistics.cpython-310-x86_64-linux-gnu.so
7f17e2246000-7f17e2247000 r-xp 00001000 b5:84fa2 162130525153156879      /home/mila/l/le.zhang/.conda/envs/ir/lib/python3.10/lib-dynload/_statistics.cpython-310-x86_64-linux-gnu.so
7f17e2247000-7f17e2248000 r--p 00002000 b5:84fa2 162130525153156879      /home/mila/l/le.zhang/.conda/envs/ir/lib/python3.10/lib-dynload/_statistics.cpython-310-x86_64-linux-gnu.so
7f17e2248000-7f17e2249000 r--p 00002000 b5:84fa2 162130525153156879      /home/mila/l/le.zhang/.conda/envs/ir/lib/python3.10/lib-dynload/_statistics.cpython-310-x86_64-linux-gnu.so
7f17e2249000-7f17e224a000 rw-p 00003000 b5:84fa2 162130525153156879      /home/mila/l/le.zhang/.conda/envs/ir/lib/python3.10/lib-dynload/_statistics.cpython-310-x86_64-linux-gnu.so
7f17e224a000-7f17e224d000 r--p 00000000 b5:84fa2 180144764732132158      /home/mila/l/le.zhang/.conda/envs/ir/lib/python3.10/site-packages/aiohttp/_websocket.cpython-310-x86_64-linux-gnu.so
7f17e224d000-7f17e2252000 r-xp 00003000 b5:84fa2 180144764732132158      /home/mila/l/le.zhang/.conda/envs/ir/lib/python3.10/site-packages/aiohttp/_websocket.cpython-310-x86_64-linux-gnu.so
7f17e2252000-7f17e2254000 r--p 00008000 b5:84fa2 180144764732132158      /home/mila/l/le.zhang/.conda/envs/ir/lib/python3.10/site-packages/aiohttp/_websocket.cpython-310-x86_64-linux-gnu.so
7f17e2254000-7f17e2255000 r--p 00009000 b5:84fa2 180144764732132158      /home/mila/l/le.zhang/.conda/envs/ir/lib/python3.10/site-packages/aiohttp/_websocket.cpython-310-x86_64-linux-gnu.so
7f17e2255000-7f17e2256000 rw-p 0000a000 b5:84fa2 180144764732132158      /home/mila/l/le.zhang/.conda/envs/ir/lib/python3.10/site-packages/aiohttp/_websocket.cpython-310-x86_64-linux-gnu.so
7f17e2256000-7f17e225a000 r--p 00000000 b5:84fa2 180144764732128643      /home/mila/l/le.zhang/.conda/envs/ir/lib/python3.10/site-packages/yarl/_quoting_c.cpython-310-x86_64-linux-gnu.so
7f17e225a000-7f17e2271000 r-xp 00004000 b5:84fa2 180144764732128643      /home/mila/l/le.zhang/.conda/envs/ir/lib/python3.10/site-packages/yarl/_quoting_c.cpython-310-x86_64-linux-gnu.so
7f17e2271000-7f17e2275000 r--p 0001b000 b5:84fa2 180144764732128643      /home/mila/l/le.zhang/.conda/envs/ir/lib/python3.10/site-packages/yarl/_quoting_c.cpython-310-x86_64-linux-gnu.so
7f17e2275000-7f17e2276000 r--p 0001e000 b5:84fa2 180144764732128643      /home/mila/l/le.zhang/.conda/envs/ir/lib/python3.10/site-packages/yarl/_quoting_c.cpython-310-x86_64-linux-gnu.so
7f17e2276000-7f17e2277000 rw-p 0001f000 b5:84fa2 180144764732128643      /home/mila/l/le.zhang/.conda/envs/ir/lib/python3.10/site-packages/yarl/_quoting_c.cpython-310-x86_64-linux-gnu.so
7f17e2277000-7f17e227a000 rw-p 00000000 00:00 0 
7f17e227a000-7f17e227e000 r--p 00000000 b5:84fa2 180144764732128199      /home/mila/l/le.zhang/.conda/envs/ir/lib/python3.10/site-packages/multidict/_multidict.cpython-310-x86_64-linux-gnu.so
7f17e227e000-7f17e2286000 r-xp 00004000 b5:84fa2 180144764732128199      /home/mila/l/le.zhang/.conda/envs/ir/lib/python3.10/site-packages/multidict/_multidict.cpython-310-x86_64-linux-gnu.so
7f17e2286000-7f17e2289000 r--p 0000c000 b5:84fa2 180144764732128199      /home/mila/l/le.zhang/.conda/envs/ir/lib/python3.10/site-packages/multidict/_multidict.cpython-310-x86_64-linux-gnu.so
7f17e2289000-7f17e228a000 r--p 0000e000 b5:84fa2 180144764732128199      /home/mila/l/le.zhang/.conda/envs/ir/lib/python3.10/site-packages/multidict/_multidict.cpython-310-x86_64-linux-gnu.so
7f17e228a000-7f17e228c000 rw-p 0000f000 b5:84fa2 180144764732128199      /home/mila/l/le.zhang/.conda/envs/ir/lib/python3.10/site-packages/multidict/_multidict.cpython-310-x86_64-linux-gnu.so
7f17e228c000-7f17e2290000 r--p 00000000 b5:84fa2 180144849708726440      /home/mila/l/le.zhang/.conda/envs/ir/lib/python3.10/site-packages/wrapt/_wrappers.cpython-310-x86_64-linux-gnu.so
7f17e2290000-7f17e2295000 r-xp 00004000 b5:84fa2 180144849708726440      /home/mila/l/le.zhang/.conda/envs/ir/lib/python3.10/site-packages/wrapt/_wrappers.cpython-310-x86_64-linux-gnu.so
7f17e2295000-7f17e2297000 r--p 00009000 b5:84fa2 180144849708726440      /home/mila/l/le.zhang/.conda/envs/ir/lib/python3.10/site-packages/wrapt/_wrappers.cpython-310-x86_64-linux-gnu.so
7f17e2297000-7f17e2298000 r--p 0000a000 b5:84fa2 180144849708726440      /home/mila/l/le.zhang/.conda/envs/ir/lib/python3.10/site-packages/wrapt/_wrappers.cpython-310-x86_64-linux-gnu.so
7f17e2298000-7f17e229a000 rw-p 0000b000 b5:84fa2 180144849708726440      /home/mila/l/le.zhang/.conda/envs/ir/lib/python3.10/site-packages/wrapt/_wrappers.cpython-310-x86_64-linux-gnu.so
7f17e229a000-7f17e22a0000 r--p 00000000 b5:84fa2 180144849708731173      /home/mila/l/le.zhang/.conda/envs/ir/lib/python3.10/site-packages/msgspec/_core.cpython-310-x86_64-linux-gnu.so
7f17e22a0000-7f17e22da000 r-xp 00006000 b5:84fa2 180144849708731173      /home/mila/l/le.zhang/.conda/envs/ir/lib/python3.10/site-packages/msgspec/_core.cpython-310-x86_64-linux-gnu.so
7f17e22da000-7f17e22f3000 r--p 00040000 b5:84fa2 180144849708731173      /home/mila/l/le.zhang/.conda/envs/ir/lib/python3.10/site-packages/msgspec/_core.cpython-310-x86_64-linux-gnu.so
7f17e22f3000-7f17e22f4000 r--p 00058000 b5:84fa2 180144849708731173      /home/mila/l/le.zhang/.conda/envs/ir/lib/python3.10/site-packages/msgspec/_core.cpython-310-x86_64-linux-gnu.so
7f17e22f4000-7f17e22f8000 rw-p 00059000 b5:84fa2 180144849708731173      /home/mila/l/le.zhang/.conda/envs/ir/lib/python3.10/site-packages/msgspec/_core.cpython-310-x86_64-linux-gnu.so
7f17e22f8000-7f17e23fb000 rw-p 00000000 00:00 0 
7f17e23fb000-7f17e2409000 r--p 00000000 b5:84fa2 162129821231508691      /home/mila/l/le.zhang/.conda/envs/ir/lib/libsodium.so.23.3.0
7f17e2409000-7f17e2442000 r-xp 0000e000 b5:84fa2 162129821231508691      /home/mila/l/le.zhang/.conda/envs/ir/lib/libsodium.so.23.3.0
7f17e2442000-7f17e2454000 r--p 00047000 b5:84fa2 162129821231508691      /home/mila/l/le.zhang/.conda/envs/ir/lib/libsodium.so.23.3.0
7f17e2454000-7f17e2455000 r--p 00058000 b5:84fa2 162129821231508691      /home/mila/l/le.zhang/.conda/envs/ir/lib/libsodium.so.23.3.0
7f17e2455000-7f17e2456000 rw-p 00059000 b5:84fa2 162129821231508691      /home/mila/l/le.zhang/.conda/envs/ir/lib/libsodium.so.23.3.0
7f17e2456000-7f17e246d000 r--p 00000000 b5:84fa2 162129830492613389      /home/mila/l/le.zhang/.conda/envs/ir/lib/libzmq.so.5.2.5
7f17e246d000-7f17e24d6000 r-xp 00017000 b5:84fa2 162129830492613389      /home/mila/l/le.zhang/.conda/envs/ir/lib/libzmq.so.5.2.5
7f17e24d6000-7f17e24f4000 r--p 00080000 b5:84fa2 162129830492613389      /home/mila/l/le.zhang/.conda/envs/ir/lib/libzmq.so.5.2.5
7f17e24f4000-7f17e24fc000 r--p 0009d000 b5:84fa2 162129830492613389      /home/mila/l/le.zhang/.conda/envs/ir/lib/libzmq.so.5.2.5
7f17e24fc000-7f17e24fd000 rw-p 000a5000 b5:84fa2 162129830492613389      /home/mila/l/le.zhang/.conda/envs/ir/lib/libzmq.so.5.2.5
7f17e24fd000-7f17e2504000 r--p 00000000 b5:84fa2 162130495189076419      /home/mila/l/le.zhang/.conda/envs/ir/lib/python3.10/site-packages/zmq/backend/cython/_zmq.cpython-310-x86_64-linux-gnu.so
7f17e2504000-7f17e2538000 r-xp 00007000 b5:84fa2 162130495189076419      /home/mila/l/le.zhang/.conda/envs/ir/lib/python3.10/site-packages/zmq/backend/cython/_zmq.cpython-310-x86_64-linux-gnu.so
7f17e2538000-7f17e2542000 r--p 0003b000 b5:84fa2 162130495189076419      /home/mila/l/le.zhang/.conda/envs/ir/lib/python3.10/site-packages/zmq/backend/cython/_zmq.cpython-310-x86_64-linux-gnu.so
7f17e2542000-7f17e2543000 r--p 00045000 b5:84fa2 162130495189076419      /home/mila/l/le.zhang/.conda/envs/ir/lib/python3.10/site-packages/zmq/backend/cython/_zmq.cpython-310-x86_64-linux-gnu.so
7f17e2543000-7f17e2545000 rw-p 00046000 b5:84fa2 162130495189076419      /home/mila/l/le.zhang/.conda/envs/ir/lib/python3.10/site-packages/zmq/backend/cython/_zmq.cpython-310-x86_64-linux-gnu.so
7f17e2545000-7f17e2746000 rw-p 00000000 00:00 0 
7f17e2746000-7f17e274b000 r--p 00000000 b5:84fa2 180144849708728083      /home/mila/l/le.zhang/.conda/envs/ir/lib/python3.10/site-packages/scipy/special/_specfun.cpython-310-x86_64-linux-gnu.so
7f17e274b000-7f17e277e000 r-xp 00005000 b5:84fa2 180144849708728083      /home/mila/l/le.zhang/.conda/envs/ir/lib/python3.10/site-packages/scipy/special/_specfun.cpython-310-x86_64-linux-gnu.so
7f17e277e000-7f17e2785000 r--p 00038000 b5:84fa2 180144849708728083      /home/mila/l/le.zhang/.conda/envs/ir/lib/python3.10/site-packages/scipy/special/_specfun.cpython-310-x86_64-linux-gnu.so
7f17e2785000-7f17e2786000 r--p 0003e000 b5:84fa2 180144849708728083      /home/mila/l/le.zhang/.conda/envs/ir/lib/python3.10/site-packages/scipy/special/_specfun.cpython-310-x86_64-linux-gnu.so
7f17e2786000-7f17e2788000 rw-p 0003f000 b5:84fa2 180144849708728083      /home/mila/l/le.zhang/.conda/envs/ir/lib/python3.10/site-packages/scipy/special/_specfun.cpython-310-x86_64-linux-gnu.so
7f17e2788000-7f17e278a000 r--p 00000000 b5:84fa2 180144849708728088      /home/mila/l/le.zhang/.conda/envs/ir/lib/python3.10/site-packages/scipy/special/_gufuncs.cpython-310-x86_64-linux-gnu.so
7f17e278a000-7f17e2810000 r-xp 00002000 b5:84fa2 180144849708728088      /home/mila/l/le.zhang/.conda/envs/ir/lib/python3.10/site-packages/scipy/special/_gufuncs.cpython-310-x86_64-linux-gnu.so
7f17e2810000-7f17e281d000 r--p 00088000 b5:84fa2 180144849708728088      /home/mila/l/le.zhang/.conda/envs/ir/lib/python3.10/site-packages/scipy/special/_gufuncs.cpython-310-x86_64-linux-gnu.so
7f17e281d000-7f17e281e000 r--p 00094000 b5:84fa2 180144849708728088      /home/mila/l/le.zhang/.conda/envs/ir/lib/python3.10/site-packages/scipy/special/_gufuncs.cpython-310-x86_64-linux-gnu.so
7f17e281e000-7f17e281f000 rw-p 00095000 b5:84fa2 180144849708728088      /home/mila/l/le.zhang/.conda/envs/ir/lib/python3.10/site-packages/scipy/special/_gufuncs.cpython-310-x86_64-linux-gnu.so
7f17e281f000-7f17e2822000 r--p 00000000 b5:84fa2 180144849708728085      /home/mila/l/le.zhang/.conda/envs/ir/lib/python3.10/site-packages/scipy/special/_special_ufuncs.cpython-310-x86_64-linux-gnu.so
7f17e2822000-7f17e2925000 r-xp 00003000 b5:84fa2 180144849708728085      /home/mila/l/le.zhang/.conda/envs/ir/lib/python3.10/site-packages/scipy/special/_special_ufuncs.cpython-310-x86_64-linux-gnu.so
7f17e2925000-7f17e2968000 r--p 00106000 b5:84fa2 180144849708728085      /home/mila/l/le.zhang/.conda/envs/ir/lib/python3.10/site-packages/scipy/special/_special_ufuncs.cpython-310-x86_64-linux-gnu.so
7f17e2968000-7f17e2969000 r--p 00148000 b5:84fa2 180144849708728085      /home/mila/l/le.zhang/.conda/envs/ir/lib/python3.10/site-packages/scipy/special/_special_ufuncs.cpython-310-x86_64-linux-gnu.so
7f17e2969000-7f17e296a000 rw-p 00149000 b5:84fa2 180144849708728085      /home/mila/l/le.zhang/.conda/envs/ir/lib/python3.10/site-packages/scipy/special/_special_ufuncs.cpython-310-x86_64-linux-gnu.so
7f17e296a000-7f17e2a6a000 rw-p 00000000 00:00 0 
7f17e2a6a000-7f17e2a6f000 r--p 00000000 b5:84fa2 180144849708728065      /home/mila/l/le.zhang/.conda/envs/ir/lib/python3.10/site-packages/scipy/special/_ufuncs_cxx.cpython-310-x86_64-linux-gnu.so
7f17e2a6f000-7f17e2bbe000 r-xp 00005000 b5:84fa2 180144849708728065      /home/mila/l/le.zhang/.conda/envs/ir/lib/python3.10/site-packages/scipy/special/_ufuncs_cxx.cpython-310-x86_64-linux-gnu.so
7f17e2bbe000-7f17e2bf1000 r--p 00154000 b5:84fa2 180144849708728065      /home/mila/l/le.zhang/.conda/envs/ir/lib/python3.10/site-packages/scipy/special/_ufuncs_cxx.cpython-310-x86_64-linux-gnu.so
7f17e2bf1000-7f17e2bf2000 r--p 00186000 b5:84fa2 180144849708728065      /home/mila/l/le.zhang/.conda/envs/ir/lib/python3.10/site-packages/scipy/special/_ufuncs_cxx.cpython-310-x86_64-linux-gnu.so
7f17e2bf2000-7f17e2bf3000 rw-p 00187000 b5:84fa2 180144849708728065      /home/mila/l/le.zhang/.conda/envs/ir/lib/python3.10/site-packages/scipy/special/_ufuncs_cxx.cpython-310-x86_64-linux-gnu.so
7f17e2bf3000-7f17e2bf4000 rw-p 00000000 00:00 0 
7f17e2bf4000-7f17e2bfa000 r--p 00000000 b5:84fa2 180144849708728075      /home/mila/l/le.zhang/.conda/envs/ir/lib/python3.10/site-packages/scipy/special/_ufuncs.cpython-310-x86_64-linux-gnu.so
7f17e2bfa000-7f17e2cff000 r-xp 00006000 b5:84fa2 180144849708728075      /home/mila/l/le.zhang/.conda/envs/ir/lib/python3.10/site-packages/scipy/special/_ufuncs.cpython-310-x86_64-linux-gnu.so
7f17e2cff000-7f17e2d54000 r--p 0010b000 b5:84fa2 180144849708728075      /home/mila/l/le.zhang/.conda/envs/ir/lib/python3.10/site-packages/scipy/special/_ufuncs.cpython-310-x86_64-linux-gnu.so
7f17e2d54000-7f17e2d55000 r--p 0015f000 b5:84fa2 180144849708728075      /home/mila/l/le.zhang/.conda/envs/ir/lib/python3.10/site-packages/scipy/special/_ufuncs.cpython-310-x86_64-linux-gnu.so
7f17e2d55000-7f17e2d56000 rw-p 00160000 b5:84fa2 180144849708728075      /home/mila/l/le.zhang/.conda/envs/ir/lib/python3.10/site-packages/scipy/special/_ufuncs.cpython-310-x86_64-linux-gnu.so
7f17e2d56000-7f17e2d5e000 rw-p 00000000 00:00 0 
7f17e2d5e000-7f17e2d61000 rw-p 00189000 b5:84fa2 180144849708728075      /home/mila/l/le.zhang/.conda/envs/ir/lib/python3.10/site-packages/scipy/special/_ufuncs.cpython-310-x86_64-linux-gnu.so
7f17e2d61000-7f17e2d63000 rw-p 0018c000 b5:84fa2 180144849708728075      /home/mila/l/le.zhang/.conda/envs/ir/lib/python3.10/site-packages/scipy/special/_ufuncs.cpython-310-x86_64-linux-gnu.so
7f17e2d63000-7f17e2d68000 r--p 00000000 b5:84fa2 180144849708728010      /home/mila/l/le.zhang/.conda/envs/ir/lib/python3.10/site-packages/scipy/sparse/csgraph/_reordering.cpython-310-x86_64-linux-gnu.so
7f17e2d68000-7f17e2d9f000 r-xp 00005000 b5:84fa2 180144849708728010      /home/mila/l/le.zhang/.conda/envs/ir/lib/python3.10/site-packages/scipy/sparse/csgraph/_reordering.cpython-310-x86_64-linux-gnu.so
7f17e2d9f000-7f17e2da9000 r--p 0003c000 b5:84fa2 180144849708728010      /home/mila/l/le.zhang/.conda/envs/ir/lib/python3.10/site-packages/scipy/sparse/csgraph/_reordering.cpython-310-x86_64-linux-gnu.so
7f17e2da9000-7f17e2daa000 r--p 00045000 b5:84fa2 180144849708728010      /home/mila/l/le.zhang/.conda/envs/ir/lib/python3.10/site-packages/scipy/sparse/csgraph/_reordering.cpython-310-x86_64-linux-gnu.so
7f17e2daa000-7f17e2dac000 rw-p 00046000 b5:84fa2 180144849708728010      /home/mila/l/le.zhang/.conda/envs/ir/lib/python3.10/site-packages/scipy/sparse/csgraph/_reordering.cpython-310-x86_64-linux-gnu.so
7f17e2dac000-7f17e2dad000 rw-p 00000000 00:00 0 
7f17e2dad000-7f17e2db2000 r--p 00000000 b5:84fa2 180144849708728003      /home/mila/l/le.zhang/.conda/envs/ir/lib/python3.10/site-packages/scipy/sparse/csgraph/_matching.cpython-310-x86_64-linux-gnu.so
7f17e2db2000-7f17e2deb000 r-xp 00005000 b5:84fa2 180144849708728003      /home/mila/l/le.zhang/.conda/envs/ir/lib/python3.10/site-packages/scipy/sparse/csgraph/_matching.cpython-310-x86_64-linux-gnu.so
7f17e2deb000-7f17e2df9000 r--p 0003e000 b5:84fa2 180144849708728003      /home/mila/l/le.zhang/.conda/envs/ir/lib/python3.10/site-packages/scipy/sparse/csgraph/_matching.cpython-310-x86_64-linux-gnu.so
7f17e2df9000-7f17e2dfa000 r--p 0004b000 b5:84fa2 180144849708728003      /home/mila/l/le.zhang/.conda/envs/ir/lib/python3.10/site-packages/scipy/sparse/csgraph/_matching.cpython-310-x86_64-linux-gnu.so
7f17e2dfa000-7f17e2dfc000 rw-p 0004c000 b5:84fa2 180144849708728003      /home/mila/l/le.zhang/.conda/envs/ir/lib/python3.10/site-packages/scipy/sparse/csgraph/_matching.cpython-310-x86_64-linux-gnu.so
7f17e2dfc000-7f17e2dfd000 rw-p 00000000 00:00 0 
7f17e2dfd000-7f17e2e02000 r--p 00000000 b5:84fa2 180144849708728008      /home/mila/l/le.zhang/.conda/envs/ir/lib/python3.10/site-packages/scipy/sparse/csgraph/_flow.cpython-310-x86_64-linux-gnu.so
7f17e2e02000-7f17e2e3b000 r-xp 00005000 b5:84fa2 180144849708728008      /home/mila/l/le.zhang/.conda/envs/ir/lib/python3.10/site-packages/scipy/sparse/csgraph/_flow.cpython-310-x86_64-linux-gnu.so
7f17e2e3b000-7f17e2e47000 r--p 0003e000 b5:84fa2 180144849708728008      /home/mila/l/le.zhang/.conda/envs/ir/lib/python3.10/site-packages/scipy/sparse/csgraph/_flow.cpython-310-x86_64-linux-gnu.so
7f17e2e47000-7f17e2e48000 ---p 0004a000 b5:84fa2 180144849708728008      /home/mila/l/le.zhang/.conda/envs/ir/lib/python3.10/site-packages/scipy/sparse/csgraph/_flow.cpython-310-x86_64-linux-gnu.so
7f17e2e48000-7f17e2e49000 r--p 0004a000 b5:84fa2 180144849708728008      /home/mila/l/le.zhang/.conda/envs/ir/lib/python3.10/site-packages/scipy/sparse/csgraph/_flow.cpython-310-x86_64-linux-gnu.so
7f17e2e49000-7f17e2e4b000 rw-p 0004b000 b5:84fa2 180144849708728008      /home/mila/l/le.zhang/.conda/envs/ir/lib/python3.10/site-packages/scipy/sparse/csgraph/_flow.cpython-310-x86_64-linux-gnu.so
7f17e2e4b000-7f17e2e4c000 rw-p 00000000 00:00 0 
7f17e2e4c000-7f17e2e51000 r--p 00000000 b5:84fa2 180144849708728005      /home/mila/l/le.zhang/.conda/envs/ir/lib/python3.10/site-packages/scipy/sparse/csgraph/_min_spanning_tree.cpython-310-x86_64-linux-gnu.so
7f17e2e51000-7f17e2e7b000 r-xp 00005000 b5:84fa2 180144849708728005      /home/mila/l/le.zhang/.conda/envs/ir/lib/python3.10/site-packages/scipy/sparse/csgraph/_min_spanning_tree.cpython-310-x86_64-linux-gnu.so
7f17e2e7b000-7f17e2e84000 r--p 0002f000 b5:84fa2 180144849708728005      /home/mila/l/le.zhang/.conda/envs/ir/lib/python3.10/site-packages/scipy/sparse/csgraph/_min_spanning_tree.cpython-310-x86_64-linux-gnu.so
7f17e2e84000-7f17e2e85000 r--p 00037000 b5:84fa2 180144849708728005      /home/mila/l/le.zhang/.conda/envs/ir/lib/python3.10/site-packages/scipy/sparse/csgraph/_min_spanning_tree.cpython-310-x86_64-linux-gnu.so
7f17e2e85000-7f17e2e87000 rw-p 00038000 b5:84fa2 180144849708728005      /home/mila/l/le.zhang/.conda/envs/ir/lib/python3.10/site-packages/scipy/sparse/csgraph/_min_spanning_tree.cpython-310-x86_64-linux-gnu.so
7f17e2e87000-7f17e2e88000 rw-p 00000000 00:00 0 
7f17e2e88000-7f17e2e8d000 r--p 00000000 b5:84fa2 180144849708728007      /home/mila/l/le.zhang/.conda/envs/ir/lib/python3.10/site-packages/scipy/sparse/csgraph/_traversal.cpython-310-x86_64-linux-gnu.so
7f17e2e8d000-7f17e2f0b000 r-xp 00005000 b5:84fa2 180144849708728007      /home/mila/l/le.zhang/.conda/envs/ir/lib/python3.10/site-packages/scipy/sparse/csgraph/_traversal.cpython-310-x86_64-linux-gnu.so
7f17e2f0b000-7f17e2f1c000 r--p 00083000 b5:84fa2 180144849708728007      /home/mila/l/le.zhang/.conda/envs/ir/lib/python3.10/site-packages/scipy/sparse/csgraph/_traversal.cpython-310-x86_64-linux-gnu.so
7f17e2f1c000-7f17e2f1d000 r--p 00093000 b5:84fa2 180144849708728007      /home/mila/l/le.zhang/.conda/envs/ir/lib/python3.10/site-packages/scipy/sparse/csgraph/_traversal.cpython-310-x86_64-linux-gnu.so
7f17e2f1d000-7f17e2f1f000 rw-p 00094000 b5:84fa2 180144849708728007      /home/mila/l/le.zhang/.conda/envs/ir/lib/python3.10/site-packages/scipy/sparse/csgraph/_traversal.cpython-310-x86_64-linux-gnu.so
7f17e2f1f000-7f17e2f20000 rw-p 00000000 00:00 0 
7f17e2f20000-7f17e2f23000 r--p 00000000 b5:84fa2 180144849708728002      /home/mila/l/le.zhang/.conda/envs/ir/lib/python3.10/site-packages/scipy/sparse/csgraph/_tools.cpython-310-x86_64-linux-gnu.so
7f17e2f23000-7f17e2f44000 r-xp 00003000 b5:84fa2 180144849708728002      /home/mila/l/le.zhang/.conda/envs/ir/lib/python3.10/site-packages/scipy/sparse/csgraph/_tools.cpython-310-x86_64-linux-gnu.so
7f17e2f44000-7f17e2f4e000 r--p 00024000 b5:84fa2 180144849708728002      /home/mila/l/le.zhang/.conda/envs/ir/lib/python3.10/site-packages/scipy/sparse/csgraph/_tools.cpython-310-x86_64-linux-gnu.so
7f17e2f4e000-7f17e2f4f000 r--p 0002d000 b5:84fa2 180144849708728002      /home/mila/l/le.zhang/.conda/envs/ir/lib/python3.10/site-packages/scipy/sparse/csgraph/_tools.cpython-310-x86_64-linux-gnu.so
7f17e2f4f000-7f17e2f50000 rw-p 0002e000 b5:84fa2 180144849708728002      /home/mila/l/le.zhang/.conda/envs/ir/lib/python3.10/site-packages/scipy/sparse/csgraph/_tools.cpython-310-x86_64-linux-gnu.so
7f17e2f50000-7f17e2f51000 rw-p 00000000 00:00 0 
7f17e2f51000-7f17e2f56000 r--p 00000000 b5:84fa2 180144849708728009      /home/mila/l/le.zhang/.conda/envs/ir/lib/python3.10/site-packages/scipy/sparse/csgraph/_shortest_path.cpython-310-x86_64-linux-gnu.so
7f17e2f56000-7f17e2fb9000 r-xp 00005000 b5:84fa2 180144849708728009      /home/mila/l/le.zhang/.conda/envs/ir/lib/python3.10/site-packages/scipy/sparse/csgraph/_shortest_path.cpython-310-x86_64-linux-gnu.so
7f17e2fb9000-7f17e2fce000 r--p 00068000 b5:84fa2 180144849708728009      /home/mila/l/le.zhang/.conda/envs/ir/lib/python3.10/site-packages/scipy/sparse/csgraph/_shortest_path.cpython-310-x86_64-linux-gnu.so
7f17e2fce000-7f17e2fcf000 ---p 0007d000 b5:84fa2 180144849708728009      /home/mila/l/le.zhang/.conda/envs/ir/lib/python3.10/site-packages/scipy/sparse/csgraph/_shortest_path.cpython-310-x86_64-linux-gnu.so
7f17e2fcf000-7f17e2fd0000 r--p 0007d000 b5:84fa2 180144849708728009      /home/mila/l/le.zhang/.conda/envs/ir/lib/python3.10/site-packages/scipy/sparse/csgraph/_shortest_path.cpython-310-x86_64-linux-gnu.so
7f17e2fd0000-7f17e2fd2000 rw-p 0007e000 b5:84fa2 180144849708728009      /home/mila/l/le.zhang/.conda/envs/ir/lib/python3.10/site-packages/scipy/sparse/csgraph/_shortest_path.cpython-310-x86_64-linux-gnu.so
7f17e2fd2000-7f17e2fd4000 rw-p 00000000 00:00 0 
7f17e2fd4000-7f17e2ff1000 r--p 00000000 b5:84fa2 180144849708727938      /home/mila/l/le.zhang/.conda/envs/ir/lib/python3.10/site-packages/scipy/sparse/linalg/_propack/_zpropack.cpython-310-x86_64-linux-gnu.so
7f17e2ff1000-7f17e3010000 r-xp 0001d000 b5:84fa2 180144849708727938      /home/mila/l/le.zhang/.conda/envs/ir/lib/python3.10/site-packages/scipy/sparse/linalg/_propack/_zpropack.cpython-310-x86_64-linux-gnu.so
7f17e3010000-7f17e3020000 r--p 0003c000 b5:84fa2 180144849708727938      /home/mila/l/le.zhang/.conda/envs/ir/lib/python3.10/site-packages/scipy/sparse/linalg/_propack/_zpropack.cpython-310-x86_64-linux-gnu.so
7f17e3020000-7f17e3021000 ---p 0004c000 b5:84fa2 180144849708727938      /home/mila/l/le.zhang/.conda/envs/ir/lib/python3.10/site-packages/scipy/sparse/linalg/_propack/_zpropack.cpython-310-x86_64-linux-gnu.so
7f17e3021000-7f17e3022000 r--p 0004c000 b5:84fa2 180144849708727938      /home/mila/l/le.zhang/.conda/envs/ir/lib/python3.10/site-packages/scipy/sparse/linalg/_propack/_zpropack.cpython-310-x86_64-linux-gnu.so
7f17e3022000-7f17e302a000 rw-p 0004d000 b5:84fa2 180144849708727938      /home/mila/l/le.zhang/.conda/envs/ir/lib/python3.10/site-packages/scipy/sparse/linalg/_propack/_zpropack.cpython-310-x86_64-linux-gnu.so
7f17e302a000-7f17e3060000 rw-p 00000000 00:00 0 
7f17e3060000-7f17e3071000 rw-p 00071000 b5:84fa2 180144849708727938      /home/mila/l/le.zhang/.conda/envs/ir/lib/python3.10/site-packages/scipy/sparse/linalg/_propack/_zpropack.cpython-310-x86_64-linux-gnu.so
7f17e3071000-7f17e3078000 rw-p 00082000 b5:84fa2 180144849708727938      /home/mila/l/le.zhang/.conda/envs/ir/lib/python3.10/site-packages/scipy/sparse/linalg/_propack/_zpropack.cpython-310-x86_64-linux-gnu.so
7f17e3078000-7f17e3095000 r--p 00000000 b5:84fa2 180144849708727939      /home/mila/l/le.zhang/.conda/envs/ir/lib/python3.10/site-packages/scipy/sparse/linalg/_propack/_cpropack.cpython-310-x86_64-linux-gnu.so
7f17e3095000-7f17e30b6000 r-xp 0001d000 b5:84fa2 180144849708727939      /home/mila/l/le.zhang/.conda/envs/ir/lib/python3.10/site-packages/scipy/sparse/linalg/_propack/_cpropack.cpython-310-x86_64-linux-gnu.so
7f17e30b6000-7f17e30c6000 r--p 0003e000 b5:84fa2 180144849708727939      /home/mila/l/le.zhang/.conda/envs/ir/lib/python3.10/site-packages/scipy/sparse/linalg/_propack/_cpropack.cpython-310-x86_64-linux-gnu.so
7f17e30c6000-7f17e30c7000 ---p 0004e000 b5:84fa2 180144849708727939      /home/mila/l/le.zhang/.conda/envs/ir/lib/python3.10/site-packages/scipy/sparse/linalg/_propack/_cpropack.cpython-310-x86_64-linux-gnu.so
7f17e30c7000-7f17e30c8000 r--p 0004e000 b5:84fa2 180144849708727939      /home/mila/l/le.zhang/.conda/envs/ir/lib/python3.10/site-packages/scipy/sparse/linalg/_propack/_cpropack.cpython-310-x86_64-linux-gnu.so
7f17e30c8000-7f17e30d0000 rw-p 0004f000 b5:84fa2 180144849708727939      /home/mila/l/le.zhang/.conda/envs/ir/lib/python3.10/site-packages/scipy/sparse/linalg/_propack/_cpropack.cpython-310-x86_64-linux-gnu.so
7f17e30d0000-7f17e30eb000 rw-p 00000000 00:00 0 
7f17e30eb000-7f17e30fc000 rw-p 00073000 b5:84fa2 180144849708727939      /home/mila/l/le.zhang/.conda/envs/ir/lib/python3.10/site-packages/scipy/sparse/linalg/_propack/_cpropack.cpython-310-x86_64-linux-gnu.so
7f17e30fc000-7f17e3103000 rw-p 00084000 b5:84fa2 180144849708727939      /home/mila/l/le.zhang/.conda/envs/ir/lib/python3.10/site-packages/scipy/sparse/linalg/_propack/_cpropack.cpython-310-x86_64-linux-gnu.so
7f17e3103000-7f17e3120000 r--p 00000000 b5:84fa2 180144849708727940      /home/mila/l/le.zhang/.conda/envs/ir/lib/python3.10/site-packages/scipy/sparse/linalg/_propack/_dpropack.cpython-310-x86_64-linux-gnu.so
7f17e3120000-7f17e313b000 r-xp 0001d000 b5:84fa2 180144849708727940      /home/mila/l/le.zhang/.conda/envs/ir/lib/python3.10/site-packages/scipy/sparse/linalg/_propack/_dpropack.cpython-310-x86_64-linux-gnu.so
7f17e313b000-7f17e314b000 r--p 00038000 b5:84fa2 180144849708727940      /home/mila/l/le.zhang/.conda/envs/ir/lib/python3.10/site-packages/scipy/sparse/linalg/_propack/_dpropack.cpython-310-x86_64-linux-gnu.so
7f17e314b000-7f17e314c000 r--p 00047000 b5:84fa2 180144849708727940      /home/mila/l/le.zhang/.conda/envs/ir/lib/python3.10/site-packages/scipy/sparse/linalg/_propack/_dpropack.cpython-310-x86_64-linux-gnu.so
7f17e314c000-7f17e3154000 rw-p 00048000 b5:84fa2 180144849708727940      /home/mila/l/le.zhang/.conda/envs/ir/lib/python3.10/site-packages/scipy/sparse/linalg/_propack/_dpropack.cpython-310-x86_64-linux-gnu.so
7f17e3154000-7f17e3165000 rw-p 0006b000 b5:84fa2 180144849708727940      /home/mila/l/le.zhang/.conda/envs/ir/lib/python3.10/site-packages/scipy/sparse/linalg/_propack/_dpropack.cpython-310-x86_64-linux-gnu.so
7f17e3165000-7f17e316c000 rw-p 0007c000 b5:84fa2 180144849708727940      /home/mila/l/le.zhang/.conda/envs/ir/lib/python3.10/site-packages/scipy/sparse/linalg/_propack/_dpropack.cpython-310-x86_64-linux-gnu.so
7f17e316c000-7f17e318a000 r--p 00000000 b5:84fa2 180144849708727968      /home/mila/l/le.zhang/.conda/envs/ir/lib/python3.10/site-packages/scipy/sparse/linalg/_eigen/arpack/_arpack.cpython-310-x86_64-linux-gnu.so
7f17e318a000-7f17e31e1000 r-xp 0001e000 b5:84fa2 180144849708727968      /home/mila/l/le.zhang/.conda/envs/ir/lib/python3.10/site-packages/scipy/sparse/linalg/_eigen/arpack/_arpack.cpython-310-x86_64-linux-gnu.so
7f17e31e1000-7f17e31fd000 r--p 00075000 b5:84fa2 180144849708727968      /home/mila/l/le.zhang/.conda/envs/ir/lib/python3.10/site-packages/scipy/sparse/linalg/_eigen/arpack/_arpack.cpython-310-x86_64-linux-gnu.so
7f17e31fd000-7f17e31fe000 r--p 00090000 b5:84fa2 180144849708727968      /home/mila/l/le.zhang/.conda/envs/ir/lib/python3.10/site-packages/scipy/sparse/linalg/_eigen/arpack/_arpack.cpython-310-x86_64-linux-gnu.so
7f17e31fe000-7f17e320c000 rw-p 00091000 b5:84fa2 180144849708727968      /home/mila/l/le.zhang/.conda/envs/ir/lib/python3.10/site-packages/scipy/sparse/linalg/_eigen/arpack/_arpack.cpython-310-x86_64-linux-gnu.so
7f17e320c000-7f17e320d000 rw-p 00000000 00:00 0 
7f17e320d000-7f17e321e000 rw-p 000bf000 b5:84fa2 180144849708727968      /home/mila/l/le.zhang/.conda/envs/ir/lib/python3.10/site-packages/scipy/sparse/linalg/_eigen/arpack/_arpack.cpython-310-x86_64-linux-gnu.so
7f17e321e000-7f17e3225000 rw-p 000d0000 b5:84fa2 180144849708727968      /home/mila/l/le.zhang/.conda/envs/ir/lib/python3.10/site-packages/scipy/sparse/linalg/_eigen/arpack/_arpack.cpython-310-x86_64-linux-gnu.so
7f17e3225000-7f17e3241000 r--p 00000000 b5:84fa2 180144849708727955      /home/mila/l/le.zhang/.conda/envs/ir/lib/python3.10/site-packages/scipy/sparse/linalg/_dsolve/_superlu.cpython-310-x86_64-linux-gnu.so
7f17e3241000-7f17e329a000 r-xp 0001c000 b5:84fa2 180144849708727955      /home/mila/l/le.zhang/.conda/envs/ir/lib/python3.10/site-packages/scipy/sparse/linalg/_dsolve/_superlu.cpython-310-x86_64-linux-gnu.so
7f17e329a000-7f17e32b0000 r--p 00075000 b5:84fa2 180144849708727955      /home/mila/l/le.zhang/.conda/envs/ir/lib/python3.10/site-packages/scipy/sparse/linalg/_dsolve/_superlu.cpython-310-x86_64-linux-gnu.so
7f17e32b0000-7f17e32b1000 r--p 0008a000 b5:84fa2 180144849708727955      /home/mila/l/le.zhang/.conda/envs/ir/lib/python3.10/site-packages/scipy/sparse/linalg/_dsolve/_superlu.cpython-310-x86_64-linux-gnu.so
7f17e32b1000-7f17e32b6000 rw-p 0008b000 b5:84fa2 180144849708727955      /home/mila/l/le.zhang/.conda/envs/ir/lib/python3.10/site-packages/scipy/sparse/linalg/_dsolve/_superlu.cpython-310-x86_64-linux-gnu.so
7f17e32b6000-7f17e32c7000 rw-p 000af000 b5:84fa2 180144849708727955      /home/mila/l/le.zhang/.conda/envs/ir/lib/python3.10/site-packages/scipy/sparse/linalg/_dsolve/_superlu.cpython-310-x86_64-linux-gnu.so
7f17e32c7000-7f17e32ce000 rw-p 000c0000 b5:84fa2 180144849708727955      /home/mila/l/le.zhang/.conda/envs/ir/lib/python3.10/site-packages/scipy/sparse/linalg/_dsolve/_superlu.cpython-310-x86_64-linux-gnu.so
7f17e32ce000-7f17e33ce000 rw-p 00000000 00:00 0 
7f17e33ce000-7f17e340b000 r--p 00000000 b5:84fa2 180144849708726790      /home/mila/l/le.zhang/.conda/envs/ir/lib/python3.10/site-packages/scipy/linalg/_flapack.cpython-310-x86_64-linux-gnu.so
7f17e340b000-7f17e34d8000 r-xp 0003d000 b5:84fa2 180144849708726790      /home/mila/l/le.zhang/.conda/envs/ir/lib/python3.10/site-packages/scipy/linalg/_flapack.cpython-310-x86_64-linux-gnu.so
7f17e34d8000-7f17e3558000 r--p 0010a000 b5:84fa2 180144849708726790      /home/mila/l/le.zhang/.conda/envs/ir/lib/python3.10/site-packages/scipy/linalg/_flapack.cpython-310-x86_64-linux-gnu.so
7f17e3558000-7f17e3559000 r--p 00189000 b5:84fa2 180144849708726790      /home/mila/l/le.zhang/.conda/envs/ir/lib/python3.10/site-packages/scipy/linalg/_flapack.cpython-310-x86_64-linux-gnu.so
7f17e3559000-7f17e35e8000 rw-p 0018a000 b5:84fa2 180144849708726790      /home/mila/l/le.zhang/.conda/envs/ir/lib/python3.10/site-packages/scipy/linalg/_flapack.cpython-310-x86_64-linux-gnu.so
7f17e35e8000-7f17e35f9000 rw-p 00246000 b5:84fa2 180144849708726790      /home/mila/l/le.zhang/.conda/envs/ir/lib/python3.10/site-packages/scipy/linalg/_flapack.cpython-310-x86_64-linux-gnu.so
7f17e35f9000-7f17e3600000 rw-p 00257000 b5:84fa2 180144849708726790      /home/mila/l/le.zhang/.conda/envs/ir/lib/python3.10/site-packages/scipy/linalg/_flapack.cpython-310-x86_64-linux-gnu.so
7f17e3600000-7f17e5600000 rw-p 00000000 00:00 0 
7f17e5600000-7f17e563b000 r-xp 00000000 b5:84fa2 180144849708728257      /home/mila/l/le.zhang/.conda/envs/ir/lib/python3.10/site-packages/scipy.libs/libquadmath-96973f99-934c22de.so.0.0.0
7f17e563b000-7f17e583a000 ---p 0003b000 b5:84fa2 180144849708728257      /home/mila/l/le.zhang/.conda/envs/ir/lib/python3.10/site-packages/scipy.libs/libquadmath-96973f99-934c22de.so.0.0.0
7f17e583a000-7f17e583b000 r--p 0003a000 b5:84fa2 180144849708728257      /home/mila/l/le.zhang/.conda/envs/ir/lib/python3.10/site-packages/scipy.libs/libquadmath-96973f99-934c22de.so.0.0.0
7f17e583b000-7f17e583c000 rw-p 0003b000 b5:84fa2 180144849708728257      /home/mila/l/le.zhang/.conda/envs/ir/lib/python3.10/site-packages/scipy.libs/libquadmath-96973f99-934c22de.so.0.0.0
7f17e583c000-7f17e583d000 rw-p 0003c000 b5:84fa2 180144849708728257      /home/mila/l/le.zhang/.conda/envs/ir/lib/python3.10/site-packages/scipy.libs/libquadmath-96973f99-934c22de.so.0.0.0
7f17e583d000-7f17e583e000 rw-p 0003d000 b5:84fa2 180144849708728257      /home/mila/l/le.zhang/.conda/envs/ir/lib/python3.10/site-packages/scipy.libs/libquadmath-96973f99-934c22de.so.0.0.0
7f17e583e000-7f17e5840000 r--p 00000000 b5:84fa2 162130518610105382      /home/mila/l/le.zhang/.triton/cache/q4oIpkjOtdHHfi8xBkm4jC4JWIk5AjKtN8WRkZb8MD8/cuda_utils.so
7f17e5840000-7f17e5842000 r-xp 00002000 b5:84fa2 162130518610105382      /home/mila/l/le.zhang/.triton/cache/q4oIpkjOtdHHfi8xBkm4jC4JWIk5AjKtN8WRkZb8MD8/cuda_utils.so
7f17e5842000-7f17e5843000 r--p 00004000 b5:84fa2 162130518610105382      /home/mila/l/le.zhang/.triton/cache/q4oIpkjOtdHHfi8xBkm4jC4JWIk5AjKtN8WRkZb8MD8/cuda_utils.so
7f17e5843000-7f17e5844000 r--p 00004000 b5:84fa2 162130518610105382      /home/mila/l/le.zhang/.triton/cache/q4oIpkjOtdHHfi8xBkm4jC4JWIk5AjKtN8WRkZb8MD8/cuda_utils.so
7f17e5844000-7f17e5845000 rw-p 00005000 b5:84fa2 162130518610105382      /home/mila/l/le.zhang/.triton/cache/q4oIpkjOtdHHfi8xBkm4jC4JWIk5AjKtN8WRkZb8MD8/cuda_utils.so
7f17e5845000-7f17e5847000 r--p 00000000 b5:84fa2 162130525153156904      /home/mila/l/le.zhang/.conda/envs/ir/lib/python3.10/lib-dynload/_lsprof.cpython-310-x86_64-linux-gnu.so
7f17e5847000-7f17e5849000 r-xp 00002000 b5:84fa2 162130525153156904      /home/mila/l/le.zhang/.conda/envs/ir/lib/python3.10/lib-dynload/_lsprof.cpython-310-x86_64-linux-gnu.so
7f17e5849000-7f17e584a000 r--p 00004000 b5:84fa2 162130525153156904      /home/mila/l/le.zhang/.conda/envs/ir/lib/python3.10/lib-dynload/_lsprof.cpython-310-x86_64-linux-gnu.so
7f17e584a000-7f17e584b000 r--p 00005000 b5:84fa2 162130525153156904      /home/mila/l/le.zhang/.conda/envs/ir/lib/python3.10/lib-dynload/_lsprof.cpython-310-x86_64-linux-gnu.so
7f17e584b000-7f17e584c000 rw-p 00006000 b5:84fa2 162130525153156904      /home/mila/l/le.zhang/.conda/envs/ir/lib/python3.10/lib-dynload/_lsprof.cpython-310-x86_64-linux-gnu.so
7f17e584c000-7f17e584e000 r--p 00000000 b5:84fa2 180144849708769440      /home/mila/l/le.zhang/.conda/envs/ir/lib/python3.10/site-packages/sklearn/utils/_sorting.cpython-310-x86_64-linux-gnu.so
7f17e584e000-7f17e5850000 r-xp 00002000 b5:84fa2 180144849708769440      /home/mila/l/le.zhang/.conda/envs/ir/lib/python3.10/site-packages/sklearn/utils/_sorting.cpython-310-x86_64-linux-gnu.so
7f17e5850000-7f17e5851000 r--p 00004000 b5:84fa2 180144849708769440      /home/mila/l/le.zhang/.conda/envs/ir/lib/python3.10/site-packages/sklearn/utils/_sorting.cpython-310-x86_64-linux-gnu.so
7f17e5851000-7f17e5852000 r--p 00004000 b5:84fa2 180144849708769440      /home/mila/l/le.zhang/.conda/envs/ir/lib/python3.10/site-packages/sklearn/utils/_sorting.cpython-310-x86_64-linux-gnu.so
7f17e5852000-7f17e5853000 rw-p 00005000 b5:84fa2 180144849708769440      /home/mila/l/le.zhang/.conda/envs/ir/lib/python3.10/site-packages/sklearn/utils/_sorting.cpython-310-x86_64-linux-gnu.so
7f17e5853000-7f17e5870000 r--p 00000000 b5:84fa2 180144849708727937      /home/mila/l/le.zhang/.conda/envs/ir/lib/python3.10/site-packages/scipy/sparse/linalg/_propack/_spropack.cpython-310-x86_64-linux-gnu.so
7f17e5870000-7f17e588b000 r-xp 0001d000 b5:84fa2 180144849708727937      /home/mila/l/le.zhang/.conda/envs/ir/lib/python3.10/site-packages/scipy/sparse/linalg/_propack/_spropack.cpython-310-x86_64-linux-gnu.so
7f17e588b000-7f17e589b000 r--p 00038000 b5:84fa2 180144849708727937      /home/mila/l/le.zhang/.conda/envs/ir/lib/python3.10/site-packages/scipy/sparse/linalg/_propack/_spropack.cpython-310-x86_64-linux-gnu.so
7f17e589b000-7f17e589c000 r--p 00047000 b5:84fa2 180144849708727937      /home/mila/l/le.zhang/.conda/envs/ir/lib/python3.10/site-packages/scipy/sparse/linalg/_propack/_spropack.cpython-310-x86_64-linux-gnu.so
7f17e589c000-7f17e58a4000 rw-p 00048000 b5:84fa2 180144849708727937      /home/mila/l/le.zhang/.conda/envs/ir/lib/python3.10/site-packages/scipy/sparse/linalg/_propack/_spropack.cpython-310-x86_64-linux-gnu.so
7f17e58a4000-7f17e58b5000 rw-p 0006b000 b5:84fa2 180144849708727937      /home/mila/l/le.zhang/.conda/envs/ir/lib/python3.10/site-packages/scipy/sparse/linalg/_propack/_spropack.cpython-310-x86_64-linux-gnu.so
7f17e58b5000-7f17e58bc000 rw-p 0007c000 b5:84fa2 180144849708727937      /home/mila/l/le.zhang/.conda/envs/ir/lib/python3.10/site-packages/scipy/sparse/linalg/_propack/_spropack.cpython-310-x86_64-linux-gnu.so
7f17e58bc000-7f17e58c3000 r--p 00000000 b5:84fa2 180144849708726773      /home/mila/l/le.zhang/.conda/envs/ir/lib/python3.10/site-packages/scipy/linalg/cython_blas.cpython-310-x86_64-linux-gnu.so
7f17e58c3000-7f17e58ef000 r-xp 00007000 b5:84fa2 180144849708726773      /home/mila/l/le.zhang/.conda/envs/ir/lib/python3.10/site-packages/scipy/linalg/cython_blas.cpython-310-x86_64-linux-gnu.so
7f17e58ef000-7f17e58fd000 r--p 00033000 b5:84fa2 180144849708726773      /home/mila/l/le.zhang/.conda/envs/ir/lib/python3.10/site-packages/scipy/linalg/cython_blas.cpython-310-x86_64-linux-gnu.so
7f17e58fd000-7f17e58fe000 ---p 00041000 b5:84fa2 180144849708726773      /home/mila/l/le.zhang/.conda/envs/ir/lib/python3.10/site-packages/scipy/linalg/cython_blas.cpython-310-x86_64-linux-gnu.so
7f17e58fe000-7f17e58ff000 r--p 00041000 b5:84fa2 180144849708726773      /home/mila/l/le.zhang/.conda/envs/ir/lib/python3.10/site-packages/scipy/linalg/cython_blas.cpython-310-x86_64-linux-gnu.so
7f17e58ff000-7f17e5901000 rw-p 00042000 b5:84fa2 180144849708726773      /home/mila/l/le.zhang/.conda/envs/ir/lib/python3.10/site-packages/scipy/linalg/cython_blas.cpython-310-x86_64-linux-gnu.so
7f17e5901000-7f17e5902000 rw-p 00000000 00:00 0 
7f17e5902000-7f17e5906000 rw-p 00051000 b5:84fa2 180144849708726773      /home/mila/l/le.zhang/.conda/envs/ir/lib/python3.10/site-packages/scipy/linalg/cython_blas.cpython-310-x86_64-linux-gnu.so
7f17e5906000-7f17e5908000 rw-p 00055000 b5:84fa2 180144849708726773      /home/mila/l/le.zhang/.conda/envs/ir/lib/python3.10/site-packages/scipy/linalg/cython_blas.cpython-310-x86_64-linux-gnu.so
7f17e5908000-7f17e590c000 r--p 00000000 b5:84fa2 180144849708726784      /home/mila/l/le.zhang/.conda/envs/ir/lib/python3.10/site-packages/scipy/linalg/_decomp_update.cpython-310-x86_64-linux-gnu.so
7f17e590c000-7f17e594a000 r-xp 00004000 b5:84fa2 180144849708726784      /home/mila/l/le.zhang/.conda/envs/ir/lib/python3.10/site-packages/scipy/linalg/_decomp_update.cpython-310-x86_64-linux-gnu.so
7f17e594a000-7f17e595a000 r--p 00042000 b5:84fa2 180144849708726784      /home/mila/l/le.zhang/.conda/envs/ir/lib/python3.10/site-packages/scipy/linalg/_decomp_update.cpython-310-x86_64-linux-gnu.so
7f17e595a000-7f17e595b000 r--p 00051000 b5:84fa2 180144849708726784      /home/mila/l/le.zhang/.conda/envs/ir/lib/python3.10/site-packages/scipy/linalg/_decomp_update.cpython-310-x86_64-linux-gnu.so
7f17e595b000-7f17e595c000 rw-p 00052000 b5:84fa2 180144849708726784      /home/mila/l/le.zhang/.conda/envs/ir/lib/python3.10/site-packages/scipy/linalg/_decomp_update.cpython-310-x86_64-linux-gnu.so
7f17e595c000-7f17e595d000 rw-p 00000000 00:00 0 
7f17e595d000-7f17e5978000 r--p 00000000 b5:84fa2 180144849708726752      /home/mila/l/le.zhang/.conda/envs/ir/lib/python3.10/site-packages/scipy/linalg/_matfuncs_expm.cpython-310-x86_64-linux-gnu.so
7f17e5978000-7f17e5998000 r-xp 0001b000 b5:84fa2 180144849708726752      /home/mila/l/le.zhang/.conda/envs/ir/lib/python3.10/site-packages/scipy/linalg/_matfuncs_expm.cpython-310-x86_64-linux-gnu.so
7f17e5998000-7f17e59a6000 r--p 0003b000 b5:84fa2 180144849708726752      /home/mila/l/le.zhang/.conda/envs/ir/lib/python3.10/site-packages/scipy/linalg/_matfuncs_expm.cpython-310-x86_64-linux-gnu.so
7f17e59a6000-7f17e59a7000 r--p 00048000 b5:84fa2 180144849708726752      /home/mila/l/le.zhang/.conda/envs/ir/lib/python3.10/site-packages/scipy/linalg/_matfuncs_expm.cpython-310-x86_64-linux-gnu.so
7f17e59a7000-7f17e59ab000 rw-p 00049000 b5:84fa2 180144849708726752      /home/mila/l/le.zhang/.conda/envs/ir/lib/python3.10/site-packages/scipy/linalg/_matfuncs_expm.cpython-310-x86_64-linux-gnu.so
7f17e59ab000-7f17e59bb000 rw-p 00067000 b5:84fa2 180144849708726752      /home/mila/l/le.zhang/.conda/envs/ir/lib/python3.10/site-packages/scipy/linalg/_matfuncs_expm.cpython-310-x86_64-linux-gnu.so
7f17e59bb000-7f17e59c1000 rw-p 00077000 b5:84fa2 180144849708726752      /home/mila/l/le.zhang/.conda/envs/ir/lib/python3.10/site-packages/scipy/linalg/_matfuncs_expm.cpython-310-x86_64-linux-gnu.so
7f17e59c1000-7f17e59c6000 r--p 00000000 b5:84fa2 180144849708726737      /home/mila/l/le.zhang/.conda/envs/ir/lib/python3.10/site-packages/scipy/linalg/_matfuncs_sqrtm_triu.cpython-310-x86_64-linux-gnu.so
7f17e59c6000-7f17e59f4000 r-xp 00005000 b5:84fa2 180144849708726737      /home/mila/l/le.zhang/.conda/envs/ir/lib/python3.10/site-packages/scipy/linalg/_matfuncs_sqrtm_triu.cpython-310-x86_64-linux-gnu.so
7f17e59f4000-7f17e59fc000 r--p 00033000 b5:84fa2 180144849708726737      /home/mila/l/le.zhang/.conda/envs/ir/lib/python3.10/site-packages/scipy/linalg/_matfuncs_sqrtm_triu.cpython-310-x86_64-linux-gnu.so
7f17e59fc000-7f17e59fd000 r--p 0003a000 b5:84fa2 180144849708726737      /home/mila/l/le.zhang/.conda/envs/ir/lib/python3.10/site-packages/scipy/linalg/_matfuncs_sqrtm_triu.cpython-310-x86_64-linux-gnu.so
7f17e59fd000-7f17e59ff000 rw-p 0003b000 b5:84fa2 180144849708726737      /home/mila/l/le.zhang/.conda/envs/ir/lib/python3.10/site-packages/scipy/linalg/_matfuncs_sqrtm_triu.cpython-310-x86_64-linux-gnu.so
7f17e59ff000-7f17e5a00000 rw-p 00000000 00:00 0 
7f17e5a00000-7f17e5c76000 r-xp 00000000 b5:84fa2 180144849708728254      /home/mila/l/le.zhang/.conda/envs/ir/lib/python3.10/site-packages/scipy.libs/libgfortran-040039e1-0352e75f.so.5.0.0
7f17e5c76000-7f17e5e75000 ---p 00276000 b5:84fa2 180144849708728254      /home/mila/l/le.zhang/.conda/envs/ir/lib/python3.10/site-packages/scipy.libs/libgfortran-040039e1-0352e75f.so.5.0.0
7f17e5e75000-7f17e5e76000 r--p 00275000 b5:84fa2 180144849708728254      /home/mila/l/le.zhang/.conda/envs/ir/lib/python3.10/site-packages/scipy.libs/libgfortran-040039e1-0352e75f.so.5.0.0
7f17e5e76000-7f17e5e78000 rw-p 00276000 b5:84fa2 180144849708728254      /home/mila/l/le.zhang/.conda/envs/ir/lib/python3.10/site-packages/scipy.libs/libgfortran-040039e1-0352e75f.so.5.0.0
7f17e5e78000-7f17e5e84000 rw-p 0027b000 b5:84fa2 180144849708728254      /home/mila/l/le.zhang/.conda/envs/ir/lib/python3.10/site-packages/scipy.libs/libgfortran-040039e1-0352e75f.so.5.0.0
7f17e5e84000-7f17e5e8d000 rw-p 00287000 b5:84fa2 180144849708728254      /home/mila/l/le.zhang/.conda/envs/ir/lib/python3.10/site-packages/scipy.libs/libgfortran-040039e1-0352e75f.so.5.0.0
7f17e5e8d000-7f17e5e96000 rw-p 00290000 b5:84fa2 180144849708728254      /home/mila/l/le.zhang/.conda/envs/ir/lib/python3.10/site-packages/scipy.libs/libgfortran-040039e1-0352e75f.so.5.0.0
7f17e5e96000-7f17e5e9f000 rw-p 00299000 b5:84fa2 180144849708728254      /home/mila/l/le.zhang/.conda/envs/ir/lib/python3.10/site-packages/scipy.libs/libgfortran-040039e1-0352e75f.so.5.0.0
7f17e5e9f000-7f17e5ea8000 rw-p 002a2000 b5:84fa2 180144849708728254      /home/mila/l/le.zhang/.conda/envs/ir/lib/python3.10/site-packages/scipy.libs/libgfortran-040039e1-0352e75f.so.5.0.0
7f17e5ea8000-7f17e5eb1000 rw-p 002ab000 b5:84fa2 180144849708728254      /home/mila/l/le.zhang/.conda/envs/ir/lib/python3.10/site-packages/scipy.libs/libgfortran-040039e1-0352e75f.so.5.0.0
7f17e5eb4000-7f17e5eb7000 r--p 00000000 b5:84fa2 180144849708769436      /home/mila/l/le.zhang/.conda/envs/ir/lib/python3.10/site-packages/sklearn/utils/_openmp_helpers.cpython-310-x86_64-linux-gnu.so
7f17e5eb7000-7f17e5ebe000 r-xp 00003000 b5:84fa2 180144849708769436      /home/mila/l/le.zhang/.conda/envs/ir/lib/python3.10/site-packages/sklearn/utils/_openmp_helpers.cpython-310-x86_64-linux-gnu.so
7f17e5ebe000-7f17e5ec0000 r--p 0000a000 b5:84fa2 180144849708769436      /home/mila/l/le.zhang/.conda/envs/ir/lib/python3.10/site-packages/sklearn/utils/_openmp_helpers.cpython-310-x86_64-linux-gnu.so
7f17e5ec0000-7f17e5ec1000 r--p 0000b000 b5:84fa2 180144849708769436      /home/mila/l/le.zhang/.conda/envs/ir/lib/python3.10/site-packages/sklearn/utils/_openmp_helpers.cpython-310-x86_64-linux-gnu.so
7f17e5ec1000-7f17e5ec2000 rw-p 0000c000 b5:84fa2 180144849708769436      /home/mila/l/le.zhang/.conda/envs/ir/lib/python3.10/site-packages/sklearn/utils/_openmp_helpers.cpython-310-x86_64-linux-gnu.so
7f17e5ec2000-7f17e5ec4000 rw-p 00010000 b5:84fa2 180144849708769436      /home/mila/l/le.zhang/.conda/envs/ir/lib/python3.10/site-packages/sklearn/utils/_openmp_helpers.cpython-310-x86_64-linux-gnu.so
7f17e5ec4000-7f17e5ec5000 rw-p 00012000 b5:84fa2 180144849708769436      /home/mila/l/le.zhang/.conda/envs/ir/lib/python3.10/site-packages/sklearn/utils/_openmp_helpers.cpython-310-x86_64-linux-gnu.so
7f17e5ec5000-7f17e5ec7000 r--p 00000000 b5:84fa2 180144849708727824      /home/mila/l/le.zhang/.conda/envs/ir/lib/python3.10/site-packages/scipy/spatial/_distance_wrap.cpython-310-x86_64-linux-gnu.so
7f17e5ec7000-7f17e5edb000 r-xp 00002000 b5:84fa2 180144849708727824      /home/mila/l/le.zhang/.conda/envs/ir/lib/python3.10/site-packages/scipy/spatial/_distance_wrap.cpython-310-x86_64-linux-gnu.so
7f17e5edb000-7f17e5edd000 r--p 00016000 b5:84fa2 180144849708727824      /home/mila/l/le.zhang/.conda/envs/ir/lib/python3.10/site-packages/scipy/spatial/_distance_wrap.cpython-310-x86_64-linux-gnu.so
7f17e5edd000-7f17e5ede000 ---p 00018000 b5:84fa2 180144849708727824      /home/mila/l/le.zhang/.conda/envs/ir/lib/python3.10/site-packages/scipy/spatial/_distance_wrap.cpython-310-x86_64-linux-gnu.so
7f17e5ede000-7f17e5edf000 r--p 00018000 b5:84fa2 180144849708727824      /home/mila/l/le.zhang/.conda/envs/ir/lib/python3.10/site-packages/scipy/spatial/_distance_wrap.cpython-310-x86_64-linux-gnu.so
7f17e5edf000-7f17e5ee0000 rw-p 00019000 b5:84fa2 180144849708727824      /home/mila/l/le.zhang/.conda/envs/ir/lib/python3.10/site-packages/scipy/spatial/_distance_wrap.cpython-310-x86_64-linux-gnu.so
7f17e5ee0000-7f17e5efa000 r--p 00000000 b5:84fa2 180144849708726788      /home/mila/l/le.zhang/.conda/envs/ir/lib/python3.10/site-packages/scipy/linalg/cython_lapack.cpython-310-x86_64-linux-gnu.so
7f17e5efa000-7f17e5f19000 r-xp 0001a000 b5:84fa2 180144849708726788      /home/mila/l/le.zhang/.conda/envs/ir/lib/python3.10/site-packages/scipy/linalg/cython_lapack.cpython-310-x86_64-linux-gnu.so
7f17e5f19000-7f17e5f71000 r--p 00039000 b5:84fa2 180144849708726788      /home/mila/l/le.zhang/.conda/envs/ir/lib/python3.10/site-packages/scipy/linalg/cython_lapack.cpython-310-x86_64-linux-gnu.so
7f17e5f71000-7f17e5f72000 ---p 00091000 b5:84fa2 180144849708726788      /home/mila/l/le.zhang/.conda/envs/ir/lib/python3.10/site-packages/scipy/linalg/cython_lapack.cpython-310-x86_64-linux-gnu.so
7f17e5f72000-7f17e5f73000 r--p 00091000 b5:84fa2 180144849708726788      /home/mila/l/le.zhang/.conda/envs/ir/lib/python3.10/site-packages/scipy/linalg/cython_lapack.cpython-310-x86_64-linux-gnu.so
7f17e5f73000-7f17e5f77000 rw-p 00092000 b5:84fa2 180144849708726788      /home/mila/l/le.zhang/.conda/envs/ir/lib/python3.10/site-packages/scipy/linalg/cython_lapack.cpython-310-x86_64-linux-gnu.so
7f17e5f77000-7f17e5f87000 rw-p 000c1000 b5:84fa2 180144849708726788      /home/mila/l/le.zhang/.conda/envs/ir/lib/python3.10/site-packages/scipy/linalg/cython_lapack.cpython-310-x86_64-linux-gnu.so
7f17e5f87000-7f17e5f8d000 rw-p 000d1000 b5:84fa2 180144849708726788      /home/mila/l/le.zhang/.conda/envs/ir/lib/python3.10/site-packages/scipy/linalg/cython_lapack.cpython-310-x86_64-linux-gnu.so
7f17e5f8d000-7f17e5f93000 r--p 00000000 b5:84fa2 180144849708726778      /home/mila/l/le.zhang/.conda/envs/ir/lib/python3.10/site-packages/scipy/linalg/_cythonized_array_utils.cpython-310-x86_64-linux-gnu.so
7f17e5f93000-7f17e6007000 r-xp 00006000 b5:84fa2 180144849708726778      /home/mila/l/le.zhang/.conda/envs/ir/lib/python3.10/site-packages/scipy/linalg/_cythonized_array_utils.cpython-310-x86_64-linux-gnu.so
7f17e6007000-7f17e6015000 r--p 0007a000 b5:84fa2 180144849708726778      /home/mila/l/le.zhang/.conda/envs/ir/lib/python3.10/site-packages/scipy/linalg/_cythonized_array_utils.cpython-310-x86_64-linux-gnu.so
7f17e6015000-7f17e6016000 ---p 00088000 b5:84fa2 180144849708726778      /home/mila/l/le.zhang/.conda/envs/ir/lib/python3.10/site-packages/scipy/linalg/_cythonized_array_utils.cpython-310-x86_64-linux-gnu.so
7f17e6016000-7f17e6017000 r--p 00088000 b5:84fa2 180144849708726778      /home/mila/l/le.zhang/.conda/envs/ir/lib/python3.10/site-packages/scipy/linalg/_cythonized_array_utils.cpython-310-x86_64-linux-gnu.so
7f17e6017000-7f17e601a000 rw-p 00089000 b5:84fa2 180144849708726778      /home/mila/l/le.zhang/.conda/envs/ir/lib/python3.10/site-packages/scipy/linalg/_cythonized_array_utils.cpython-310-x86_64-linux-gnu.so
7f17e601a000-7f17e601b000 rw-p 00000000 00:00 0 
7f17e601b000-7f17e60c6000 r--p 00000000 b5:84fa2 180144849708728255      /home/mila/l/le.zhang/.conda/envs/ir/lib/python3.10/site-packages/scipy.libs/libscipy_openblas-68440149.so
7f17e60c6000-7f17e71d7000 r-xp 000ab000 b5:84fa2 180144849708728255      /home/mila/l/le.zhang/.conda/envs/ir/lib/python3.10/site-packages/scipy.libs/libscipy_openblas-68440149.so
7f17e71d7000-7f17e7386000 r--p 011bc000 b5:84fa2 180144849708728255      /home/mila/l/le.zhang/.conda/envs/ir/lib/python3.10/site-packages/scipy.libs/libscipy_openblas-68440149.so
7f17e7386000-7f17e738c000 r--p 0136a000 b5:84fa2 180144849708728255      /home/mila/l/le.zhang/.conda/envs/ir/lib/python3.10/site-packages/scipy.libs/libscipy_openblas-68440149.so
7f17e738c000-7f17e7397000 rw-p 01370000 b5:84fa2 180144849708728255      /home/mila/l/le.zhang/.conda/envs/ir/lib/python3.10/site-packages/scipy.libs/libscipy_openblas-68440149.so
7f17e7397000-7f17e739f000 rw-p 00000000 00:00 0 
7f17e739f000-7f17e73e1000 rw-p 01435000 b5:84fa2 180144849708728255      /home/mila/l/le.zhang/.conda/envs/ir/lib/python3.10/site-packages/scipy.libs/libscipy_openblas-68440149.so
7f17e73e1000-7f17e740f000 rw-p 01477000 b5:84fa2 180144849708728255      /home/mila/l/le.zhang/.conda/envs/ir/lib/python3.10/site-packages/scipy.libs/libscipy_openblas-68440149.so
7f17e740f000-7f17e743d000 rw-p 014a5000 b5:84fa2 180144849708728255      /home/mila/l/le.zhang/.conda/envs/ir/lib/python3.10/site-packages/scipy.libs/libscipy_openblas-68440149.so
7f17e743d000-7f17e746b000 rw-p 014d3000 b5:84fa2 180144849708728255      /home/mila/l/le.zhang/.conda/envs/ir/lib/python3.10/site-packages/scipy.libs/libscipy_openblas-68440149.so
7f17e746b000-7f17e7499000 rw-p 01501000 b5:84fa2 180144849708728255      /home/mila/l/le.zhang/.conda/envs/ir/lib/python3.10/site-packages/scipy.libs/libscipy_openblas-68440149.so
7f17e7499000-7f17e74c0000 r--p 00000000 b5:84fa2 180144849708726768      /home/mila/l/le.zhang/.conda/envs/ir/lib/python3.10/site-packages/scipy/linalg/_fblas.cpython-310-x86_64-linux-gnu.so
7f17e74c0000-7f17e7508000 r-xp 00027000 b5:84fa2 180144849708726768      /home/mila/l/le.zhang/.conda/envs/ir/lib/python3.10/site-packages/scipy/linalg/_fblas.cpython-310-x86_64-linux-gnu.so
7f17e7508000-7f17e7535000 r--p 0006f000 b5:84fa2 180144849708726768      /home/mila/l/le.zhang/.conda/envs/ir/lib/python3.10/site-packages/scipy/linalg/_fblas.cpython-310-x86_64-linux-gnu.so
7f17e7535000-7f17e7536000 r--p 0009b000 b5:84fa2 180144849708726768      /home/mila/l/le.zhang/.conda/envs/ir/lib/python3.10/site-packages/scipy/linalg/_fblas.cpython-310-x86_64-linux-gnu.so
7f17e7536000-7f17e755f000 rw-p 0009c000 b5:84fa2 180144849708726768      /home/mila/l/le.zhang/.conda/envs/ir/lib/python3.10/site-packages/scipy/linalg/_fblas.cpython-310-x86_64-linux-gnu.so
7f17e755f000-7f17e7570000 rw-p 000e5000 b5:84fa2 180144849708726768      /home/mila/l/le.zhang/.conda/envs/ir/lib/python3.10/site-packages/scipy/linalg/_fblas.cpython-310-x86_64-linux-gnu.so
7f17e7570000-7f17e7577000 rw-p 000f6000 b5:84fa2 180144849708726768      /home/mila/l/le.zhang/.conda/envs/ir/lib/python3.10/site-packages/scipy/linalg/_fblas.cpython-310-x86_64-linux-gnu.so
7f17e7577000-7f17e7677000 rw-p 00000000 00:00 0 
7f17e7677000-7f17e767d000 r--p 00000000 b5:84fa2 180144849708727918      /home/mila/l/le.zhang/.conda/envs/ir/lib/python3.10/site-packages/scipy/sparse/_csparsetools.cpython-310-x86_64-linux-gnu.so
7f17e767d000-7f17e7721000 r-xp 00006000 b5:84fa2 180144849708727918      /home/mila/l/le.zhang/.conda/envs/ir/lib/python3.10/site-packages/scipy/sparse/_csparsetools.cpython-310-x86_64-linux-gnu.so
7f17e7721000-7f17e7730000 r--p 000aa000 b5:84fa2 180144849708727918      /home/mila/l/le.zhang/.conda/envs/ir/lib/python3.10/site-packages/scipy/sparse/_csparsetools.cpython-310-x86_64-linux-gnu.so
7f17e7730000-7f17e7731000 r--p 000b8000 b5:84fa2 180144849708727918      /home/mila/l/le.zhang/.conda/envs/ir/lib/python3.10/site-packages/scipy/sparse/_csparsetools.cpython-310-x86_64-linux-gnu.so
7f17e7731000-7f17e7734000 rw-p 000b9000 b5:84fa2 180144849708727918      /home/mila/l/le.zhang/.conda/envs/ir/lib/python3.10/site-packages/scipy/sparse/_csparsetools.cpython-310-x86_64-linux-gnu.so
7f17e7734000-7f17e7736000 rw-p 00000000 00:00 0 
7f17e7736000-7f17e7739000 r--p 00000000 b5:84fa2 180144849708727901      /home/mila/l/le.zhang/.conda/envs/ir/lib/python3.10/site-packages/scipy/sparse/_sparsetools.cpython-310-x86_64-linux-gnu.so
7f17e7739000-7f17e7af0000 r-xp 00003000 b5:84fa2 180144849708727901      /home/mila/l/le.zhang/.conda/envs/ir/lib/python3.10/site-packages/scipy/sparse/_sparsetools.cpython-310-x86_64-linux-gnu.so
7f17e7af0000-7f17e7b42000 r--p 003ba000 b5:84fa2 180144849708727901      /home/mila/l/le.zhang/.conda/envs/ir/lib/python3.10/site-packages/scipy/sparse/_sparsetools.cpython-310-x86_64-linux-gnu.so
7f17e7b42000-7f17e7b43000 r--p 0040b000 b5:84fa2 180144849708727901      /home/mila/l/le.zhang/.conda/envs/ir/lib/python3.10/site-packages/scipy/sparse/_sparsetools.cpython-310-x86_64-linux-gnu.so
7f17e7b43000-7f17e7b44000 rw-p 0040c000 b5:84fa2 180144849708727901      /home/mila/l/le.zhang/.conda/envs/ir/lib/python3.10/site-packages/scipy/sparse/_sparsetools.cpython-310-x86_64-linux-gnu.so
7f17e7b44000-7f17e7e44000 rw-p 00000000 00:00 0 
7f17e7e44000-7f17e7edc000 r--p 00000000 b5:84fa2 180144849708738495      /home/mila/l/le.zhang/.conda/envs/ir/lib/python3.10/site-packages/tokenizers/tokenizers.abi3.so
7f17e7edc000-7f17e82d5000 r-xp 00098000 b5:84fa2 180144849708738495      /home/mila/l/le.zhang/.conda/envs/ir/lib/python3.10/site-packages/tokenizers/tokenizers.abi3.so
7f17e82d5000-7f17e8477000 r--p 00491000 b5:84fa2 180144849708738495      /home/mila/l/le.zhang/.conda/envs/ir/lib/python3.10/site-packages/tokenizers/tokenizers.abi3.so
7f17e8477000-7f17e8478000 ---p 00633000 b5:84fa2 180144849708738495      /home/mila/l/le.zhang/.conda/envs/ir/lib/python3.10/site-packages/tokenizers/tokenizers.abi3.so
7f17e8478000-7f17e84f8000 r--p 00633000 b5:84fa2 180144849708738495      /home/mila/l/le.zhang/.conda/envs/ir/lib/python3.10/site-packages/tokenizers/tokenizers.abi3.so
7f17e84f8000-7f17e84ff000 rw-p 006b3000 b5:84fa2 180144849708738495      /home/mila/l/le.zhang/.conda/envs/ir/lib/python3.10/site-packages/tokenizers/tokenizers.abi3.so
7f17e84ff000-7f17e8800000 rw-p 00000000 00:00 0 
7f17e8800000-7f17e8803000 r-xp 00000000 b5:84fa2 180144835968132616      /home/mila/l/le.zhang/.conda/envs/ir/lib/python3.10/site-packages/pillow.libs/libXau-154567c4.so.6.0.0
7f17e8803000-7f17e8a02000 ---p 00003000 b5:84fa2 180144835968132616      /home/mila/l/le.zhang/.conda/envs/ir/lib/python3.10/site-packages/pillow.libs/libXau-154567c4.so.6.0.0
7f17e8a02000-7f17e8a03000 r--p 00002000 b5:84fa2 180144835968132616      /home/mila/l/le.zhang/.conda/envs/ir/lib/python3.10/site-packages/pillow.libs/libXau-154567c4.so.6.0.0
7f17e8a03000-7f17e8a04000 rw-p 00000000 00:00 0 
7f17e8a04000-7f17e8a05000 rw-p 00005000 b5:84fa2 180144835968132616      /home/mila/l/le.zhang/.conda/envs/ir/lib/python3.10/site-packages/pillow.libs/libXau-154567c4.so.6.0.0
7f17e8a05000-7f17e8a0a000 r--p 00000000 b5:84fa2 180144849708726758      /home/mila/l/le.zhang/.conda/envs/ir/lib/python3.10/site-packages/scipy/linalg/_decomp_lu_cython.cpython-310-x86_64-linux-gnu.so
7f17e8a0a000-7f17e8a36000 r-xp 00005000 b5:84fa2 180144849708726758      /home/mila/l/le.zhang/.conda/envs/ir/lib/python3.10/site-packages/scipy/linalg/_decomp_lu_cython.cpython-310-x86_64-linux-gnu.so
7f17e8a36000-7f17e8a3e000 r--p 00031000 b5:84fa2 180144849708726758      /home/mila/l/le.zhang/.conda/envs/ir/lib/python3.10/site-packages/scipy/linalg/_decomp_lu_cython.cpython-310-x86_64-linux-gnu.so
7f17e8a3e000-7f17e8a3f000 r--p 00038000 b5:84fa2 180144849708726758      /home/mila/l/le.zhang/.conda/envs/ir/lib/python3.10/site-packages/scipy/linalg/_decomp_lu_cython.cpython-310-x86_64-linux-gnu.so
7f17e8a3f000-7f17e8a41000 rw-p 00039000 b5:84fa2 180144849708726758      /home/mila/l/le.zhang/.conda/envs/ir/lib/python3.10/site-packages/scipy/linalg/_decomp_lu_cython.cpython-310-x86_64-linux-gnu.so
7f17e8a41000-7f17e8a42000 rw-p 00000000 00:00 0 
7f17e8a42000-7f17e8a47000 r--p 00000000 b5:84fa2 180144849708726740      /home/mila/l/le.zhang/.conda/envs/ir/lib/python3.10/site-packages/scipy/linalg/_solve_toeplitz.cpython-310-x86_64-linux-gnu.so
7f17e8a47000-7f17e8a78000 r-xp 00005000 b5:84fa2 180144849708726740      /home/mila/l/le.zhang/.conda/envs/ir/lib/python3.10/site-packages/scipy/linalg/_solve_toeplitz.cpython-310-x86_64-linux-gnu.so
7f17e8a78000-7f17e8a80000 r--p 00036000 b5:84fa2 180144849708726740      /home/mila/l/le.zhang/.conda/envs/ir/lib/python3.10/site-packages/scipy/linalg/_solve_toeplitz.cpython-310-x86_64-linux-gnu.so
7f17e8a80000-7f17e8a81000 ---p 0003e000 b5:84fa2 180144849708726740      /home/mila/l/le.zhang/.conda/envs/ir/lib/python3.10/site-packages/scipy/linalg/_solve_toeplitz.cpython-310-x86_64-linux-gnu.so
7f17e8a81000-7f17e8a82000 r--p 0003e000 b5:84fa2 180144849708726740      /home/mila/l/le.zhang/.conda/envs/ir/lib/python3.10/site-packages/scipy/linalg/_solve_toeplitz.cpython-310-x86_64-linux-gnu.so
7f17e8a82000-7f17e8a84000 rw-p 0003f000 b5:84fa2 180144849708726740      /home/mila/l/le.zhang/.conda/envs/ir/lib/python3.10/site-packages/scipy/linalg/_solve_toeplitz.cpython-310-x86_64-linux-gnu.so
7f17e8a84000-7f17e8a85000 rw-p 00000000 00:00 0 
7f17e8a85000-7f17e8a8a000 r--p 00000000 b5:84fa2 180144835968132623      /home/mila/l/le.zhang/.conda/envs/ir/lib/python3.10/site-packages/pillow.libs/libjpeg-45e70d75.so.62.4.0
7f17e8a8a000-7f17e8b1e000 r-xp 00005000 b5:84fa2 180144835968132623      /home/mila/l/le.zhang/.conda/envs/ir/lib/python3.10/site-packages/pillow.libs/libjpeg-45e70d75.so.62.4.0
7f17e8b1e000-7f17e8b47000 r--p 00099000 b5:84fa2 180144835968132623      /home/mila/l/le.zhang/.conda/envs/ir/lib/python3.10/site-packages/pillow.libs/libjpeg-45e70d75.so.62.4.0
7f17e8b47000-7f17e8b48000 ---p 000c2000 b5:84fa2 180144835968132623      /home/mila/l/le.zhang/.conda/envs/ir/lib/python3.10/site-packages/pillow.libs/libjpeg-45e70d75.so.62.4.0
7f17e8b48000-7f17e8b49000 r--p 000c2000 b5:84fa2 180144835968132623      /home/mila/l/le.zhang/.conda/envs/ir/lib/python3.10/site-packages/pillow.libs/libjpeg-45e70d75.so.62.4.0
7f17e8b49000-7f17e8b4a000 rw-p 000c3000 b5:84fa2 180144835968132623      /home/mila/l/le.zhang/.conda/envs/ir/lib/python3.10/site-packages/pillow.libs/libjpeg-45e70d75.so.62.4.0
7f17e8b4a000-7f17e8b4c000 rw-p 000c4000 b5:84fa2 180144835968132623      /home/mila/l/le.zhang/.conda/envs/ir/lib/python3.10/site-packages/pillow.libs/libjpeg-45e70d75.so.62.4.0
7f17e8b4c000-7f17e8b4e000 rw-p 000c6000 b5:84fa2 180144835968132623      /home/mila/l/le.zhang/.conda/envs/ir/lib/python3.10/site-packages/pillow.libs/libjpeg-45e70d75.so.62.4.0
7f17e8b4e000-7f17e8b55000 r--p 00000000 b5:84fa2 180144835968132622      /home/mila/l/le.zhang/.conda/envs/ir/lib/python3.10/site-packages/pillow.libs/libtiff-0a86184d.so.6.0.2
7f17e8b55000-7f17e8bc5000 r-xp 00007000 b5:84fa2 180144835968132622      /home/mila/l/le.zhang/.conda/envs/ir/lib/python3.10/site-packages/pillow.libs/libtiff-0a86184d.so.6.0.2
7f17e8bc5000-7f17e8bf6000 r--p 00077000 b5:84fa2 180144835968132622      /home/mila/l/le.zhang/.conda/envs/ir/lib/python3.10/site-packages/pillow.libs/libtiff-0a86184d.so.6.0.2
7f17e8bf6000-7f17e8bf7000 ---p 000a8000 b5:84fa2 180144835968132622      /home/mila/l/le.zhang/.conda/envs/ir/lib/python3.10/site-packages/pillow.libs/libtiff-0a86184d.so.6.0.2
7f17e8bf7000-7f17e8bfb000 r--p 000a8000 b5:84fa2 180144835968132622      /home/mila/l/le.zhang/.conda/envs/ir/lib/python3.10/site-packages/pillow.libs/libtiff-0a86184d.so.6.0.2
7f17e8bfb000-7f17e8bfc000 rw-p 000ac000 b5:84fa2 180144835968132622      /home/mila/l/le.zhang/.conda/envs/ir/lib/python3.10/site-packages/pillow.libs/libtiff-0a86184d.so.6.0.2
7f17e8bfc000-7f17e8bfe000 rw-p 000ae000 b5:84fa2 180144835968132622      /home/mila/l/le.zhang/.conda/envs/ir/lib/python3.10/site-packages/pillow.libs/libtiff-0a86184d.so.6.0.2
7f17e8bfe000-7f17e8c00000 rw-p 000b0000 b5:84fa2 180144835968132622      /home/mila/l/le.zhang/.conda/envs/ir/lib/python3.10/site-packages/pillow.libs/libtiff-0a86184d.so.6.0.2
7f17e8c00000-7f17e9200000 rw-p 00000000 00:00 0 
7f17e9200000-7f17e93d3000 r-xp 00000000 fd:00 13670595                   /usr/lib/x86_64-linux-gnu/libnvidia-ml.so.560.35.03
7f17e93d3000-7f17e95d3000 ---p 001d3000 fd:00 13670595                   /usr/lib/x86_64-linux-gnu/libnvidia-ml.so.560.35.03
7f17e95d3000-7f17e9605000 r--p 001d3000 fd:00 13670595                   /usr/lib/x86_64-linux-gnu/libnvidia-ml.so.560.35.03
7f17e9605000-7f17e9607000 rw-p 00205000 fd:00 13670595                   /usr/lib/x86_64-linux-gnu/libnvidia-ml.so.560.35.03
7f17e9607000-7f17ea24e000 rw-p 00000000 00:00 0 
7f17ea24e000-7f17ea250000 r--p 00000000 b5:84fa2 180144849708727275      /home/mila/l/le.zhang/.conda/envs/ir/lib/python3.10/site-packages/scipy/optimize/_slsqp.cpython-310-x86_64-linux-gnu.so
7f17ea250000-7f17ea25d000 r-xp 00002000 b5:84fa2 180144849708727275      /home/mila/l/le.zhang/.conda/envs/ir/lib/python3.10/site-packages/scipy/optimize/_slsqp.cpython-310-x86_64-linux-gnu.so
7f17ea25d000-7f17ea260000 r--p 0000f000 b5:84fa2 180144849708727275      /home/mila/l/le.zhang/.conda/envs/ir/lib/python3.10/site-packages/scipy/optimize/_slsqp.cpython-310-x86_64-linux-gnu.so
7f17ea260000-7f17ea261000 r--p 00011000 b5:84fa2 180144849708727275      /home/mila/l/le.zhang/.conda/envs/ir/lib/python3.10/site-packages/scipy/optimize/_slsqp.cpython-310-x86_64-linux-gnu.so
7f17ea261000-7f17ea262000 rw-p 00012000 b5:84fa2 180144849708727275      /home/mila/l/le.zhang/.conda/envs/ir/lib/python3.10/site-packages/scipy/optimize/_slsqp.cpython-310-x86_64-linux-gnu.so
7f17ea262000-7f17ec262000 rw-p 00000000 00:00 0 
7f17ec262000-7f17ec312000 r--p 00000000 fd:00 13670597                   /usr/lib/x86_64-linux-gnu/libcuda.so.560.35.03
7f17ec312000-7f17ec7c8000 r-xp 000b0000 fd:00 13670597                   /usr/lib/x86_64-linux-gnu/libcuda.so.560.35.03
7f17ec7c8000-7f17ee2de000 r--p 00566000 fd:00 13670597                   /usr/lib/x86_64-linux-gnu/libcuda.so.560.35.03
7f17ee2de000-7f17ee2df000 ---p 0207c000 fd:00 13670597                   /usr/lib/x86_64-linux-gnu/libcuda.so.560.35.03
7f17ee2df000-7f17ee2f6000 r--p 0207c000 fd:00 13670597                   /usr/lib/x86_64-linux-gnu/libcuda.so.560.35.03
7f17ee2f6000-7f17ee39a000 rw-p 02093000 fd:00 13670597                   /usr/lib/x86_64-linux-gnu/libcuda.so.560.35.03
7f17ee39a000-7f17ee400000 rw-p 00000000 00:00 0 
7f17ee400000-7f17fc9c0000 r-xp 00000000 b5:84fa2 180144849708730819      /home/mila/l/le.zhang/.conda/envs/ir/lib/python3.10/site-packages/nvidia/nccl/lib/libnccl.so.2
7f17fc9c0000-7f17fcbc0000 ---p 0e5c0000 b5:84fa2 180144849708730819      /home/mila/l/le.zhang/.conda/envs/ir/lib/python3.10/site-packages/nvidia/nccl/lib/libnccl.so.2
7f17fcbc0000-7f17fcbc9000 r--p 0e5c0000 b5:84fa2 180144849708730819      /home/mila/l/le.zhang/.conda/envs/ir/lib/python3.10/site-packages/nvidia/nccl/lib/libnccl.so.2
7f17fcbc9000-7f17fcbd5000 rw-p 0e5c9000 b5:84fa2 180144849708730819      /home/mila/l/le.zhang/.conda/envs/ir/lib/python3.10/site-packages/nvidia/nccl/lib/libnccl.so.2
7f17fcbd5000-7f17fcbeb000 rw-p 00000000 00:00 0 
7f17fcbeb000-7f17fcbee000 r--p 00000000 b5:84fa2 180144849708727270      /home/mila/l/le.zhang/.conda/envs/ir/lib/python3.10/site-packages/scipy/optimize/_group_columns.cpython-310-x86_64-linux-gnu.so
7f17fcbee000-7f17fcbfb000 r-xp 00003000 b5:84fa2 180144849708727270      /home/mila/l/le.zhang/.conda/envs/ir/lib/python3.10/site-packages/scipy/optimize/_group_columns.cpython-310-x86_64-linux-gnu.so
7f17fcbfb000-7f17fcbfe000 r--p 00010000 b5:84fa2 180144849708727270      /home/mila/l/le.zhang/.conda/envs/ir/lib/python3.10/site-packages/scipy/optimize/_group_columns.cpython-310-x86_64-linux-gnu.so
7f17fcbfe000-7f17fcbff000 r--p 00012000 b5:84fa2 180144849708727270      /home/mila/l/le.zhang/.conda/envs/ir/lib/python3.10/site-packages/scipy/optimize/_group_columns.cpython-310-x86_64-linux-gnu.so
7f17fcbff000-7f17fcc00000 rw-p 00013000 b5:84fa2 180144849708727270      /home/mila/l/le.zhang/.conda/envs/ir/lib/python3.10/site-packages/scipy/optimize/_group_columns.cpython-310-x86_64-linux-gnu.so
7f17fcc00000-7f18135a6000 r-xp 00000000 b5:84fa2 180144849708731145      /home/mila/l/le.zhang/.conda/envs/ir/lib/python3.10/site-packages/nvidia/cublas/lib/libcublasLt.so.12
7f18135a6000-7f18137a6000 ---p 169a6000 b5:84fa2 180144849708731145      /home/mila/l/le.zhang/.conda/envs/ir/lib/python3.10/site-packages/nvidia/cublas/lib/libcublasLt.so.12
7f18137a6000-7f18139da000 r--p 169a6000 b5:84fa2 180144849708731145      /home/mila/l/le.zhang/.conda/envs/ir/lib/python3.10/site-packages/nvidia/cublas/lib/libcublasLt.so.12
7f18139da000-7f1817377000 rw-p 16bda000 b5:84fa2 180144849708731145      /home/mila/l/le.zhang/.conda/envs/ir/lib/python3.10/site-packages/nvidia/cublas/lib/libcublasLt.so.12
7f1817377000-7f181ab5c000 rw-p 00000000 00:00 0 
7f181ab5f000-7f181ab62000 r--p 00000000 b5:84fa2 180144849708726945      /home/mila/l/le.zhang/.conda/envs/ir/lib/python3.10/site-packages/scipy/_lib/messagestream.cpython-310-x86_64-linux-gnu.so
7f181ab62000-7f181ab6c000 r-xp 00003000 b5:84fa2 180144849708726945      /home/mila/l/le.zhang/.conda/envs/ir/lib/python3.10/site-packages/scipy/_lib/messagestream.cpython-310-x86_64-linux-gnu.so
7f181ab6c000-7f181ab6f000 r--p 0000d000 b5:84fa2 180144849708726945      /home/mila/l/le.zhang/.conda/envs/ir/lib/python3.10/site-packages/scipy/_lib/messagestream.cpython-310-x86_64-linux-gnu.so
7f181ab6f000-7f181ab70000 r--p 0000f000 b5:84fa2 180144849708726945      /home/mila/l/le.zhang/.conda/envs/ir/lib/python3.10/site-packages/scipy/_lib/messagestream.cpython-310-x86_64-linux-gnu.so
7f181ab70000-7f181ab71000 rw-p 00010000 b5:84fa2 180144849708726945      /home/mila/l/le.zhang/.conda/envs/ir/lib/python3.10/site-packages/scipy/_lib/messagestream.cpython-310-x86_64-linux-gnu.so
7f181ab71000-7f181ab79000 r--p 00000000 b5:84fa2 180144835968132621      /home/mila/l/le.zhang/.conda/envs/ir/lib/python3.10/site-packages/pillow.libs/libopenjp2-05423b53.so
7f181ab79000-7f181abe7000 r-xp 00008000 b5:84fa2 180144835968132621      /home/mila/l/le.zhang/.conda/envs/ir/lib/python3.10/site-packages/pillow.libs/libopenjp2-05423b53.so
7f181abe7000-7f181abfa000 r--p 00076000 b5:84fa2 180144835968132621      /home/mila/l/le.zhang/.conda/envs/ir/lib/python3.10/site-packages/pillow.libs/libopenjp2-05423b53.so
7f181abfa000-7f181abfb000 ---p 00089000 b5:84fa2 180144835968132621      /home/mila/l/le.zhang/.conda/envs/ir/lib/python3.10/site-packages/pillow.libs/libopenjp2-05423b53.so
7f181abfb000-7f181abfc000 r--p 00089000 b5:84fa2 180144835968132621      /home/mila/l/le.zhang/.conda/envs/ir/lib/python3.10/site-packages/pillow.libs/libopenjp2-05423b53.so
7f181abfc000-7f181abfd000 rw-p 0008a000 b5:84fa2 180144835968132621      /home/mila/l/le.zhang/.conda/envs/ir/lib/python3.10/site-packages/pillow.libs/libopenjp2-05423b53.so
7f181abfd000-7f181ac00000 rw-p 0008c000 b5:84fa2 180144835968132621      /home/mila/l/le.zhang/.conda/envs/ir/lib/python3.10/site-packages/pillow.libs/libopenjp2-05423b53.so
7f181ac00000-7f1821474000 r-xp 00000000 b5:84fa2 180144849708731144      /home/mila/l/le.zhang/.conda/envs/ir/lib/python3.10/site-packages/nvidia/cublas/lib/libcublas.so.12
7f1821474000-7f1821674000 ---p 06874000 b5:84fa2 180144849708731144      /home/mila/l/le.zhang/.conda/envs/ir/lib/python3.10/site-packages/nvidia/cublas/lib/libcublas.so.12
7f1821674000-7f1821680000 r--p 06874000 b5:84fa2 180144849708731144      /home/mila/l/le.zhang/.conda/envs/ir/lib/python3.10/site-packages/nvidia/cublas/lib/libcublas.so.12
7f1821680000-7f1821687000 rw-p 06880000 b5:84fa2 180144849708731144      /home/mila/l/le.zhang/.conda/envs/ir/lib/python3.10/site-packages/nvidia/cublas/lib/libcublas.so.12
7f1821687000-7f1821692000 rw-p 00000000 00:00 0 
7f1821692000-7f1821693000 r--p 00000000 b5:84fa2 180144849708762312      /home/mila/l/le.zhang/.conda/envs/ir/lib/python3.10/site-packages/ray/thirdparty_files/setproctitle.cpython-310-x86_64-linux-gnu.so
7f1821693000-7f1821695000 r-xp 00001000 b5:84fa2 180144849708762312      /home/mila/l/le.zhang/.conda/envs/ir/lib/python3.10/site-packages/ray/thirdparty_files/setproctitle.cpython-310-x86_64-linux-gnu.so
7f1821695000-7f1821696000 r--p 00003000 b5:84fa2 180144849708762312      /home/mila/l/le.zhang/.conda/envs/ir/lib/python3.10/site-packages/ray/thirdparty_files/setproctitle.cpython-310-x86_64-linux-gnu.so
7f1821696000-7f1821697000 r--p 00003000 b5:84fa2 180144849708762312      /home/mila/l/le.zhang/.conda/envs/ir/lib/python3.10/site-packages/ray/thirdparty_files/setproctitle.cpython-310-x86_64-linux-gnu.so
7f1821697000-7f1821698000 rw-p 00004000 b5:84fa2 180144849708762312      /home/mila/l/le.zhang/.conda/envs/ir/lib/python3.10/site-packages/ray/thirdparty_files/setproctitle.cpython-310-x86_64-linux-gnu.so
7f1821698000-7f182169a000 r--p 00000000 b5:84fa2 180144849708769385      /home/mila/l/le.zhang/.conda/envs/ir/lib/python3.10/site-packages/sklearn/utils/_heap.cpython-310-x86_64-linux-gnu.so
7f182169a000-7f182169c000 r-xp 00002000 b5:84fa2 180144849708769385      /home/mila/l/le.zhang/.conda/envs/ir/lib/python3.10/site-packages/sklearn/utils/_heap.cpython-310-x86_64-linux-gnu.so
7f182169c000-7f182169d000 r--p 00004000 b5:84fa2 180144849708769385      /home/mila/l/le.zhang/.conda/envs/ir/lib/python3.10/site-packages/sklearn/utils/_heap.cpython-310-x86_64-linux-gnu.so
7f182169d000-7f182169e000 r--p 00004000 b5:84fa2 180144849708769385      /home/mila/l/le.zhang/.conda/envs/ir/lib/python3.10/site-packages/sklearn/utils/_heap.cpython-310-x86_64-linux-gnu.so
7f182169e000-7f182169f000 rw-p 00005000 b5:84fa2 180144849708769385      /home/mila/l/le.zhang/.conda/envs/ir/lib/python3.10/site-packages/sklearn/utils/_heap.cpython-310-x86_64-linux-gnu.so
7f182169f000-7f18216a2000 r--p 00000000 b5:84fa2 180144849708728060      /home/mila/l/le.zhang/.conda/envs/ir/lib/python3.10/site-packages/scipy/special/_ellip_harm_2.cpython-310-x86_64-linux-gnu.so
7f18216a2000-7f18216b6000 r-xp 00003000 b5:84fa2 180144849708728060      /home/mila/l/le.zhang/.conda/envs/ir/lib/python3.10/site-packages/scipy/special/_ellip_harm_2.cpython-310-x86_64-linux-gnu.so
7f18216b6000-7f18216b9000 r--p 00017000 b5:84fa2 180144849708728060      /home/mila/l/le.zhang/.conda/envs/ir/lib/python3.10/site-packages/scipy/special/_ellip_harm_2.cpython-310-x86_64-linux-gnu.so
7f18216b9000-7f18216ba000 r--p 00019000 b5:84fa2 180144849708728060      /home/mila/l/le.zhang/.conda/envs/ir/lib/python3.10/site-packages/scipy/special/_ellip_harm_2.cpython-310-x86_64-linux-gnu.so
7f18216ba000-7f18216bb000 rw-p 0001a000 b5:84fa2 180144849708728060      /home/mila/l/le.zhang/.conda/envs/ir/lib/python3.10/site-packages/scipy/special/_ellip_harm_2.cpython-310-x86_64-linux-gnu.so
7f18216bb000-7f18216bd000 rw-p 0001f000 b5:84fa2 180144849708728060      /home/mila/l/le.zhang/.conda/envs/ir/lib/python3.10/site-packages/scipy/special/_ellip_harm_2.cpython-310-x86_64-linux-gnu.so
7f18216bd000-7f18216be000 rw-p 00021000 b5:84fa2 180144849708728060      /home/mila/l/le.zhang/.conda/envs/ir/lib/python3.10/site-packages/scipy/special/_ellip_harm_2.cpython-310-x86_64-linux-gnu.so
7f18216be000-7f18216c2000 r--p 00000000 b5:84fa2 180144835968132618      /home/mila/l/le.zhang/.conda/envs/ir/lib/python3.10/site-packages/pillow.libs/liblzma-c9407571.so.5.6.3
7f18216c2000-7f18216f0000 r-xp 00004000 b5:84fa2 180144835968132618      /home/mila/l/le.zhang/.conda/envs/ir/lib/python3.10/site-packages/pillow.libs/liblzma-c9407571.so.5.6.3
7f18216f0000-7f18216fd000 r--p 00032000 b5:84fa2 180144835968132618      /home/mila/l/le.zhang/.conda/envs/ir/lib/python3.10/site-packages/pillow.libs/liblzma-c9407571.so.5.6.3
7f18216fd000-7f18216fe000 r--p 0003e000 b5:84fa2 180144835968132618      /home/mila/l/le.zhang/.conda/envs/ir/lib/python3.10/site-packages/pillow.libs/liblzma-c9407571.so.5.6.3
7f18216fe000-7f18216ff000 rw-p 0003f000 b5:84fa2 180144835968132618      /home/mila/l/le.zhang/.conda/envs/ir/lib/python3.10/site-packages/pillow.libs/liblzma-c9407571.so.5.6.3
7f18216ff000-7f1821700000 rw-p 00040000 b5:84fa2 180144835968132618      /home/mila/l/le.zhang/.conda/envs/ir/lib/python3.10/site-packages/pillow.libs/liblzma-c9407571.so.5.6.3
7f1821700000-7f1821800000 rw-p 00000000 00:00 0 
7f1821800000-7f1825fdc000 r-xp 00000000 b5:84fa2 180144849708730863      /home/mila/l/le.zhang/.conda/envs/ir/lib/python3.10/site-packages/nvidia/curand/lib/libcurand.so.10
7f1825fdc000-7f18261dc000 ---p 047dc000 b5:84fa2 180144849708730863      /home/mila/l/le.zhang/.conda/envs/ir/lib/python3.10/site-packages/nvidia/curand/lib/libcurand.so.10
7f18261dc000-7f18261e2000 r--p 047dc000 b5:84fa2 180144849708730863      /home/mila/l/le.zhang/.conda/envs/ir/lib/python3.10/site-packages/nvidia/curand/lib/libcurand.so.10
7f18261e2000-7f182760e000 rw-p 047e2000 b5:84fa2 180144849708730863      /home/mila/l/le.zhang/.conda/envs/ir/lib/python3.10/site-packages/nvidia/curand/lib/libcurand.so.10
7f182760e000-7f1827c46000 rw-p 00000000 00:00 0 
7f1827c47000-7f1827c48000 r--p 00000000 b5:84fa2 180144849708770701      /home/mila/l/le.zhang/.conda/envs/ir/lib/python3.10/site-packages/onnxruntime/capi/libonnxruntime_providers_shared.so
7f1827c48000-7f1827c49000 r-xp 00001000 b5:84fa2 180144849708770701      /home/mila/l/le.zhang/.conda/envs/ir/lib/python3.10/site-packages/onnxruntime/capi/libonnxruntime_providers_shared.so
7f1827c49000-7f1827c4a000 r--p 00002000 b5:84fa2 180144849708770701      /home/mila/l/le.zhang/.conda/envs/ir/lib/python3.10/site-packages/onnxruntime/capi/libonnxruntime_providers_shared.so
7f1827c4a000-7f1827c4b000 r--p 00002000 b5:84fa2 180144849708770701      /home/mila/l/le.zhang/.conda/envs/ir/lib/python3.10/site-packages/onnxruntime/capi/libonnxruntime_providers_shared.so
7f1827c4b000-7f1827c4c000 rw-p 00000000 00:00 0 
7f1827c4c000-7f1827c60000 r--p 00000000 b5:84fa2 180144835968132532      /home/mila/l/le.zhang/.conda/envs/ir/lib/python3.10/site-packages/PIL/_imaging.cpython-310-x86_64-linux-gnu.so
7f1827c60000-7f1827cdf000 r-xp 00014000 b5:84fa2 180144835968132532      /home/mila/l/le.zhang/.conda/envs/ir/lib/python3.10/site-packages/PIL/_imaging.cpython-310-x86_64-linux-gnu.so
7f1827cdf000-7f1827cf0000 r--p 00093000 b5:84fa2 180144835968132532      /home/mila/l/le.zhang/.conda/envs/ir/lib/python3.10/site-packages/PIL/_imaging.cpython-310-x86_64-linux-gnu.so
7f1827cf0000-7f1827cf1000 ---p 000a4000 b5:84fa2 180144835968132532      /home/mila/l/le.zhang/.conda/envs/ir/lib/python3.10/site-packages/PIL/_imaging.cpython-310-x86_64-linux-gnu.so
7f1827cf1000-7f1827cf5000 r--p 000a4000 b5:84fa2 180144835968132532      /home/mila/l/le.zhang/.conda/envs/ir/lib/python3.10/site-packages/PIL/_imaging.cpython-310-x86_64-linux-gnu.so
7f1827cf5000-7f1827cf9000 rw-p 000a8000 b5:84fa2 180144835968132532      /home/mila/l/le.zhang/.conda/envs/ir/lib/python3.10/site-packages/PIL/_imaging.cpython-310-x86_64-linux-gnu.so
7f1827cf9000-7f1827cfd000 rw-p 002e8000 b5:84fa2 180144835968132532      /home/mila/l/le.zhang/.conda/envs/ir/lib/python3.10/site-packages/PIL/_imaging.cpython-310-x86_64-linux-gnu.so
7f1827cfd000-7f1827d00000 rw-p 002ec000 b5:84fa2 180144835968132532      /home/mila/l/le.zhang/.conda/envs/ir/lib/python3.10/site-packages/PIL/_imaging.cpython-310-x86_64-linux-gnu.so
7f1827d00000-7f1827e00000 rw-p 00000000 00:00 0 
7f1827e00000-7f1834635000 r-xp 00000000 b5:84fa2 180144849708726391      /home/mila/l/le.zhang/.conda/envs/ir/lib/python3.10/site-packages/cusparselt/lib/libcusparseLt.so.0
7f1834635000-7f1834835000 ---p 0c835000 b5:84fa2 180144849708726391      /home/mila/l/le.zhang/.conda/envs/ir/lib/python3.10/site-packages/cusparselt/lib/libcusparseLt.so.0
7f1834835000-7f1834857000 r--p 0c835000 b5:84fa2 180144849708726391      /home/mila/l/le.zhang/.conda/envs/ir/lib/python3.10/site-packages/cusparselt/lib/libcusparseLt.so.0
7f1834857000-7f183485d000 rw-p 0c857000 b5:84fa2 180144849708726391      /home/mila/l/le.zhang/.conda/envs/ir/lib/python3.10/site-packages/cusparselt/lib/libcusparseLt.so.0
7f183485d000-7f1834a4e000 rw-p 00000000 00:00 0 
7f1834a4e000-7f1834cb1000 rw-p 0c85e000 b5:84fa2 180144849708726391      /home/mila/l/le.zhang/.conda/envs/ir/lib/python3.10/site-packages/cusparselt/lib/libcusparseLt.so.0
7f1834cb4000-7f1834cb7000 r--p 00000000 b5:84fa2 180144849708727202      /home/mila/l/le.zhang/.conda/envs/ir/lib/python3.10/site-packages/scipy/stats/_levy_stable/levyst.cpython-310-x86_64-linux-gnu.so
7f1834cb7000-7f1834cbe000 r-xp 00003000 b5:84fa2 180144849708727202      /home/mila/l/le.zhang/.conda/envs/ir/lib/python3.10/site-packages/scipy/stats/_levy_stable/levyst.cpython-310-x86_64-linux-gnu.so
7f1834cbe000-7f1834cc0000 r--p 0000a000 b5:84fa2 180144849708727202      /home/mila/l/le.zhang/.conda/envs/ir/lib/python3.10/site-packages/scipy/stats/_levy_stable/levyst.cpython-310-x86_64-linux-gnu.so
7f1834cc0000-7f1834cc1000 r--p 0000b000 b5:84fa2 180144849708727202      /home/mila/l/le.zhang/.conda/envs/ir/lib/python3.10/site-packages/scipy/stats/_levy_stable/levyst.cpython-310-x86_64-linux-gnu.so
7f1834cc1000-7f1834cc2000 rw-p 0000c000 b5:84fa2 180144849708727202      /home/mila/l/le.zhang/.conda/envs/ir/lib/python3.10/site-packages/scipy/stats/_levy_stable/levyst.cpython-310-x86_64-linux-gnu.so
7f1834cc2000-7f1834cce000 r--p 00000000 b5:84fa2 180144835968132614      /home/mila/l/le.zhang/.conda/envs/ir/lib/python3.10/site-packages/pillow.libs/libxcb-b8a56d01.so.1.1.0
7f1834cce000-7f1834ce9000 r-xp 0000c000 b5:84fa2 180144835968132614      /home/mila/l/le.zhang/.conda/envs/ir/lib/python3.10/site-packages/pillow.libs/libxcb-b8a56d01.so.1.1.0
7f1834ce9000-7f1834cf3000 r--p 00027000 b5:84fa2 180144835968132614      /home/mila/l/le.zhang/.conda/envs/ir/lib/python3.10/site-packages/pillow.libs/libxcb-b8a56d01.so.1.1.0
7f1834cf3000-7f1834cf4000 r--p 00030000 b5:84fa2 180144835968132614      /home/mila/l/le.zhang/.conda/envs/ir/lib/python3.10/site-packages/pillow.libs/libxcb-b8a56d01.so.1.1.0
7f1834cf4000-7f1834cf5000 rw-p 00031000 b5:84fa2 180144835968132614      /home/mila/l/le.zhang/.conda/envs/ir/lib/python3.10/site-packages/pillow.libs/libxcb-b8a56d01.so.1.1.0
7f1834cf5000-7f1834cfb000 rw-p 00033000 b5:84fa2 180144835968132614      /home/mila/l/le.zhang/.conda/envs/ir/lib/python3.10/site-packages/pillow.libs/libxcb-b8a56d01.so.1.1.0
7f1834cfb000-7f1834d00000 rw-p 00039000 b5:84fa2 180144835968132614      /home/mila/l/le.zhang/.conda/envs/ir/lib/python3.10/site-packages/pillow.libs/libxcb-b8a56d01.so.1.1.0
7f1834d00000-7f1834e00000 rw-p 00000000 00:00 0 
7f1834e00000-7f18357b1000 r-xp 00000000 b5:84fa2 180144849708730894      /home/mila/l/le.zhang/.conda/envs/ir/lib/python3.10/site-packages/nvidia/cufft/lib/libcufft.so.11
7f18357b1000-7f18359b0000 ---p 009b1000 b5:84fa2 180144849708730894      /home/mila/l/le.zhang/.conda/envs/ir/lib/python3.10/site-packages/nvidia/cufft/lib/libcufft.so.11
7f18359b0000-7f18359bd000 r--p 009b0000 b5:84fa2 180144849708730894      /home/mila/l/le.zhang/.conda/envs/ir/lib/python3.10/site-packages/nvidia/cufft/lib/libcufft.so.11
7f18359bd000-7f1846752000 rw-p 009bd000 b5:84fa2 180144849708730894      /home/mila/l/le.zhang/.conda/envs/ir/lib/python3.10/site-packages/nvidia/cufft/lib/libcufft.so.11
7f1846752000-7f18469fd000 rw-p 00000000 00:00 0 
7f1846a00000-7f1857619000 r-xp 00000000 b5:84fa2 180144849708735727      /home/mila/l/le.zhang/.conda/envs/ir/lib/python3.10/site-packages/nvidia/cusparse/lib/libcusparse.so.12
7f1857619000-7f1857819000 ---p 10c19000 b5:84fa2 180144849708735727      /home/mila/l/le.zhang/.conda/envs/ir/lib/python3.10/site-packages/nvidia/cusparse/lib/libcusparse.so.12
7f1857819000-7f1857828000 r--p 10c19000 b5:84fa2 180144849708735727      /home/mila/l/le.zhang/.conda/envs/ir/lib/python3.10/site-packages/nvidia/cusparse/lib/libcusparse.so.12
7f1857828000-7f1857844000 rw-p 10c28000 b5:84fa2 180144849708735727      /home/mila/l/le.zhang/.conda/envs/ir/lib/python3.10/site-packages/nvidia/cusparse/lib/libcusparse.so.12
7f1857844000-7f1857849000 rw-p 00000000 00:00 0 
7f1857849000-7f185784e000 rw-p 10c44000 b5:84fa2 180144849708735727      /home/mila/l/le.zhang/.conda/envs/ir/lib/python3.10/site-packages/nvidia/cusparse/lib/libcusparse.so.12
7f1857850000-7f1857851000 r--p 00000000 b5:84fa2 180144849708727230      /home/mila/l/le.zhang/.conda/envs/ir/lib/python3.10/site-packages/scipy/optimize/_direct.cpython-310-x86_64-linux-gnu.so
7f1857851000-7f1857857000 r-xp 00001000 b5:84fa2 180144849708727230      /home/mila/l/le.zhang/.conda/envs/ir/lib/python3.10/site-packages/scipy/optimize/_direct.cpython-310-x86_64-linux-gnu.so
7f1857857000-7f1857859000 r--p 00007000 b5:84fa2 180144849708727230      /home/mila/l/le.zhang/.conda/envs/ir/lib/python3.10/site-packages/scipy/optimize/_direct.cpython-310-x86_64-linux-gnu.so
7f1857859000-7f185785a000 r--p 00008000 b5:84fa2 180144849708727230      /home/mila/l/le.zhang/.conda/envs/ir/lib/python3.10/site-packages/scipy/optimize/_direct.cpython-310-x86_64-linux-gnu.so
7f185785a000-7f185785b000 rw-p 00009000 b5:84fa2 180144849708727230      /home/mila/l/le.zhang/.conda/envs/ir/lib/python3.10/site-packages/scipy/optimize/_direct.cpython-310-x86_64-linux-gnu.so
7f185785b000-7f185787c000 r--p 00000000 b5:84fa2 162130525153157377      /home/mila/l/le.zhang/.conda/envs/ir/lib/libssl.so.3
7f185787c000-7f18578d3000 r-xp 00021000 b5:84fa2 162130525153157377      /home/mila/l/le.zhang/.conda/envs/ir/lib/libssl.so.3
7f18578d3000-7f18578f2000 r--p 00078000 b5:84fa2 162130525153157377      /home/mila/l/le.zhang/.conda/envs/ir/lib/libssl.so.3
7f18578f2000-7f18578fc000 r--p 00096000 b5:84fa2 162130525153157377      /home/mila/l/le.zhang/.conda/envs/ir/lib/libssl.so.3
7f18578fc000-7f1857900000 rw-p 000a0000 b5:84fa2 162130525153157377      /home/mila/l/le.zhang/.conda/envs/ir/lib/libssl.so.3
7f1857900000-7f1857a00000 rw-p 00000000 00:00 0 
7f1857a00000-7f185807e000 r-xp 00000000 b5:84fa2 180144849708731108      /home/mila/l/le.zhang/.conda/envs/ir/lib/python3.10/site-packages/nvidia/cuda_cupti/lib/libcupti.so.12
7f185807e000-7f185827d000 ---p 0067e000 b5:84fa2 180144849708731108      /home/mila/l/le.zhang/.conda/envs/ir/lib/python3.10/site-packages/nvidia/cuda_cupti/lib/libcupti.so.12
7f185827d000-7f18582cc000 r--p 0067d000 b5:84fa2 180144849708731108      /home/mila/l/le.zhang/.conda/envs/ir/lib/python3.10/site-packages/nvidia/cuda_cupti/lib/libcupti.so.12
7f18582cc000-7f1858364000 rw-p 006cc000 b5:84fa2 180144849708731108      /home/mila/l/le.zhang/.conda/envs/ir/lib/python3.10/site-packages/nvidia/cuda_cupti/lib/libcupti.so.12
7f1858364000-7f185839d000 rw-p 00000000 00:00 0 
7f185839f000-7f18583a0000 r--p 00000000 b5:84fa2 180144849708726898      /home/mila/l/le.zhang/.conda/envs/ir/lib/python3.10/site-packages/scipy/ndimage/_rank_filter_1d.cpython-310-x86_64-linux-gnu.so
7f18583a0000-7f18583a3000 r-xp 00001000 b5:84fa2 180144849708726898      /home/mila/l/le.zhang/.conda/envs/ir/lib/python3.10/site-packages/scipy/ndimage/_rank_filter_1d.cpython-310-x86_64-linux-gnu.so
7f18583a3000-7f18583a4000 r--p 00004000 b5:84fa2 180144849708726898      /home/mila/l/le.zhang/.conda/envs/ir/lib/python3.10/site-packages/scipy/ndimage/_rank_filter_1d.cpython-310-x86_64-linux-gnu.so
7f18583a4000-7f18583a5000 r--p 00004000 b5:84fa2 180144849708726898      /home/mila/l/le.zhang/.conda/envs/ir/lib/python3.10/site-packages/scipy/ndimage/_rank_filter_1d.cpython-310-x86_64-linux-gnu.so
7f18583a5000-7f18583a6000 rw-p 00005000 b5:84fa2 180144849708726898      /home/mila/l/le.zhang/.conda/envs/ir/lib/python3.10/site-packages/scipy/ndimage/_rank_filter_1d.cpython-310-x86_64-linux-gnu.so
7f18583a6000-7f18583ad000 r--p 00000000 b5:84fa2 180144764732121510      /home/mila/l/le.zhang/.conda/envs/ir/lib/python3.10/site-packages/yaml/_yaml.cpython-310-x86_64-linux-gnu.so
7f18583ad000-7f18583f3000 r-xp 00007000 b5:84fa2 180144764732121510      /home/mila/l/le.zhang/.conda/envs/ir/lib/python3.10/site-packages/yaml/_yaml.cpython-310-x86_64-linux-gnu.so
7f18583f3000-7f18583fb000 r--p 0004d000 b5:84fa2 180144764732121510      /home/mila/l/le.zhang/.conda/envs/ir/lib/python3.10/site-packages/yaml/_yaml.cpython-310-x86_64-linux-gnu.so
7f18583fb000-7f18583fc000 r--p 00054000 b5:84fa2 180144764732121510      /home/mila/l/le.zhang/.conda/envs/ir/lib/python3.10/site-packages/yaml/_yaml.cpython-310-x86_64-linux-gnu.so
7f18583fc000-7f18583ff000 rw-p 00055000 b5:84fa2 180144764732121510      /home/mila/l/le.zhang/.conda/envs/ir/lib/python3.10/site-packages/yaml/_yaml.cpython-310-x86_64-linux-gnu.so
7f18583ff000-7f1858400000 rw-p 00000000 00:00 0 
7f1858400000-7f1858418000 r-xp 00000000 b5:84fa2 180144764732107551      /home/mila/l/le.zhang/.conda/envs/ir/lib/python3.10/site-packages/nvidia/cudnn/lib/libcudnn.so.9
7f1858418000-7f1858618000 ---p 00018000 b5:84fa2 180144764732107551      /home/mila/l/le.zhang/.conda/envs/ir/lib/python3.10/site-packages/nvidia/cudnn/lib/libcudnn.so.9
7f1858618000-7f1858619000 r--p 00018000 b5:84fa2 180144764732107551      /home/mila/l/le.zhang/.conda/envs/ir/lib/python3.10/site-packages/nvidia/cudnn/lib/libcudnn.so.9
7f1858619000-7f185861a000 rw-p 00019000 b5:84fa2 180144764732107551      /home/mila/l/le.zhang/.conda/envs/ir/lib/python3.10/site-packages/nvidia/cudnn/lib/libcudnn.so.9
7f185861e000-7f185861f000 r--p 00000000 b5:84fa2 180144849708727259      /home/mila/l/le.zhang/.conda/envs/ir/lib/python3.10/site-packages/scipy/optimize/_lsap.cpython-310-x86_64-linux-gnu.so
7f185861f000-7f1858621000 r-xp 00001000 b5:84fa2 180144849708727259      /home/mila/l/le.zhang/.conda/envs/ir/lib/python3.10/site-packages/scipy/optimize/_lsap.cpython-310-x86_64-linux-gnu.so
7f1858621000-7f1858623000 r--p 00003000 b5:84fa2 180144849708727259      /home/mila/l/le.zhang/.conda/envs/ir/lib/python3.10/site-packages/scipy/optimize/_lsap.cpython-310-x86_64-linux-gnu.so
7f1858623000-7f1858624000 r--p 00004000 b5:84fa2 180144849708727259      /home/mila/l/le.zhang/.conda/envs/ir/lib/python3.10/site-packages/scipy/optimize/_lsap.cpython-310-x86_64-linux-gnu.so
7f1858624000-7f1858625000 rw-p 00005000 b5:84fa2 180144849708727259      /home/mila/l/le.zhang/.conda/envs/ir/lib/python3.10/site-packages/scipy/optimize/_lsap.cpython-310-x86_64-linux-gnu.so
7f1858625000-7f1858626000 r--p 00000000 b5:84fa2 180144849708727237      /home/mila/l/le.zhang/.conda/envs/ir/lib/python3.10/site-packages/scipy/optimize/_zeros.cpython-310-x86_64-linux-gnu.so
7f1858626000-7f1858628000 r-xp 00001000 b5:84fa2 180144849708727237      /home/mila/l/le.zhang/.conda/envs/ir/lib/python3.10/site-packages/scipy/optimize/_zeros.cpython-310-x86_64-linux-gnu.so
7f1858628000-7f1858629000 r--p 00003000 b5:84fa2 180144849708727237      /home/mila/l/le.zhang/.conda/envs/ir/lib/python3.10/site-packages/scipy/optimize/_zeros.cpython-310-x86_64-linux-gnu.so
7f1858629000-7f185862a000 r--p 00003000 b5:84fa2 180144849708727237      /home/mila/l/le.zhang/.conda/envs/ir/lib/python3.10/site-packages/scipy/optimize/_zeros.cpython-310-x86_64-linux-gnu.so
7f185862a000-7f185862b000 rw-p 00004000 b5:84fa2 180144849708727237      /home/mila/l/le.zhang/.conda/envs/ir/lib/python3.10/site-packages/scipy/optimize/_zeros.cpython-310-x86_64-linux-gnu.so
7f185862b000-7f1859423000 r--p 00000000 b5:84fa2 180144849708744489      /home/mila/l/le.zhang/.conda/envs/ir/lib/python3.10/site-packages/torch/lib/libtorch_cuda.so
7f1859423000-7f185c1fa000 r-xp 00df8000 b5:84fa2 180144849708744489      /home/mila/l/le.zhang/.conda/envs/ir/lib/python3.10/site-packages/torch/lib/libtorch_cuda.so
7f185c1fa000-7f188bf11000 r--p 03bcf000 b5:84fa2 180144849708744489      /home/mila/l/le.zhang/.conda/envs/ir/lib/python3.10/site-packages/torch/lib/libtorch_cuda.so
7f188bf11000-7f188bf81000 r--p 338e5000 b5:84fa2 180144849708744489      /home/mila/l/le.zhang/.conda/envs/ir/lib/python3.10/site-packages/torch/lib/libtorch_cuda.so
7f188bf81000-7f188bfa4000 rw-p 33955000 b5:84fa2 180144849708744489      /home/mila/l/le.zhang/.conda/envs/ir/lib/python3.10/site-packages/torch/lib/libtorch_cuda.so
7f188bfa4000-7f188ccb7000 rw-p 00000000 00:00 0 
7f188ccb7000-7f188d7d3000 rw-p 351bb000 b5:84fa2 180144849708744489      /home/mila/l/le.zhang/.conda/envs/ir/lib/python3.10/site-packages/torch/lib/libtorch_cuda.so
7f188d7d3000-7f188e7af000 r--p 00000000 b5:84fa2 180144849708744490      /home/mila/l/le.zhang/.conda/envs/ir/lib/python3.10/site-packages/torch/lib/libtorch_cpu.so
7f188e7af000-7f189ef14000 r-xp 00fdc000 b5:84fa2 180144849708744490      /home/mila/l/le.zhang/.conda/envs/ir/lib/python3.10/site-packages/torch/lib/libtorch_cpu.so
7f189ef14000-7f18a1896000 r--p 11741000 b5:84fa2 180144849708744490      /home/mila/l/le.zhang/.conda/envs/ir/lib/python3.10/site-packages/torch/lib/libtorch_cpu.so
7f18a1896000-7f18a1897000 ---p 140c3000 b5:84fa2 180144849708744490      /home/mila/l/le.zhang/.conda/envs/ir/lib/python3.10/site-packages/torch/lib/libtorch_cpu.so
7f18a1897000-7f18a1aef000 r--p 140c3000 b5:84fa2 180144849708744490      /home/mila/l/le.zhang/.conda/envs/ir/lib/python3.10/site-packages/torch/lib/libtorch_cpu.so
7f18a1aef000-7f18a1bac000 rw-p 1431b000 b5:84fa2 180144849708744490      /home/mila/l/le.zhang/.conda/envs/ir/lib/python3.10/site-packages/torch/lib/libtorch_cpu.so
7f18a1bac000-7f18a1c53000 rw-p 00000000 00:00 0 
7f18a1c53000-7f18a22b2000 rw-p 19928000 b5:84fa2 180144849708744490      /home/mila/l/le.zhang/.conda/envs/ir/lib/python3.10/site-packages/torch/lib/libtorch_cpu.so
7f18a22b2000-7f18a288f000 rw-p 19f87000 b5:84fa2 180144849708744490      /home/mila/l/le.zhang/.conda/envs/ir/lib/python3.10/site-packages/torch/lib/libtorch_cpu.so
7f18a288f000-7f18a2b28000 r--p 00000000 b5:84fa2 180144849708744486      /home/mila/l/le.zhang/.conda/envs/ir/lib/python3.10/site-packages/torch/lib/libtorch_python.so
7f18a2b28000-7f18a37c4000 r-xp 00299000 b5:84fa2 180144849708744486      /home/mila/l/le.zhang/.conda/envs/ir/lib/python3.10/site-packages/torch/lib/libtorch_python.so
7f18a37c4000-7f18a3ba2000 r--p 00f35000 b5:84fa2 180144849708744486      /home/mila/l/le.zhang/.conda/envs/ir/lib/python3.10/site-packages/torch/lib/libtorch_python.so
7f18a3ba2000-7f18a3ba3000 ---p 01313000 b5:84fa2 180144849708744486      /home/mila/l/le.zhang/.conda/envs/ir/lib/python3.10/site-packages/torch/lib/libtorch_python.so
7f18a3ba3000-7f18a3bc4000 r--p 01313000 b5:84fa2 180144849708744486      /home/mila/l/le.zhang/.conda/envs/ir/lib/python3.10/site-packages/torch/lib/libtorch_python.so
7f18a3bc4000-7f18a3c25000 rw-p 01334000 b5:84fa2 180144849708744486      /home/mila/l/le.zhang/.conda/envs/ir/lib/python3.10/site-packages/torch/lib/libtorch_python.so
7f18a3c25000-7f18a3c8e000 rw-p 00000000 00:00 0 
7f18a3c8e000-7f18a3e00000 rw-p 01ab2000 b5:84fa2 180144849708744486      /home/mila/l/le.zhang/.conda/envs/ir/lib/python3.10/site-packages/torch/lib/libtorch_python.so
7f18a3e00000-7f18a6add000 r-xp 00000000 b5:84fa2 180144849708730790      /home/mila/l/le.zhang/.conda/envs/ir/lib/python3.10/site-packages/nvidia/nvjitlink/lib/libnvJitLink.so.12
7f18a6add000-7f18a6cdd000 ---p 02cdd000 b5:84fa2 180144849708730790      /home/mila/l/le.zhang/.conda/envs/ir/lib/python3.10/site-packages/nvidia/nvjitlink/lib/libnvJitLink.so.12
7f18a6cdd000-7f18a72aa000 r--p 02cdd000 b5:84fa2 180144849708730790      /home/mila/l/le.zhang/.conda/envs/ir/lib/python3.10/site-packages/nvidia/nvjitlink/lib/libnvJitLink.so.12
7f18a72aa000-7f18a731d000 rw-p 032aa000 b5:84fa2 180144849708730790      /home/mila/l/le.zhang/.conda/envs/ir/lib/python3.10/site-packages/nvidia/nvjitlink/lib/libnvJitLink.so.12
7f18a731d000-7f18a7393000 rw-p 00000000 00:00 0 
7f18a7395000-7f18a7398000 r--p 00000000 b5:84fa2 180144849708728064      /home/mila/l/le.zhang/.conda/envs/ir/lib/python3.10/site-packages/scipy/special/_comb.cpython-310-x86_64-linux-gnu.so
7f18a7398000-7f18a739f000 r-xp 00003000 b5:84fa2 180144849708728064      /home/mila/l/le.zhang/.conda/envs/ir/lib/python3.10/site-packages/scipy/special/_comb.cpython-310-x86_64-linux-gnu.so
7f18a739f000-7f18a73a1000 r--p 0000a000 b5:84fa2 180144849708728064      /home/mila/l/le.zhang/.conda/envs/ir/lib/python3.10/site-packages/scipy/special/_comb.cpython-310-x86_64-linux-gnu.so
7f18a73a1000-7f18a73a2000 r--p 0000b000 b5:84fa2 180144849708728064      /home/mila/l/le.zhang/.conda/envs/ir/lib/python3.10/site-packages/scipy/special/_comb.cpython-310-x86_64-linux-gnu.so
7f18a73a2000-7f18a73a3000 rw-p 0000c000 b5:84fa2 180144849708728064      /home/mila/l/le.zhang/.conda/envs/ir/lib/python3.10/site-packages/scipy/special/_comb.cpython-310-x86_64-linux-gnu.so
7f18a73a3000-7f18a73a6000 r--p 00000000 b5:84fa2 180144849708726739      /home/mila/l/le.zhang/.conda/envs/ir/lib/python3.10/site-packages/scipy/linalg/_linalg_pythran.cpython-310-x86_64-linux-gnu.so
7f18a73a6000-7f18a73ba000 r-xp 00003000 b5:84fa2 180144849708726739      /home/mila/l/le.zhang/.conda/envs/ir/lib/python3.10/site-packages/scipy/linalg/_linalg_pythran.cpython-310-x86_64-linux-gnu.so
7f18a73ba000-7f18a73be000 r--p 00017000 b5:84fa2 180144849708726739      /home/mila/l/le.zhang/.conda/envs/ir/lib/python3.10/site-packages/scipy/linalg/_linalg_pythran.cpython-310-x86_64-linux-gnu.so
7f18a73be000-7f18a73bf000 r--p 0001a000 b5:84fa2 180144849708726739      /home/mila/l/le.zhang/.conda/envs/ir/lib/python3.10/site-packages/scipy/linalg/_linalg_pythran.cpython-310-x86_64-linux-gnu.so
7f18a73bf000-7f18a73c0000 rw-p 0001b000 b5:84fa2 180144849708726739      /home/mila/l/le.zhang/.conda/envs/ir/lib/python3.10/site-packages/scipy/linalg/_linalg_pythran.cpython-310-x86_64-linux-gnu.so
7f18a73c0000-7f18a73c2000 r--p 00000000 b5:84fa2 180144849708762333      /home/mila/l/le.zhang/.conda/envs/ir/lib/python3.10/site-packages/ray/thirdparty_files/psutil/_psutil_posix.abi3.so
7f18a73c2000-7f18a73c4000 r-xp 00002000 b5:84fa2 180144849708762333      /home/mila/l/le.zhang/.conda/envs/ir/lib/python3.10/site-packages/ray/thirdparty_files/psutil/_psutil_posix.abi3.so
7f18a73c4000-7f18a73c5000 r--p 00004000 b5:84fa2 180144849708762333      /home/mila/l/le.zhang/.conda/envs/ir/lib/python3.10/site-packages/ray/thirdparty_files/psutil/_psutil_posix.abi3.so
7f18a73c5000-7f18a73c6000 r--p 00004000 b5:84fa2 180144849708762333      /home/mila/l/le.zhang/.conda/envs/ir/lib/python3.10/site-packages/ray/thirdparty_files/psutil/_psutil_posix.abi3.so
7f18a73c6000-7f18a73c7000 rw-p 00005000 b5:84fa2 180144849708762333      /home/mila/l/le.zhang/.conda/envs/ir/lib/python3.10/site-packages/ray/thirdparty_files/psutil/_psutil_posix.abi3.so
7f18a73c7000-7f18a73d4000 r--p 00000000 b5:84fa2 180144764732123260      /home/mila/l/le.zhang/.conda/envs/ir/lib/python3.10/site-packages/charset_normalizer/md__mypyc.cpython-310-x86_64-linux-gnu.so
7f18a73d4000-7f18a73f0000 r-xp 0000d000 b5:84fa2 180144764732123260      /home/mila/l/le.zhang/.conda/envs/ir/lib/python3.10/site-packages/charset_normalizer/md__mypyc.cpython-310-x86_64-linux-gnu.so
7f18a73f0000-7f18a73f9000 r--p 00029000 b5:84fa2 180144764732123260      /home/mila/l/le.zhang/.conda/envs/ir/lib/python3.10/site-packages/charset_normalizer/md__mypyc.cpython-310-x86_64-linux-gnu.so
7f18a73f9000-7f18a73fa000 ---p 00032000 b5:84fa2 180144764732123260      /home/mila/l/le.zhang/.conda/envs/ir/lib/python3.10/site-packages/charset_normalizer/md__mypyc.cpython-310-x86_64-linux-gnu.so
7f18a73fa000-7f18a73fb000 r--p 00032000 b5:84fa2 180144764732123260      /home/mila/l/le.zhang/.conda/envs/ir/lib/python3.10/site-packages/charset_normalizer/md__mypyc.cpython-310-x86_64-linux-gnu.so
7f18a73fb000-7f18a73ff000 rw-p 00033000 b5:84fa2 180144764732123260      /home/mila/l/le.zhang/.conda/envs/ir/lib/python3.10/site-packages/charset_normalizer/md__mypyc.cpython-310-x86_64-linux-gnu.so
7f18a73ff000-7f18a7400000 rw-p 00000000 00:00 0 
7f18a7400000-7f18aa698000 r-xp 00000000 b5:84fa2 180144849708731044      /home/mila/l/le.zhang/.conda/envs/ir/lib/python3.10/site-packages/nvidia/cuda_nvrtc/lib/libnvrtc.so.12
7f18aa698000-7f18aa898000 ---p 03298000 b5:84fa2 180144849708731044      /home/mila/l/le.zhang/.conda/envs/ir/lib/python3.10/site-packages/nvidia/cuda_nvrtc/lib/libnvrtc.so.12
7f18aa898000-7f18aaeb7000 r--p 03298000 b5:84fa2 180144849708731044      /home/mila/l/le.zhang/.conda/envs/ir/lib/python3.10/site-packages/nvidia/cuda_nvrtc/lib/libnvrtc.so.12
7f18aaeb7000-7f18aaf9c000 rw-p 038b7000 b5:84fa2 180144849708731044      /home/mila/l/le.zhang/.conda/envs/ir/lib/python3.10/site-packages/nvidia/cuda_nvrtc/lib/libnvrtc.so.12
7f18aaf9c000-7f18ab09b000 rw-p 00000000 00:00 0 
7f18ab09b000-7f18ab09d000 rw-p 0399d000 b5:84fa2 180144849708731044      /home/mila/l/le.zhang/.conda/envs/ir/lib/python3.10/site-packages/nvidia/cuda_nvrtc/lib/libnvrtc.so.12
7f18ab09d000-7f18ab09e000 r--p 00000000 b5:84fa2 180144849708728091      /home/mila/l/le.zhang/.conda/envs/ir/lib/python3.10/site-packages/scipy/special/libsf_error_state.so
7f18ab09e000-7f18ab09f000 r-xp 00001000 b5:84fa2 180144849708728091      /home/mila/l/le.zhang/.conda/envs/ir/lib/python3.10/site-packages/scipy/special/libsf_error_state.so
7f18ab09f000-7f18ab0a0000 r--p 00002000 b5:84fa2 180144849708728091      /home/mila/l/le.zhang/.conda/envs/ir/lib/python3.10/site-packages/scipy/special/libsf_error_state.so
7f18ab0a0000-7f18ab0a1000 r--p 00002000 b5:84fa2 180144849708728091      /home/mila/l/le.zhang/.conda/envs/ir/lib/python3.10/site-packages/scipy/special/libsf_error_state.so
7f18ab0a1000-7f18ab0a2000 rw-p 00003000 b5:84fa2 180144849708728091      /home/mila/l/le.zhang/.conda/envs/ir/lib/python3.10/site-packages/scipy/special/libsf_error_state.so
7f18ab0a2000-7f18ab0a4000 r--p 00000000 b5:84fa2 180144849708762332      /home/mila/l/le.zhang/.conda/envs/ir/lib/python3.10/site-packages/ray/thirdparty_files/psutil/_psutil_linux.abi3.so
7f18ab0a4000-7f18ab0a7000 r-xp 00002000 b5:84fa2 180144849708762332      /home/mila/l/le.zhang/.conda/envs/ir/lib/python3.10/site-packages/ray/thirdparty_files/psutil/_psutil_linux.abi3.so
7f18ab0a7000-7f18ab0a8000 r--p 00005000 b5:84fa2 180144849708762332      /home/mila/l/le.zhang/.conda/envs/ir/lib/python3.10/site-packages/ray/thirdparty_files/psutil/_psutil_linux.abi3.so
7f18ab0a8000-7f18ab0a9000 r--p 00005000 b5:84fa2 180144849708762332      /home/mila/l/le.zhang/.conda/envs/ir/lib/python3.10/site-packages/ray/thirdparty_files/psutil/_psutil_linux.abi3.so
7f18ab0a9000-7f18ab0aa000 rw-p 00006000 b5:84fa2 180144849708762332      /home/mila/l/le.zhang/.conda/envs/ir/lib/python3.10/site-packages/ray/thirdparty_files/psutil/_psutil_linux.abi3.so
7f18ab0aa000-7f18ab0bd000 r--p 00000000 b5:84fa2 162130525153156942      /home/mila/l/le.zhang/.conda/envs/ir/lib/python3.10/lib-dynload/_ssl.cpython-310-x86_64-linux-gnu.so
7f18ab0bd000-7f18ab0c7000 r-xp 00013000 b5:84fa2 162130525153156942      /home/mila/l/le.zhang/.conda/envs/ir/lib/python3.10/lib-dynload/_ssl.cpython-310-x86_64-linux-gnu.so
7f18ab0c7000-7f18ab0d5000 r--p 0001d000 b5:84fa2 162130525153156942      /home/mila/l/le.zhang/.conda/envs/ir/lib/python3.10/lib-dynload/_ssl.cpython-310-x86_64-linux-gnu.so
7f18ab0d5000-7f18ab0d6000 r--p 0002b000 b5:84fa2 162130525153156942      /home/mila/l/le.zhang/.conda/envs/ir/lib/python3.10/lib-dynload/_ssl.cpython-310-x86_64-linux-gnu.so
7f18ab0d6000-7f18ab0de000 rw-p 0002c000 b5:84fa2 162130525153156942      /home/mila/l/le.zhang/.conda/envs/ir/lib/python3.10/lib-dynload/_ssl.cpython-310-x86_64-linux-gnu.so
7f18ab0de000-7f18ab10d000 r--p 00000000 b5:84fa2 180144849708744495      /home/mila/l/le.zhang/.conda/envs/ir/lib/python3.10/site-packages/torch/lib/libc10.so
7f18ab10d000-7f18ab1a8000 r-xp 0002f000 b5:84fa2 180144849708744495      /home/mila/l/le.zhang/.conda/envs/ir/lib/python3.10/site-packages/torch/lib/libc10.so
7f18ab1a8000-7f18ab1db000 r--p 000ca000 b5:84fa2 180144849708744495      /home/mila/l/le.zhang/.conda/envs/ir/lib/python3.10/site-packages/torch/lib/libc10.so
7f18ab1db000-7f18ab1de000 r--p 000fc000 b5:84fa2 180144849708744495      /home/mila/l/le.zhang/.conda/envs/ir/lib/python3.10/site-packages/torch/lib/libc10.so
7f18ab1de000-7f18ab1e4000 rw-p 000ff000 b5:84fa2 180144849708744495      /home/mila/l/le.zhang/.conda/envs/ir/lib/python3.10/site-packages/torch/lib/libc10.so
7f18ab1e4000-7f18ab1e7000 rw-p 00000000 00:00 0 
7f18ab1e7000-7f18ab200000 rw-p 0014b000 b5:84fa2 180144849708744495      /home/mila/l/le.zhang/.conda/envs/ir/lib/python3.10/site-packages/torch/lib/libc10.so
7f18ab200000-7f18ab225000 r-xp 00000000 b5:84fa2 180144849708744485      /home/mila/l/le.zhang/.conda/envs/ir/lib/python3.10/site-packages/torch/lib/libgomp-a34b3233.so.1
7f18ab225000-7f18ab424000 ---p 00025000 b5:84fa2 180144849708744485      /home/mila/l/le.zhang/.conda/envs/ir/lib/python3.10/site-packages/torch/lib/libgomp-a34b3233.so.1
7f18ab424000-7f18ab425000 r--p 00024000 b5:84fa2 180144849708744485      /home/mila/l/le.zhang/.conda/envs/ir/lib/python3.10/site-packages/torch/lib/libgomp-a34b3233.so.1
7f18ab425000-7f18ab426000 rw-p 00025000 b5:84fa2 180144849708744485      /home/mila/l/le.zhang/.conda/envs/ir/lib/python3.10/site-packages/torch/lib/libgomp-a34b3233.so.1
7f18ab426000-7f18ab42a000 rw-p 00026000 b5:84fa2 180144849708744485      /home/mila/l/le.zhang/.conda/envs/ir/lib/python3.10/site-packages/torch/lib/libgomp-a34b3233.so.1
7f18ab42d000-7f18ab42f000 r--p 00000000 b5:84fa2 162130525153156885      /home/mila/l/le.zhang/.conda/envs/ir/lib/python3.10/lib-dynload/resource.cpython-310-x86_64-linux-gnu.so
7f18ab42f000-7f18ab430000 r-xp 00002000 b5:84fa2 162130525153156885      /home/mila/l/le.zhang/.conda/envs/ir/lib/python3.10/lib-dynload/resource.cpython-310-x86_64-linux-gnu.so
7f18ab430000-7f18ab431000 r--p 00003000 b5:84fa2 162130525153156885      /home/mila/l/le.zhang/.conda/envs/ir/lib/python3.10/lib-dynload/resource.cpython-310-x86_64-linux-gnu.so
7f18ab431000-7f18ab432000 r--p 00003000 b5:84fa2 162130525153156885      /home/mila/l/le.zhang/.conda/envs/ir/lib/python3.10/lib-dynload/resource.cpython-310-x86_64-linux-gnu.so
7f18ab432000-7f18ab433000 rw-p 00004000 b5:84fa2 162130525153156885      /home/mila/l/le.zhang/.conda/envs/ir/lib/python3.10/lib-dynload/resource.cpython-310-x86_64-linux-gnu.so
7f18ab433000-7f18ab435000 r--p 00000000 b5:84fa2 180144849708769775      /home/mila/l/le.zhang/.conda/envs/ir/lib/python3.10/site-packages/sklearn/__check_build/_check_build.cpython-310-x86_64-linux-gnu.so
7f18ab435000-7f18ab438000 r-xp 00002000 b5:84fa2 180144849708769775      /home/mila/l/le.zhang/.conda/envs/ir/lib/python3.10/site-packages/sklearn/__check_build/_check_build.cpython-310-x86_64-linux-gnu.so
7f18ab438000-7f18ab439000 r--p 00005000 b5:84fa2 180144849708769775      /home/mila/l/le.zhang/.conda/envs/ir/lib/python3.10/site-packages/sklearn/__check_build/_check_build.cpython-310-x86_64-linux-gnu.so
7f18ab439000-7f18ab43a000 ---p 00006000 b5:84fa2 180144849708769775      /home/mila/l/le.zhang/.conda/envs/ir/lib/python3.10/site-packages/sklearn/__check_build/_check_build.cpython-310-x86_64-linux-gnu.so
7f18ab43a000-7f18ab43b000 r--p 00006000 b5:84fa2 180144849708769775      /home/mila/l/le.zhang/.conda/envs/ir/lib/python3.10/site-packages/sklearn/__check_build/_check_build.cpython-310-x86_64-linux-gnu.so
7f18ab43b000-7f18ab43c000 rw-p 00007000 b5:84fa2 180144849708769775      /home/mila/l/le.zhang/.conda/envs/ir/lib/python3.10/site-packages/sklearn/__check_build/_check_build.cpython-310-x86_64-linux-gnu.so
7f18ab43c000-7f18ab43f000 r--p 00000000 b5:84fa2 162130525153156925      /home/mila/l/le.zhang/.conda/envs/ir/lib/python3.10/lib-dynload/_multibytecodec.cpython-310-x86_64-linux-gnu.so
7f18ab43f000-7f18ab445000 r-xp 00003000 b5:84fa2 162130525153156925      /home/mila/l/le.zhang/.conda/envs/ir/lib/python3.10/lib-dynload/_multibytecodec.cpython-310-x86_64-linux-gnu.so
7f18ab445000-7f18ab447000 r--p 00009000 b5:84fa2 162130525153156925      /home/mila/l/le.zhang/.conda/envs/ir/lib/python3.10/lib-dynload/_multibytecodec.cpython-310-x86_64-linux-gnu.so
7f18ab447000-7f18ab448000 r--p 0000a000 b5:84fa2 162130525153156925      /home/mila/l/le.zhang/.conda/envs/ir/lib/python3.10/lib-dynload/_multibytecodec.cpython-310-x86_64-linux-gnu.so
7f18ab448000-7f18ab449000 rw-p 0000b000 b5:84fa2 162130525153156925      /home/mila/l/le.zhang/.conda/envs/ir/lib/python3.10/lib-dynload/_multibytecodec.cpython-310-x86_64-linux-gnu.so
7f18ab449000-7f18ab549000 rw-p 00000000 00:00 0 
7f18ab549000-7f18ab55b000 r--p 00000000 b5:84fa2 180144849708744494      /home/mila/l/le.zhang/.conda/envs/ir/lib/python3.10/site-packages/torch/lib/libc10_cuda.so
7f18ab55b000-7f18ab5b7000 r-xp 00012000 b5:84fa2 180144849708744494      /home/mila/l/le.zhang/.conda/envs/ir/lib/python3.10/site-packages/torch/lib/libc10_cuda.so
7f18ab5b7000-7f18ab5cd000 r--p 0006e000 b5:84fa2 180144849708744494      /home/mila/l/le.zhang/.conda/envs/ir/lib/python3.10/site-packages/torch/lib/libc10_cuda.so
7f18ab5cd000-7f18ab5ce000 ---p 00084000 b5:84fa2 180144849708744494      /home/mila/l/le.zhang/.conda/envs/ir/lib/python3.10/site-packages/torch/lib/libc10_cuda.so
7f18ab5ce000-7f18ab5cf000 r--p 00084000 b5:84fa2 180144849708744494      /home/mila/l/le.zhang/.conda/envs/ir/lib/python3.10/site-packages/torch/lib/libc10_cuda.so
7f18ab5cf000-7f18ab5d0000 rw-p 00085000 b5:84fa2 180144849708744494      /home/mila/l/le.zhang/.conda/envs/ir/lib/python3.10/site-packages/torch/lib/libc10_cuda.so
7f18ab5d0000-7f18ab5f6000 rw-p 00000000 00:00 0 
7f18ab5f6000-7f18ab600000 rw-p 000a7000 b5:84fa2 180144849708744494      /home/mila/l/le.zhang/.conda/envs/ir/lib/python3.10/site-packages/torch/lib/libc10_cuda.so
7f18ab600000-7f18ab6a7000 r-xp 00000000 b5:84fa2 180144849708731015      /home/mila/l/le.zhang/.conda/envs/ir/lib/python3.10/site-packages/nvidia/cuda_runtime/lib/libcudart.so.12
7f18ab6a7000-7f18ab8a7000 ---p 000a7000 b5:84fa2 180144849708731015      /home/mila/l/le.zhang/.conda/envs/ir/lib/python3.10/site-packages/nvidia/cuda_runtime/lib/libcudart.so.12
7f18ab8a7000-7f18ab8ac000 r--p 000a7000 b5:84fa2 180144849708731015      /home/mila/l/le.zhang/.conda/envs/ir/lib/python3.10/site-packages/nvidia/cuda_runtime/lib/libcudart.so.12
7f18ab8ac000-7f18ab8ad000 rw-p 000ac000 b5:84fa2 180144849708731015      /home/mila/l/le.zhang/.conda/envs/ir/lib/python3.10/site-packages/nvidia/cuda_runtime/lib/libcudart.so.12
7f18ab8ad000-7f18ab8af000 rw-p 00000000 00:00 0 
7f18ab8b0000-7f18ab8b5000 r--p 00000000 b5:84fa2 162130525153156930      /home/mila/l/le.zhang/.conda/envs/ir/lib/python3.10/lib-dynload/_asyncio.cpython-310-x86_64-linux-gnu.so
7f18ab8b5000-7f18ab8ba000 r-xp 00005000 b5:84fa2 162130525153156930      /home/mila/l/le.zhang/.conda/envs/ir/lib/python3.10/lib-dynload/_asyncio.cpython-310-x86_64-linux-gnu.so
7f18ab8ba000-7f18ab8be000 r--p 0000a000 b5:84fa2 162130525153156930      /home/mila/l/le.zhang/.conda/envs/ir/lib/python3.10/lib-dynload/_asyncio.cpython-310-x86_64-linux-gnu.so
7f18ab8be000-7f18ab8bf000 r--p 0000d000 b5:84fa2 162130525153156930      /home/mila/l/le.zhang/.conda/envs/ir/lib/python3.10/lib-dynload/_asyncio.cpython-310-x86_64-linux-gnu.so
7f18ab8bf000-7f18ab8c1000 rw-p 0000e000 b5:84fa2 162130525153156930      /home/mila/l/le.zhang/.conda/envs/ir/lib/python3.10/lib-dynload/_asyncio.cpython-310-x86_64-linux-gnu.so
7f18ab8c1000-7f18ab8cd000 r--p 00000000 b5:84fa2 180144849708744491      /home/mila/l/le.zhang/.conda/envs/ir/lib/python3.10/site-packages/torch/lib/libtorch.so
7f18ab8cd000-7f18ab8d8000 r-xp 0000c000 b5:84fa2 180144849708744491      /home/mila/l/le.zhang/.conda/envs/ir/lib/python3.10/site-packages/torch/lib/libtorch.so
7f18ab8d8000-7f18ab8dd000 r--p 00017000 b5:84fa2 180144849708744491      /home/mila/l/le.zhang/.conda/envs/ir/lib/python3.10/site-packages/torch/lib/libtorch.so
7f18ab8dd000-7f18ab8de000 ---p 0001c000 b5:84fa2 180144849708744491      /home/mila/l/le.zhang/.conda/envs/ir/lib/python3.10/site-packages/torch/lib/libtorch.so
7f18ab8de000-7f18ab8df000 r--p 0001c000 b5:84fa2 180144849708744491      /home/mila/l/le.zhang/.conda/envs/ir/lib/python3.10/site-packages/torch/lib/libtorch.so
7f18ab8df000-7f18ab8e0000 rw-p 0001d000 b5:84fa2 180144849708744491      /home/mila/l/le.zhang/.conda/envs/ir/lib/python3.10/site-packages/torch/lib/libtorch.so
7f18ab8e0000-7f18ab8e7000 rw-p 00029000 b5:84fa2 180144849708744491      /home/mila/l/le.zhang/.conda/envs/ir/lib/python3.10/site-packages/torch/lib/libtorch.so
7f18ab8e7000-7f18abae7000 rw-p 00000000 00:00 0 
7f18abae7000-7f18abaee000 r--p 00000000 b5:84fa2 180144764732130482      /home/mila/l/le.zhang/.conda/envs/ir/lib/python3.10/site-packages/pandas/_libs/parsers.cpython-310-x86_64-linux-gnu.so
7f18abaee000-7f18abb67000 r-xp 00007000 b5:84fa2 180144764732130482      /home/mila/l/le.zhang/.conda/envs/ir/lib/python3.10/site-packages/pandas/_libs/parsers.cpython-310-x86_64-linux-gnu.so
7f18abb67000-7f18abb75000 r--p 00080000 b5:84fa2 180144764732130482      /home/mila/l/le.zhang/.conda/envs/ir/lib/python3.10/site-packages/pandas/_libs/parsers.cpython-310-x86_64-linux-gnu.so
7f18abb75000-7f18abb76000 r--p 0008d000 b5:84fa2 180144764732130482      /home/mila/l/le.zhang/.conda/envs/ir/lib/python3.10/site-packages/pandas/_libs/parsers.cpython-310-x86_64-linux-gnu.so
7f18abb76000-7f18abb79000 rw-p 0008e000 b5:84fa2 180144764732130482      /home/mila/l/le.zhang/.conda/envs/ir/lib/python3.10/site-packages/pandas/_libs/parsers.cpython-310-x86_64-linux-gnu.so
7f18abb79000-7f18abc7b000 rw-p 00000000 00:00 0 
7f18abc7b000-7f18abc83000 r--p 00000000 b5:84fa2 180144764732130458      /home/mila/l/le.zhang/.conda/envs/ir/lib/python3.10/site-packages/pandas/_libs/groupby.cpython-310-x86_64-linux-gnu.so
7f18abc83000-7f18abecc000 r-xp 00008000 b5:84fa2 180144764732130458      /home/mila/l/le.zhang/.conda/envs/ir/lib/python3.10/site-packages/pandas/_libs/groupby.cpython-310-x86_64-linux-gnu.so
7f18abecc000-7f18abef6000 r--p 00251000 b5:84fa2 180144764732130458      /home/mila/l/le.zhang/.conda/envs/ir/lib/python3.10/site-packages/pandas/_libs/groupby.cpython-310-x86_64-linux-gnu.so
7f18abef6000-7f18abef7000 r--p 0027a000 b5:84fa2 180144764732130458      /home/mila/l/le.zhang/.conda/envs/ir/lib/python3.10/site-packages/pandas/_libs/groupby.cpython-310-x86_64-linux-gnu.so
7f18abef7000-7f18abefc000 rw-p 0027b000 b5:84fa2 180144764732130458      /home/mila/l/le.zhang/.conda/envs/ir/lib/python3.10/site-packages/pandas/_libs/groupby.cpython-310-x86_64-linux-gnu.so
7f18abefc000-7f18ac000000 rw-p 00000000 00:00 0 
7f18ac000000-7f18ac021000 rw-p 00000000 00:00 0 
7f18ac021000-7f18b0000000 ---p 00000000 00:00 0 
7f18b0002000-7f18b0003000 r--p 00000000 b5:84fa2 180144764732106889      /home/mila/l/le.zhang/.conda/envs/ir/lib/python3.10/site-packages/markupsafe/_speedups.cpython-310-x86_64-linux-gnu.so
7f18b0003000-7f18b0004000 r-xp 00001000 b5:84fa2 180144764732106889      /home/mila/l/le.zhang/.conda/envs/ir/lib/python3.10/site-packages/markupsafe/_speedups.cpython-310-x86_64-linux-gnu.so
7f18b0004000-7f18b0005000 r--p 00002000 b5:84fa2 180144764732106889      /home/mila/l/le.zhang/.conda/envs/ir/lib/python3.10/site-packages/markupsafe/_speedups.cpython-310-x86_64-linux-gnu.so
7f18b0005000-7f18b0006000 r--p 00002000 b5:84fa2 180144764732106889      /home/mila/l/le.zhang/.conda/envs/ir/lib/python3.10/site-packages/markupsafe/_speedups.cpython-310-x86_64-linux-gnu.so
7f18b0006000-7f18b0007000 rw-p 00003000 b5:84fa2 180144764732106889      /home/mila/l/le.zhang/.conda/envs/ir/lib/python3.10/site-packages/markupsafe/_speedups.cpython-310-x86_64-linux-gnu.so
7f18b0007000-7f18b0008000 r--p 00000000 b5:84fa2 180144764732123259      /home/mila/l/le.zhang/.conda/envs/ir/lib/python3.10/site-packages/charset_normalizer/md.cpython-310-x86_64-linux-gnu.so
7f18b0008000-7f18b0009000 r-xp 00001000 b5:84fa2 180144764732123259      /home/mila/l/le.zhang/.conda/envs/ir/lib/python3.10/site-packages/charset_normalizer/md.cpython-310-x86_64-linux-gnu.so
7f18b0009000-7f18b000a000 r--p 00002000 b5:84fa2 180144764732123259      /home/mila/l/le.zhang/.conda/envs/ir/lib/python3.10/site-packages/charset_normalizer/md.cpython-310-x86_64-linux-gnu.so
7f18b000a000-7f18b000b000 r--p 00002000 b5:84fa2 180144764732123259      /home/mila/l/le.zhang/.conda/envs/ir/lib/python3.10/site-packages/charset_normalizer/md.cpython-310-x86_64-linux-gnu.so
7f18b000b000-7f18b000c000 rw-p 00003000 b5:84fa2 180144764732123259      /home/mila/l/le.zhang/.conda/envs/ir/lib/python3.10/site-packages/charset_normalizer/md.cpython-310-x86_64-linux-gnu.so
7f18b000c000-7f18b000f000 r--p 00000000 b5:84fa2 180144849708744492      /home/mila/l/le.zhang/.conda/envs/ir/lib/python3.10/site-packages/torch/lib/libshm.so
7f18b000f000-7f18b0012000 r-xp 00003000 b5:84fa2 180144849708744492      /home/mila/l/le.zhang/.conda/envs/ir/lib/python3.10/site-packages/torch/lib/libshm.so
7f18b0012000-7f18b0013000 r--p 00006000 b5:84fa2 180144849708744492      /home/mila/l/le.zhang/.conda/envs/ir/lib/python3.10/site-packages/torch/lib/libshm.so
7f18b0013000-7f18b0014000 ---p 00007000 b5:84fa2 180144849708744492      /home/mila/l/le.zhang/.conda/envs/ir/lib/python3.10/site-packages/torch/lib/libshm.so
7f18b0014000-7f18b0015000 r--p 00007000 b5:84fa2 180144849708744492      /home/mila/l/le.zhang/.conda/envs/ir/lib/python3.10/site-packages/torch/lib/libshm.so
7f18b0015000-7f18b0016000 rw-p 00008000 b5:84fa2 180144849708744492      /home/mila/l/le.zhang/.conda/envs/ir/lib/python3.10/site-packages/torch/lib/libshm.so
7f18b0016000-7f18b0017000 rw-p 0000b000 b5:84fa2 180144849708744492      /home/mila/l/le.zhang/.conda/envs/ir/lib/python3.10/site-packages/torch/lib/libshm.so
7f18b0017000-7f18b0018000 rw-p 0000c000 b5:84fa2 180144849708744492      /home/mila/l/le.zhang/.conda/envs/ir/lib/python3.10/site-packages/torch/lib/libshm.so
7f18b0018000-7f18b0019000 r--p 00000000 b5:84fa2 180144849708744487      /home/mila/l/le.zhang/.conda/envs/ir/lib/python3.10/site-packages/torch/lib/libtorch_global_deps.so
7f18b0019000-7f18b001a000 r-xp 00001000 b5:84fa2 180144849708744487      /home/mila/l/le.zhang/.conda/envs/ir/lib/python3.10/site-packages/torch/lib/libtorch_global_deps.so
7f18b001a000-7f18b001b000 r--p 00002000 b5:84fa2 180144849708744487      /home/mila/l/le.zhang/.conda/envs/ir/lib/python3.10/site-packages/torch/lib/libtorch_global_deps.so
7f18b001b000-7f18b001c000 r--p 00002000 b5:84fa2 180144849708744487      /home/mila/l/le.zhang/.conda/envs/ir/lib/python3.10/site-packages/torch/lib/libtorch_global_deps.so
7f18b001c000-7f18b001d000 rw-p 00003000 b5:84fa2 180144849708744487      /home/mila/l/le.zhang/.conda/envs/ir/lib/python3.10/site-packages/torch/lib/libtorch_global_deps.so
7f18b001d000-7f18b001e000 rw-p 00004000 b5:84fa2 180144849708744487      /home/mila/l/le.zhang/.conda/envs/ir/lib/python3.10/site-packages/torch/lib/libtorch_global_deps.so
7f18b001e000-7f18b001f000 rw-p 00005000 b5:84fa2 180144849708744487      /home/mila/l/le.zhang/.conda/envs/ir/lib/python3.10/site-packages/torch/lib/libtorch_global_deps.so
7f18b001f000-7f18b0021000 r--p 00000000 b5:84fa2 162130525153156923      /home/mila/l/le.zhang/.conda/envs/ir/lib/python3.10/lib-dynload/cmath.cpython-310-x86_64-linux-gnu.so
7f18b0021000-7f18b002b000 r-xp 00002000 b5:84fa2 162130525153156923      /home/mila/l/le.zhang/.conda/envs/ir/lib/python3.10/lib-dynload/cmath.cpython-310-x86_64-linux-gnu.so
7f18b002b000-7f18b002d000 r--p 0000c000 b5:84fa2 162130525153156923      /home/mila/l/le.zhang/.conda/envs/ir/lib/python3.10/lib-dynload/cmath.cpython-310-x86_64-linux-gnu.so
7f18b002d000-7f18b002e000 r--p 0000e000 b5:84fa2 162130525153156923      /home/mila/l/le.zhang/.conda/envs/ir/lib/python3.10/lib-dynload/cmath.cpython-310-x86_64-linux-gnu.so
7f18b002e000-7f18b002f000 rw-p 0000f000 b5:84fa2 162130525153156923      /home/mila/l/le.zhang/.conda/envs/ir/lib/python3.10/lib-dynload/cmath.cpython-310-x86_64-linux-gnu.so
7f18b002f000-7f18b0031000 rw-p 00000000 00:00 0 
7f18b0031000-7f18b0035000 r--p 00000000 b5:84fa2 180144764732130495      /home/mila/l/le.zhang/.conda/envs/ir/lib/python3.10/site-packages/pandas/_libs/testing.cpython-310-x86_64-linux-gnu.so
7f18b0035000-7f18b004c000 r-xp 00004000 b5:84fa2 180144764732130495      /home/mila/l/le.zhang/.conda/envs/ir/lib/python3.10/site-packages/pandas/_libs/testing.cpython-310-x86_64-linux-gnu.so
7f18b004c000-7f18b004f000 r--p 0001b000 b5:84fa2 180144764732130495      /home/mila/l/le.zhang/.conda/envs/ir/lib/python3.10/site-packages/pandas/_libs/testing.cpython-310-x86_64-linux-gnu.so
7f18b004f000-7f18b0050000 ---p 0001e000 b5:84fa2 180144764732130495      /home/mila/l/le.zhang/.conda/envs/ir/lib/python3.10/site-packages/pandas/_libs/testing.cpython-310-x86_64-linux-gnu.so
7f18b0050000-7f18b0051000 r--p 0001e000 b5:84fa2 180144764732130495      /home/mila/l/le.zhang/.conda/envs/ir/lib/python3.10/site-packages/pandas/_libs/testing.cpython-310-x86_64-linux-gnu.so
7f18b0051000-7f18b0052000 rw-p 0001f000 b5:84fa2 180144764732130495      /home/mila/l/le.zhang/.conda/envs/ir/lib/python3.10/site-packages/pandas/_libs/testing.cpython-310-x86_64-linux-gnu.so
7f18b0052000-7f18b0054000 r--p 00000000 b5:84fa2 180144764732130492      /home/mila/l/le.zhang/.conda/envs/ir/lib/python3.10/site-packages/pandas/_libs/json.cpython-310-x86_64-linux-gnu.so
7f18b0054000-7f18b005d000 r-xp 00002000 b5:84fa2 180144764732130492      /home/mila/l/le.zhang/.conda/envs/ir/lib/python3.10/site-packages/pandas/_libs/json.cpython-310-x86_64-linux-gnu.so
7f18b005d000-7f18b0061000 r--p 0000b000 b5:84fa2 180144764732130492      /home/mila/l/le.zhang/.conda/envs/ir/lib/python3.10/site-packages/pandas/_libs/json.cpython-310-x86_64-linux-gnu.so
7f18b0061000-7f18b0062000 r--p 0000e000 b5:84fa2 180144764732130492      /home/mila/l/le.zhang/.conda/envs/ir/lib/python3.10/site-packages/pandas/_libs/json.cpython-310-x86_64-linux-gnu.so
7f18b0062000-7f18b0063000 rw-p 0000f000 b5:84fa2 180144764732130492      /home/mila/l/le.zhang/.conda/envs/ir/lib/python3.10/site-packages/pandas/_libs/json.cpython-310-x86_64-linux-gnu.so
7f18b0063000-7f18b0068000 r--p 00000000 b5:84fa2 180144764732130464      /home/mila/l/le.zhang/.conda/envs/ir/lib/python3.10/site-packages/pandas/_libs/reshape.cpython-310-x86_64-linux-gnu.so
7f18b0068000-7f18b00a3000 r-xp 00005000 b5:84fa2 180144764732130464      /home/mila/l/le.zhang/.conda/envs/ir/lib/python3.10/site-packages/pandas/_libs/reshape.cpython-310-x86_64-linux-gnu.so
7f18b00a3000-7f18b00ac000 r--p 00040000 b5:84fa2 180144764732130464      /home/mila/l/le.zhang/.conda/envs/ir/lib/python3.10/site-packages/pandas/_libs/reshape.cpython-310-x86_64-linux-gnu.so
7f18b00ac000-7f18b00ad000 r--p 00048000 b5:84fa2 180144764732130464      /home/mila/l/le.zhang/.conda/envs/ir/lib/python3.10/site-packages/pandas/_libs/reshape.cpython-310-x86_64-linux-gnu.so
7f18b00ad000-7f18b00b0000 rw-p 00049000 b5:84fa2 180144764732130464      /home/mila/l/le.zhang/.conda/envs/ir/lib/python3.10/site-packages/pandas/_libs/reshape.cpython-310-x86_64-linux-gnu.so
7f18b00b0000-7f18b00b5000 r--p 00000000 b5:84fa2 180144764732130532      /home/mila/l/le.zhang/.conda/envs/ir/lib/python3.10/site-packages/pandas/_libs/window/indexers.cpython-310-x86_64-linux-gnu.so
7f18b00b5000-7f18b00db000 r-xp 00005000 b5:84fa2 180144764732130532      /home/mila/l/le.zhang/.conda/envs/ir/lib/python3.10/site-packages/pandas/_libs/window/indexers.cpython-310-x86_64-linux-gnu.so
7f18b00db000-7f18b00e3000 r--p 0002b000 b5:84fa2 180144764732130532      /home/mila/l/le.zhang/.conda/envs/ir/lib/python3.10/site-packages/pandas/_libs/window/indexers.cpython-310-x86_64-linux-gnu.so
7f18b00e3000-7f18b00e4000 r--p 00032000 b5:84fa2 180144764732130532      /home/mila/l/le.zhang/.conda/envs/ir/lib/python3.10/site-packages/pandas/_libs/window/indexers.cpython-310-x86_64-linux-gnu.so
7f18b00e4000-7f18b00e6000 rw-p 00033000 b5:84fa2 180144764732130532      /home/mila/l/le.zhang/.conda/envs/ir/lib/python3.10/site-packages/pandas/_libs/window/indexers.cpython-310-x86_64-linux-gnu.so
7f18b00e6000-7f18b00e7000 rw-p 00000000 00:00 0 
7f18b00e7000-7f18b00ed000 r--p 00000000 b5:84fa2 180144764732130536      /home/mila/l/le.zhang/.conda/envs/ir/lib/python3.10/site-packages/pandas/_libs/window/aggregations.cpython-310-x86_64-linux-gnu.so
7f18b00ed000-7f18b013d000 r-xp 00006000 b5:84fa2 180144764732130536      /home/mila/l/le.zhang/.conda/envs/ir/lib/python3.10/site-packages/pandas/_libs/window/aggregations.cpython-310-x86_64-linux-gnu.so
7f18b013d000-7f18b0148000 r--p 00056000 b5:84fa2 180144764732130536      /home/mila/l/le.zhang/.conda/envs/ir/lib/python3.10/site-packages/pandas/_libs/window/aggregations.cpython-310-x86_64-linux-gnu.so
7f18b0148000-7f18b0149000 r--p 00060000 b5:84fa2 180144764732130536      /home/mila/l/le.zhang/.conda/envs/ir/lib/python3.10/site-packages/pandas/_libs/window/aggregations.cpython-310-x86_64-linux-gnu.so
7f18b0149000-7f18b014b000 rw-p 00061000 b5:84fa2 180144764732130536      /home/mila/l/le.zhang/.conda/envs/ir/lib/python3.10/site-packages/pandas/_libs/window/aggregations.cpython-310-x86_64-linux-gnu.so
7f18b014b000-7f18b014c000 rw-p 00000000 00:00 0 
7f18b014c000-7f18b014e000 r--p 00000000 b5:84fa2 162130525153156906      /home/mila/l/le.zhang/.conda/envs/ir/lib/python3.10/lib-dynload/mmap.cpython-310-x86_64-linux-gnu.so
7f18b014e000-7f18b0151000 r-xp 00002000 b5:84fa2 162130525153156906      /home/mila/l/le.zhang/.conda/envs/ir/lib/python3.10/lib-dynload/mmap.cpython-310-x86_64-linux-gnu.so
7f18b0151000-7f18b0153000 r--p 00005000 b5:84fa2 162130525153156906      /home/mila/l/le.zhang/.conda/envs/ir/lib/python3.10/lib-dynload/mmap.cpython-310-x86_64-linux-gnu.so
7f18b0153000-7f18b0154000 r--p 00006000 b5:84fa2 162130525153156906      /home/mila/l/le.zhang/.conda/envs/ir/lib/python3.10/lib-dynload/mmap.cpython-310-x86_64-linux-gnu.so
7f18b0154000-7f18b0155000 rw-p 00007000 b5:84fa2 162130525153156906      /home/mila/l/le.zhang/.conda/envs/ir/lib/python3.10/lib-dynload/mmap.cpython-310-x86_64-linux-gnu.so
7f18b0155000-7f18b0355000 rw-p 00000000 00:00 0 
7f18b0355000-7f18b035b000 r--p 00000000 b5:84fa2 180144764732130473      /home/mila/l/le.zhang/.conda/envs/ir/lib/python3.10/site-packages/pandas/_libs/join.cpython-310-x86_64-linux-gnu.so
7f18b035b000-7f18b049a000 r-xp 00006000 b5:84fa2 180144764732130473      /home/mila/l/le.zhang/.conda/envs/ir/lib/python3.10/site-packages/pandas/_libs/join.cpython-310-x86_64-linux-gnu.so
7f18b049a000-7f18b04aa000 r--p 00145000 b5:84fa2 180144764732130473      /home/mila/l/le.zhang/.conda/envs/ir/lib/python3.10/site-packages/pandas/_libs/join.cpython-310-x86_64-linux-gnu.so
7f18b04aa000-7f18b04ab000 r--p 00154000 b5:84fa2 180144764732130473      /home/mila/l/le.zhang/.conda/envs/ir/lib/python3.10/site-packages/pandas/_libs/join.cpython-310-x86_64-linux-gnu.so
7f18b04ab000-7f18b04ae000 rw-p 00155000 b5:84fa2 180144764732130473      /home/mila/l/le.zhang/.conda/envs/ir/lib/python3.10/site-packages/pandas/_libs/join.cpython-310-x86_64-linux-gnu.so
7f18b04ae000-7f18b04b0000 rw-p 00000000 00:00 0 
7f18b04b0000-7f18b04b5000 r--p 00000000 b5:84fa2 180144764732130484      /home/mila/l/le.zhang/.conda/envs/ir/lib/python3.10/site-packages/pandas/_libs/writers.cpython-310-x86_64-linux-gnu.so
7f18b04b5000-7f18b04e4000 r-xp 00005000 b5:84fa2 180144764732130484      /home/mila/l/le.zhang/.conda/envs/ir/lib/python3.10/site-packages/pandas/_libs/writers.cpython-310-x86_64-linux-gnu.so
7f18b04e4000-7f18b04ec000 r--p 00034000 b5:84fa2 180144764732130484      /home/mila/l/le.zhang/.conda/envs/ir/lib/python3.10/site-packages/pandas/_libs/writers.cpython-310-x86_64-linux-gnu.so
7f18b04ec000-7f18b04ed000 ---p 0003c000 b5:84fa2 180144764732130484      /home/mila/l/le.zhang/.conda/envs/ir/lib/python3.10/site-packages/pandas/_libs/writers.cpython-310-x86_64-linux-gnu.so
7f18b04ed000-7f18b04ee000 r--p 0003c000 b5:84fa2 180144764732130484      /home/mila/l/le.zhang/.conda/envs/ir/lib/python3.10/site-packages/pandas/_libs/writers.cpython-310-x86_64-linux-gnu.so
7f18b04ee000-7f18b04f0000 rw-p 0003d000 b5:84fa2 180144764732130484      /home/mila/l/le.zhang/.conda/envs/ir/lib/python3.10/site-packages/pandas/_libs/writers.cpython-310-x86_64-linux-gnu.so
7f18b04f0000-7f18b04f1000 rw-p 00000000 00:00 0 
7f18b04f1000-7f18b04fb000 r--p 00000000 b5:84fa2 180144764732130497      /home/mila/l/le.zhang/.conda/envs/ir/lib/python3.10/site-packages/pandas/_libs/index.cpython-310-x86_64-linux-gnu.so
7f18b04fb000-7f18b05c1000 r-xp 0000a000 b5:84fa2 180144764732130497      /home/mila/l/le.zhang/.conda/envs/ir/lib/python3.10/site-packages/pandas/_libs/index.cpython-310-x86_64-linux-gnu.so
7f18b05c1000-7f18b05da000 r--p 000d0000 b5:84fa2 180144764732130497      /home/mila/l/le.zhang/.conda/envs/ir/lib/python3.10/site-packages/pandas/_libs/index.cpython-310-x86_64-linux-gnu.so
7f18b05da000-7f18b05db000 r--p 000e8000 b5:84fa2 180144764732130497      /home/mila/l/le.zhang/.conda/envs/ir/lib/python3.10/site-packages/pandas/_libs/index.cpython-310-x86_64-linux-gnu.so
7f18b05db000-7f18b05e3000 rw-p 000e9000 b5:84fa2 180144764732130497      /home/mila/l/le.zhang/.conda/envs/ir/lib/python3.10/site-packages/pandas/_libs/index.cpython-310-x86_64-linux-gnu.so
7f18b05e3000-7f18b06e6000 rw-p 00000000 00:00 0 
7f18b06e6000-7f18b06ec000 r--p 00000000 b5:84fa2 180144764732130447      /home/mila/l/le.zhang/.conda/envs/ir/lib/python3.10/site-packages/pandas/_libs/internals.cpython-310-x86_64-linux-gnu.so
7f18b06ec000-7f18b073b000 r-xp 00006000 b5:84fa2 180144764732130447      /home/mila/l/le.zhang/.conda/envs/ir/lib/python3.10/site-packages/pandas/_libs/internals.cpython-310-x86_64-linux-gnu.so
7f18b073b000-7f18b0748000 r--p 00055000 b5:84fa2 180144764732130447      /home/mila/l/le.zhang/.conda/envs/ir/lib/python3.10/site-packages/pandas/_libs/internals.cpython-310-x86_64-linux-gnu.so
7f18b0748000-7f18b0749000 r--p 00061000 b5:84fa2 180144764732130447      /home/mila/l/le.zhang/.conda/envs/ir/lib/python3.10/site-packages/pandas/_libs/internals.cpython-310-x86_64-linux-gnu.so
7f18b0749000-7f18b074c000 rw-p 00062000 b5:84fa2 180144764732130447      /home/mila/l/le.zhang/.conda/envs/ir/lib/python3.10/site-packages/pandas/_libs/internals.cpython-310-x86_64-linux-gnu.so
7f18b074c000-7f18b074e000 rw-p 00000000 00:00 0 
7f18b074e000-7f18b0754000 r--p 00000000 b5:84fa2 180144764732130494      /home/mila/l/le.zhang/.conda/envs/ir/lib/python3.10/site-packages/pandas/_libs/sparse.cpython-310-x86_64-linux-gnu.so
7f18b0754000-7f18b082b000 r-xp 00006000 b5:84fa2 180144764732130494      /home/mila/l/le.zhang/.conda/envs/ir/lib/python3.10/site-packages/pandas/_libs/sparse.cpython-310-x86_64-linux-gnu.so
7f18b082b000-7f18b083c000 r--p 000dd000 b5:84fa2 180144764732130494      /home/mila/l/le.zhang/.conda/envs/ir/lib/python3.10/site-packages/pandas/_libs/sparse.cpython-310-x86_64-linux-gnu.so
7f18b083c000-7f18b083d000 r--p 000ed000 b5:84fa2 180144764732130494      /home/mila/l/le.zhang/.conda/envs/ir/lib/python3.10/site-packages/pandas/_libs/sparse.cpython-310-x86_64-linux-gnu.so
7f18b083d000-7f18b0840000 rw-p 000ee000 b5:84fa2 180144764732130494      /home/mila/l/le.zhang/.conda/envs/ir/lib/python3.10/site-packages/pandas/_libs/sparse.cpython-310-x86_64-linux-gnu.so
7f18b0840000-7f18b0942000 rw-p 00000000 00:00 0 
7f18b0942000-7f18b0947000 r--p 00000000 b5:84fa2 180144764732130454      /home/mila/l/le.zhang/.conda/envs/ir/lib/python3.10/site-packages/pandas/_libs/tslib.cpython-310-x86_64-linux-gnu.so
7f18b0947000-7f18b0989000 r-xp 00005000 b5:84fa2 180144764732130454      /home/mila/l/le.zhang/.conda/envs/ir/lib/python3.10/site-packages/pandas/_libs/tslib.cpython-310-x86_64-linux-gnu.so
7f18b0989000-7f18b0993000 r--p 00047000 b5:84fa2 180144764732130454      /home/mila/l/le.zhang/.conda/envs/ir/lib/python3.10/site-packages/pandas/_libs/tslib.cpython-310-x86_64-linux-gnu.so
7f18b0993000-7f18b0994000 r--p 00050000 b5:84fa2 180144764732130454      /home/mila/l/le.zhang/.conda/envs/ir/lib/python3.10/site-packages/pandas/_libs/tslib.cpython-310-x86_64-linux-gnu.so
7f18b0994000-7f18b0996000 rw-p 00051000 b5:84fa2 180144764732130454      /home/mila/l/le.zhang/.conda/envs/ir/lib/python3.10/site-packages/pandas/_libs/tslib.cpython-310-x86_64-linux-gnu.so
7f18b0996000-7f18b0997000 rw-p 00000000 00:00 0 
7f18b0997000-7f18b099c000 r--p 00000000 b5:84fa2 180144764732130489      /home/mila/l/le.zhang/.conda/envs/ir/lib/python3.10/site-packages/pandas/_libs/hashing.cpython-310-x86_64-linux-gnu.so
7f18b099c000-7f18b09c3000 r-xp 00005000 b5:84fa2 180144764732130489      /home/mila/l/le.zhang/.conda/envs/ir/lib/python3.10/site-packages/pandas/_libs/hashing.cpython-310-x86_64-linux-gnu.so
7f18b09c3000-7f18b09cb000 r--p 0002c000 b5:84fa2 180144764732130489      /home/mila/l/le.zhang/.conda/envs/ir/lib/python3.10/site-packages/pandas/_libs/hashing.cpython-310-x86_64-linux-gnu.so
7f18b09cb000-7f18b09cc000 r--p 00033000 b5:84fa2 180144764732130489      /home/mila/l/le.zhang/.conda/envs/ir/lib/python3.10/site-packages/pandas/_libs/hashing.cpython-310-x86_64-linux-gnu.so
7f18b09cc000-7f18b09ce000 rw-p 00034000 b5:84fa2 180144764732130489      /home/mila/l/le.zhang/.conda/envs/ir/lib/python3.10/site-packages/pandas/_libs/hashing.cpython-310-x86_64-linux-gnu.so
7f18b09ce000-7f18b0bcf000 rw-p 00000000 00:00 0 
7f18b0bcf000-7f18b0bfa000 r--p 00000000 b5:84fa2 180144764732127260      /home/mila/l/le.zhang/.conda/envs/ir/lib/python3.10/site-packages/pyarrow/_compute.cpython-310-x86_64-linux-gnu.so
7f18b0bfa000-7f18b0c92000 r-xp 0002b000 b5:84fa2 180144764732127260      /home/mila/l/le.zhang/.conda/envs/ir/lib/python3.10/site-packages/pyarrow/_compute.cpython-310-x86_64-linux-gnu.so
7f18b0c92000-7f18b0cbe000 r--p 000c3000 b5:84fa2 180144764732127260      /home/mila/l/le.zhang/.conda/envs/ir/lib/python3.10/site-packages/pyarrow/_compute.cpython-310-x86_64-linux-gnu.so
7f18b0cbe000-7f18b0cbf000 ---p 000ef000 b5:84fa2 180144764732127260      /home/mila/l/le.zhang/.conda/envs/ir/lib/python3.10/site-packages/pyarrow/_compute.cpython-310-x86_64-linux-gnu.so
7f18b0cbf000-7f18b0cc1000 r--p 000ef000 b5:84fa2 180144764732127260      /home/mila/l/le.zhang/.conda/envs/ir/lib/python3.10/site-packages/pyarrow/_compute.cpython-310-x86_64-linux-gnu.so
7f18b0cc1000-7f18b0ccd000 rw-p 000f1000 b5:84fa2 180144764732127260      /home/mila/l/le.zhang/.conda/envs/ir/lib/python3.10/site-packages/pyarrow/_compute.cpython-310-x86_64-linux-gnu.so
7f18b0ccd000-7f18b0dd1000 rw-p 00000000 00:00 0 
7f18b0dd1000-7f18b127e000 r--p 00000000 b5:84fa2 180144764732127250      /home/mila/l/le.zhang/.conda/envs/ir/lib/python3.10/site-packages/pyarrow/libarrow.so.1700
7f18b127e000-7f18b33f8000 r-xp 004ad000 b5:84fa2 180144764732127250      /home/mila/l/le.zhang/.conda/envs/ir/lib/python3.10/site-packages/pyarrow/libarrow.so.1700
7f18b33f8000-7f18b3c59000 r--p 02627000 b5:84fa2 180144764732127250      /home/mila/l/le.zhang/.conda/envs/ir/lib/python3.10/site-packages/pyarrow/libarrow.so.1700
7f18b3c59000-7f18b3d45000 r--p 02e87000 b5:84fa2 180144764732127250      /home/mila/l/le.zhang/.conda/envs/ir/lib/python3.10/site-packages/pyarrow/libarrow.so.1700
7f18b3d45000-7f18b3d78000 rw-p 02f73000 b5:84fa2 180144764732127250      /home/mila/l/le.zhang/.conda/envs/ir/lib/python3.10/site-packages/pyarrow/libarrow.so.1700
7f18b3d78000-7f18b4000000 rw-p 00000000 00:00 0 
7f18b4000000-7f18b4339000 rw-p 00000000 00:00 0 
7f18b4339000-7f18b8000000 ---p 00000000 00:00 0 
7f18b8000000-7f18b8001000 r--p 00000000 b5:84fa2 180144849708754881      /home/mila/l/le.zhang/.conda/envs/ir/lib/python3.10/site-packages/torch/_C.cpython-310-x86_64-linux-gnu.so
7f18b8001000-7f18b8002000 r-xp 00001000 b5:84fa2 180144849708754881      /home/mila/l/le.zhang/.conda/envs/ir/lib/python3.10/site-packages/torch/_C.cpython-310-x86_64-linux-gnu.so
7f18b8002000-7f18b8003000 r--p 00002000 b5:84fa2 180144849708754881      /home/mila/l/le.zhang/.conda/envs/ir/lib/python3.10/site-packages/torch/_C.cpython-310-x86_64-linux-gnu.so
7f18b8003000-7f18b8004000 r--p 00002000 b5:84fa2 180144849708754881      /home/mila/l/le.zhang/.conda/envs/ir/lib/python3.10/site-packages/torch/_C.cpython-310-x86_64-linux-gnu.so
7f18b8004000-7f18b8005000 rw-p 00003000 b5:84fa2 180144849708754881      /home/mila/l/le.zhang/.conda/envs/ir/lib/python3.10/site-packages/torch/_C.cpython-310-x86_64-linux-gnu.so
7f18b8005000-7f18b8006000 rw-p 00009000 b5:84fa2 180144849708754881      /home/mila/l/le.zhang/.conda/envs/ir/lib/python3.10/site-packages/torch/_C.cpython-310-x86_64-linux-gnu.so
7f18b8006000-7f18b8009000 r--p 00000000 b5:84fa2 180144764732130481      /home/mila/l/le.zhang/.conda/envs/ir/lib/python3.10/site-packages/pandas/_libs/indexing.cpython-310-x86_64-linux-gnu.so
7f18b8009000-7f18b8012000 r-xp 00003000 b5:84fa2 180144764732130481      /home/mila/l/le.zhang/.conda/envs/ir/lib/python3.10/site-packages/pandas/_libs/indexing.cpython-310-x86_64-linux-gnu.so
7f18b8012000-7f18b8015000 r--p 0000c000 b5:84fa2 180144764732130481      /home/mila/l/le.zhang/.conda/envs/ir/lib/python3.10/site-packages/pandas/_libs/indexing.cpython-310-x86_64-linux-gnu.so
7f18b8015000-7f18b8016000 r--p 0000e000 b5:84fa2 180144764732130481      /home/mila/l/le.zhang/.conda/envs/ir/lib/python3.10/site-packages/pandas/_libs/indexing.cpython-310-x86_64-linux-gnu.so
7f18b8016000-7f18b8017000 rw-p 0000f000 b5:84fa2 180144764732130481      /home/mila/l/le.zhang/.conda/envs/ir/lib/python3.10/site-packages/pandas/_libs/indexing.cpython-310-x86_64-linux-gnu.so
7f18b8017000-7f18b801a000 r--p 00000000 b5:84fa2 162130525153156914      /home/mila/l/le.zhang/.conda/envs/ir/lib/python3.10/lib-dynload/_csv.cpython-310-x86_64-linux-gnu.so
7f18b801a000-7f18b801f000 r-xp 00003000 b5:84fa2 162130525153156914      /home/mila/l/le.zhang/.conda/envs/ir/lib/python3.10/lib-dynload/_csv.cpython-310-x86_64-linux-gnu.so
7f18b801f000-7f18b8022000 r--p 00008000 b5:84fa2 162130525153156914      /home/mila/l/le.zhang/.conda/envs/ir/lib/python3.10/lib-dynload/_csv.cpython-310-x86_64-linux-gnu.so
7f18b8022000-7f18b8023000 r--p 0000a000 b5:84fa2 162130525153156914      /home/mila/l/le.zhang/.conda/envs/ir/lib/python3.10/lib-dynload/_csv.cpython-310-x86_64-linux-gnu.so
7f18b8023000-7f18b8024000 rw-p 0000b000 b5:84fa2 162130525153156914      /home/mila/l/le.zhang/.conda/envs/ir/lib/python3.10/lib-dynload/_csv.cpython-310-x86_64-linux-gnu.so
7f18b8024000-7f18b8029000 r--p 00000000 b5:84fa2 180144764732130451      /home/mila/l/le.zhang/.conda/envs/ir/lib/python3.10/site-packages/pandas/_libs/ops.cpython-310-x86_64-linux-gnu.so
7f18b8029000-7f18b805b000 r-xp 00005000 b5:84fa2 180144764732130451      /home/mila/l/le.zhang/.conda/envs/ir/lib/python3.10/site-packages/pandas/_libs/ops.cpython-310-x86_64-linux-gnu.so
7f18b805b000-7f18b8063000 r--p 00037000 b5:84fa2 180144764732130451      /home/mila/l/le.zhang/.conda/envs/ir/lib/python3.10/site-packages/pandas/_libs/ops.cpython-310-x86_64-linux-gnu.so
7f18b8063000-7f18b8064000 ---p 0003f000 b5:84fa2 180144764732130451      /home/mila/l/le.zhang/.conda/envs/ir/lib/python3.10/site-packages/pandas/_libs/ops.cpython-310-x86_64-linux-gnu.so
7f18b8064000-7f18b8065000 r--p 0003f000 b5:84fa2 180144764732130451      /home/mila/l/le.zhang/.conda/envs/ir/lib/python3.10/site-packages/pandas/_libs/ops.cpython-310-x86_64-linux-gnu.so
7f18b8065000-7f18b8067000 rw-p 00040000 b5:84fa2 180144764732130451      /home/mila/l/le.zhang/.conda/envs/ir/lib/python3.10/site-packages/pandas/_libs/ops.cpython-310-x86_64-linux-gnu.so
7f18b8067000-7f18b8068000 rw-p 00000000 00:00 0 
7f18b8068000-7f18b8070000 r--p 00000000 b5:84fa2 180144764732130480      /home/mila/l/le.zhang/.conda/envs/ir/lib/python3.10/site-packages/pandas/_libs/lib.cpython-310-x86_64-linux-gnu.so
7f18b8070000-7f18b812d000 r-xp 00008000 b5:84fa2 180144764732130480      /home/mila/l/le.zhang/.conda/envs/ir/lib/python3.10/site-packages/pandas/_libs/lib.cpython-310-x86_64-linux-gnu.so
7f18b812d000-7f18b8146000 r--p 000c5000 b5:84fa2 180144764732130480      /home/mila/l/le.zhang/.conda/envs/ir/lib/python3.10/site-packages/pandas/_libs/lib.cpython-310-x86_64-linux-gnu.so
7f18b8146000-7f18b8147000 ---p 000de000 b5:84fa2 180144764732130480      /home/mila/l/le.zhang/.conda/envs/ir/lib/python3.10/site-packages/pandas/_libs/lib.cpython-310-x86_64-linux-gnu.so
7f18b8147000-7f18b8148000 r--p 000de000 b5:84fa2 180144764732130480      /home/mila/l/le.zhang/.conda/envs/ir/lib/python3.10/site-packages/pandas/_libs/lib.cpython-310-x86_64-linux-gnu.so
7f18b8148000-7f18b814e000 rw-p 000df000 b5:84fa2 180144764732130480      /home/mila/l/le.zhang/.conda/envs/ir/lib/python3.10/site-packages/pandas/_libs/lib.cpython-310-x86_64-linux-gnu.so
7f18b814e000-7f18b8151000 rw-p 00000000 00:00 0 
7f18b8151000-7f18b815a000 r--p 00000000 b5:84fa2 180144764732130475      /home/mila/l/le.zhang/.conda/envs/ir/lib/python3.10/site-packages/pandas/_libs/algos.cpython-310-x86_64-linux-gnu.so
7f18b815a000-7f18b8340000 r-xp 00009000 b5:84fa2 180144764732130475      /home/mila/l/le.zhang/.conda/envs/ir/lib/python3.10/site-packages/pandas/_libs/algos.cpython-310-x86_64-linux-gnu.so
7f18b8340000-7f18b8364000 r--p 001ef000 b5:84fa2 180144764732130475      /home/mila/l/le.zhang/.conda/envs/ir/lib/python3.10/site-packages/pandas/_libs/algos.cpython-310-x86_64-linux-gnu.so
7f18b8364000-7f18b8365000 r--p 00212000 b5:84fa2 180144764732130475      /home/mila/l/le.zhang/.conda/envs/ir/lib/python3.10/site-packages/pandas/_libs/algos.cpython-310-x86_64-linux-gnu.so
7f18b8365000-7f18b836a000 rw-p 00213000 b5:84fa2 180144764732130475      /home/mila/l/le.zhang/.conda/envs/ir/lib/python3.10/site-packages/pandas/_libs/algos.cpython-310-x86_64-linux-gnu.so
7f18b836a000-7f18b836e000 rw-p 00000000 00:00 0 
7f18b836e000-7f18b8373000 r--p 00000000 b5:84fa2 180144764732130527      /home/mila/l/le.zhang/.conda/envs/ir/lib/python3.10/site-packages/pandas/_libs/tslibs/vectorized.cpython-310-x86_64-linux-gnu.so
7f18b8373000-7f18b83a0000 r-xp 00005000 b5:84fa2 180144764732130527      /home/mila/l/le.zhang/.conda/envs/ir/lib/python3.10/site-packages/pandas/_libs/tslibs/vectorized.cpython-310-x86_64-linux-gnu.so
7f18b83a0000-7f18b83a9000 r--p 00032000 b5:84fa2 180144764732130527      /home/mila/l/le.zhang/.conda/envs/ir/lib/python3.10/site-packages/pandas/_libs/tslibs/vectorized.cpython-310-x86_64-linux-gnu.so
7f18b83a9000-7f18b83aa000 r--p 0003a000 b5:84fa2 180144764732130527      /home/mila/l/le.zhang/.conda/envs/ir/lib/python3.10/site-packages/pandas/_libs/tslibs/vectorized.cpython-310-x86_64-linux-gnu.so
7f18b83aa000-7f18b83ac000 rw-p 0003b000 b5:84fa2 180144764732130527      /home/mila/l/le.zhang/.conda/envs/ir/lib/python3.10/site-packages/pandas/_libs/tslibs/vectorized.cpython-310-x86_64-linux-gnu.so
7f18b83ac000-7f18b83ad000 rw-p 00000000 00:00 0 
7f18b83ad000-7f18b83b3000 r--p 00000000 b5:84fa2 180144764732130517      /home/mila/l/le.zhang/.conda/envs/ir/lib/python3.10/site-packages/pandas/_libs/tslibs/period.cpython-310-x86_64-linux-gnu.so
7f18b83b3000-7f18b8413000 r-xp 00006000 b5:84fa2 180144764732130517      /home/mila/l/le.zhang/.conda/envs/ir/lib/python3.10/site-packages/pandas/_libs/tslibs/period.cpython-310-x86_64-linux-gnu.so
7f18b8413000-7f18b842c000 r--p 00066000 b5:84fa2 180144764732130517      /home/mila/l/le.zhang/.conda/envs/ir/lib/python3.10/site-packages/pandas/_libs/tslibs/period.cpython-310-x86_64-linux-gnu.so
7f18b842c000-7f18b842d000 r--p 0007e000 b5:84fa2 180144764732130517      /home/mila/l/le.zhang/.conda/envs/ir/lib/python3.10/site-packages/pandas/_libs/tslibs/period.cpython-310-x86_64-linux-gnu.so
7f18b842d000-7f18b8430000 rw-p 0007f000 b5:84fa2 180144764732130517      /home/mila/l/le.zhang/.conda/envs/ir/lib/python3.10/site-packages/pandas/_libs/tslibs/period.cpython-310-x86_64-linux-gnu.so
7f18b8430000-7f18b8532000 rw-p 00000000 00:00 0 
7f18b8532000-7f18b8537000 r--p 00000000 b5:84fa2 180144764732130505      /home/mila/l/le.zhang/.conda/envs/ir/lib/python3.10/site-packages/pandas/_libs/tslibs/strptime.cpython-310-x86_64-linux-gnu.so
7f18b8537000-7f18b8589000 r-xp 00005000 b5:84fa2 180144764732130505      /home/mila/l/le.zhang/.conda/envs/ir/lib/python3.10/site-packages/pandas/_libs/tslibs/strptime.cpython-310-x86_64-linux-gnu.so
7f18b8589000-7f18b8594000 r--p 00057000 b5:84fa2 180144764732130505      /home/mila/l/le.zhang/.conda/envs/ir/lib/python3.10/site-packages/pandas/_libs/tslibs/strptime.cpython-310-x86_64-linux-gnu.so
7f18b8594000-7f18b8595000 r--p 00061000 b5:84fa2 180144764732130505      /home/mila/l/le.zhang/.conda/envs/ir/lib/python3.10/site-packages/pandas/_libs/tslibs/strptime.cpython-310-x86_64-linux-gnu.so
7f18b8595000-7f18b8597000 rw-p 00062000 b5:84fa2 180144764732130505      /home/mila/l/le.zhang/.conda/envs/ir/lib/python3.10/site-packages/pandas/_libs/tslibs/strptime.cpython-310-x86_64-linux-gnu.so
7f18b8597000-7f18b8599000 rw-p 00000000 00:00 0 
7f18b8599000-7f18b859f000 r--p 00000000 b5:84fa2 180144764732130521      /home/mila/l/le.zhang/.conda/envs/ir/lib/python3.10/site-packages/pandas/_libs/tslibs/parsing.cpython-310-x86_64-linux-gnu.so
7f18b859f000-7f18b85f8000 r-xp 00006000 b5:84fa2 180144764732130521      /home/mila/l/le.zhang/.conda/envs/ir/lib/python3.10/site-packages/pandas/_libs/tslibs/parsing.cpython-310-x86_64-linux-gnu.so
7f18b85f8000-7f18b8606000 r--p 0005f000 b5:84fa2 180144764732130521      /home/mila/l/le.zhang/.conda/envs/ir/lib/python3.10/site-packages/pandas/_libs/tslibs/parsing.cpython-310-x86_64-linux-gnu.so
7f18b8606000-7f18b8607000 r--p 0006c000 b5:84fa2 180144764732130521      /home/mila/l/le.zhang/.conda/envs/ir/lib/python3.10/site-packages/pandas/_libs/tslibs/parsing.cpython-310-x86_64-linux-gnu.so
7f18b8607000-7f18b860a000 rw-p 0006d000 b5:84fa2 180144764732130521      /home/mila/l/le.zhang/.conda/envs/ir/lib/python3.10/site-packages/pandas/_libs/tslibs/parsing.cpython-310-x86_64-linux-gnu.so
7f18b860a000-7f18b860b000 rw-p 00000000 00:00 0 
7f18b860b000-7f18b8610000 r--p 00000000 b5:84fa2 180144764732130522      /home/mila/l/le.zhang/.conda/envs/ir/lib/python3.10/site-packages/pandas/_libs/tslibs/tzconversion.cpython-310-x86_64-linux-gnu.so
7f18b8610000-7f18b8652000 r-xp 00005000 b5:84fa2 180144764732130522      /home/mila/l/le.zhang/.conda/envs/ir/lib/python3.10/site-packages/pandas/_libs/tslibs/tzconversion.cpython-310-x86_64-linux-gnu.so
7f18b8652000-7f18b865c000 r--p 00047000 b5:84fa2 180144764732130522      /home/mila/l/le.zhang/.conda/envs/ir/lib/python3.10/site-packages/pandas/_libs/tslibs/tzconversion.cpython-310-x86_64-linux-gnu.so
7f18b865c000-7f18b865d000 r--p 00050000 b5:84fa2 180144764732130522      /home/mila/l/le.zhang/.conda/envs/ir/lib/python3.10/site-packages/pandas/_libs/tslibs/tzconversion.cpython-310-x86_64-linux-gnu.so
7f18b865d000-7f18b865f000 rw-p 00051000 b5:84fa2 180144764732130522      /home/mila/l/le.zhang/.conda/envs/ir/lib/python3.10/site-packages/pandas/_libs/tslibs/tzconversion.cpython-310-x86_64-linux-gnu.so
7f18b865f000-7f18b8660000 rw-p 00000000 00:00 0 
7f18b8660000-7f18b8665000 r--p 00000000 b5:84fa2 180144764732130529      /home/mila/l/le.zhang/.conda/envs/ir/lib/python3.10/site-packages/pandas/_libs/tslibs/fields.cpython-310-x86_64-linux-gnu.so
7f18b8665000-7f18b86a7000 r-xp 00005000 b5:84fa2 180144764732130529      /home/mila/l/le.zhang/.conda/envs/ir/lib/python3.10/site-packages/pandas/_libs/tslibs/fields.cpython-310-x86_64-linux-gnu.so
7f18b86a7000-7f18b86b1000 r--p 00047000 b5:84fa2 180144764732130529      /home/mila/l/le.zhang/.conda/envs/ir/lib/python3.10/site-packages/pandas/_libs/tslibs/fields.cpython-310-x86_64-linux-gnu.so
7f18b86b1000-7f18b86b2000 ---p 00051000 b5:84fa2 180144764732130529      /home/mila/l/le.zhang/.conda/envs/ir/lib/python3.10/site-packages/pandas/_libs/tslibs/fields.cpython-310-x86_64-linux-gnu.so
7f18b86b2000-7f18b86b3000 r--p 00051000 b5:84fa2 180144764732130529      /home/mila/l/le.zhang/.conda/envs/ir/lib/python3.10/site-packages/pandas/_libs/tslibs/fields.cpython-310-x86_64-linux-gnu.so
7f18b86b3000-7f18b86b5000 rw-p 00052000 b5:84fa2 180144764732130529      /home/mila/l/le.zhang/.conda/envs/ir/lib/python3.10/site-packages/pandas/_libs/tslibs/fields.cpython-310-x86_64-linux-gnu.so
7f18b86b5000-7f18b86b6000 rw-p 00000000 00:00 0 
7f18b86b6000-7f18b86bb000 r--p 00000000 b5:84fa2 180144764732130499      /home/mila/l/le.zhang/.conda/envs/ir/lib/python3.10/site-packages/pandas/_libs/tslibs/timezones.cpython-310-x86_64-linux-gnu.so
7f18b86bb000-7f18b86f2000 r-xp 00005000 b5:84fa2 180144764732130499      /home/mila/l/le.zhang/.conda/envs/ir/lib/python3.10/site-packages/pandas/_libs/tslibs/timezones.cpython-310-x86_64-linux-gnu.so
7f18b86f2000-7f18b86fb000 r--p 0003c000 b5:84fa2 180144764732130499      /home/mila/l/le.zhang/.conda/envs/ir/lib/python3.10/site-packages/pandas/_libs/tslibs/timezones.cpython-310-x86_64-linux-gnu.so
7f18b86fb000-7f18b86fc000 ---p 00045000 b5:84fa2 180144764732130499      /home/mila/l/le.zhang/.conda/envs/ir/lib/python3.10/site-packages/pandas/_libs/tslibs/timezones.cpython-310-x86_64-linux-gnu.so
7f18b86fc000-7f18b86fd000 r--p 00045000 b5:84fa2 180144764732130499      /home/mila/l/le.zhang/.conda/envs/ir/lib/python3.10/site-packages/pandas/_libs/tslibs/timezones.cpython-310-x86_64-linux-gnu.so
7f18b86fd000-7f18b86ff000 rw-p 00046000 b5:84fa2 180144764732130499      /home/mila/l/le.zhang/.conda/envs/ir/lib/python3.10/site-packages/pandas/_libs/tslibs/timezones.cpython-310-x86_64-linux-gnu.so
7f18b86ff000-7f18b8700000 rw-p 00000000 00:00 0 
7f18b8700000-7f18b8707000 r--p 00000000 b5:84fa2 180144764732130516      /home/mila/l/le.zhang/.conda/envs/ir/lib/python3.10/site-packages/pandas/_libs/tslibs/timedeltas.cpython-310-x86_64-linux-gnu.so
7f18b8707000-7f18b8787000 r-xp 00007000 b5:84fa2 180144764732130516      /home/mila/l/le.zhang/.conda/envs/ir/lib/python3.10/site-packages/pandas/_libs/tslibs/timedeltas.cpython-310-x86_64-linux-gnu.so
7f18b8787000-7f18b879c000 r--p 00087000 b5:84fa2 180144764732130516      /home/mila/l/le.zhang/.conda/envs/ir/lib/python3.10/site-packages/pandas/_libs/tslibs/timedeltas.cpython-310-x86_64-linux-gnu.so
7f18b879c000-7f18b879d000 r--p 0009b000 b5:84fa2 180144764732130516      /home/mila/l/le.zhang/.conda/envs/ir/lib/python3.10/site-packages/pandas/_libs/tslibs/timedeltas.cpython-310-x86_64-linux-gnu.so
7f18b879d000-7f18b87a0000 rw-p 0009c000 b5:84fa2 180144764732130516      /home/mila/l/le.zhang/.conda/envs/ir/lib/python3.10/site-packages/pandas/_libs/tslibs/timedeltas.cpython-310-x86_64-linux-gnu.so
7f18b87a0000-7f18b87a2000 rw-p 00000000 00:00 0 
7f18b87a2000-7f18b87a9000 r--p 00000000 b5:84fa2 180144764732130509      /home/mila/l/le.zhang/.conda/envs/ir/lib/python3.10/site-packages/pandas/_libs/tslibs/timestamps.cpython-310-x86_64-linux-gnu.so
7f18b87a9000-7f18b881f000 r-xp 00007000 b5:84fa2 180144764732130509      /home/mila/l/le.zhang/.conda/envs/ir/lib/python3.10/site-packages/pandas/_libs/tslibs/timestamps.cpython-310-x86_64-linux-gnu.so
7f18b881f000-7f18b8841000 r--p 0007d000 b5:84fa2 180144764732130509      /home/mila/l/le.zhang/.conda/envs/ir/lib/python3.10/site-packages/pandas/_libs/tslibs/timestamps.cpython-310-x86_64-linux-gnu.so
7f18b8841000-7f18b8842000 r--p 0009e000 b5:84fa2 180144764732130509      /home/mila/l/le.zhang/.conda/envs/ir/lib/python3.10/site-packages/pandas/_libs/tslibs/timestamps.cpython-310-x86_64-linux-gnu.so
7f18b8842000-7f18b8845000 rw-p 0009f000 b5:84fa2 180144764732130509      /home/mila/l/le.zhang/.conda/envs/ir/lib/python3.10/site-packages/pandas/_libs/tslibs/timestamps.cpython-310-x86_64-linux-gnu.so
7f18b8845000-7f18b8948000 rw-p 00000000 00:00 0 
7f18b8948000-7f18b8953000 r--p 00000000 b5:84fa2 180144764732130511      /home/mila/l/le.zhang/.conda/envs/ir/lib/python3.10/site-packages/pandas/_libs/tslibs/offsets.cpython-310-x86_64-linux-gnu.so
7f18b8953000-7f18b8a37000 r-xp 0000b000 b5:84fa2 180144764732130511      /home/mila/l/le.zhang/.conda/envs/ir/lib/python3.10/site-packages/pandas/_libs/tslibs/offsets.cpython-310-x86_64-linux-gnu.so
7f18b8a37000-7f18b8a5d000 r--p 000ef000 b5:84fa2 180144764732130511      /home/mila/l/le.zhang/.conda/envs/ir/lib/python3.10/site-packages/pandas/_libs/tslibs/offsets.cpython-310-x86_64-linux-gnu.so
7f18b8a5d000-7f18b8a5e000 r--p 00114000 b5:84fa2 180144764732130511      /home/mila/l/le.zhang/.conda/envs/ir/lib/python3.10/site-packages/pandas/_libs/tslibs/offsets.cpython-310-x86_64-linux-gnu.so
7f18b8a5e000-7f18b8a68000 rw-p 00115000 b5:84fa2 180144764732130511      /home/mila/l/le.zhang/.conda/envs/ir/lib/python3.10/site-packages/pandas/_libs/tslibs/offsets.cpython-310-x86_64-linux-gnu.so
7f18b8a68000-7f18b8a6c000 rw-p 00000000 00:00 0 
7f18b8a6c000-7f18b8a7c000 r--p 00000000 b5:84fa2 180144764732130449      /home/mila/l/le.zhang/.conda/envs/ir/lib/python3.10/site-packages/pandas/_libs/hashtable.cpython-310-x86_64-linux-gnu.so
7f18b8a7c000-7f18b8c30000 r-xp 00010000 b5:84fa2 180144764732130449      /home/mila/l/le.zhang/.conda/envs/ir/lib/python3.10/site-packages/pandas/_libs/hashtable.cpython-310-x86_64-linux-gnu.so
7f18b8c30000-7f18b8c6d000 r--p 001c4000 b5:84fa2 180144764732130449      /home/mila/l/le.zhang/.conda/envs/ir/lib/python3.10/site-packages/pandas/_libs/hashtable.cpython-310-x86_64-linux-gnu.so
7f18b8c6d000-7f18b8c6e000 ---p 00201000 b5:84fa2 180144764732130449      /home/mila/l/le.zhang/.conda/envs/ir/lib/python3.10/site-packages/pandas/_libs/hashtable.cpython-310-x86_64-linux-gnu.so
7f18b8c6e000-7f18b8c6f000 r--p 00201000 b5:84fa2 180144764732130449      /home/mila/l/le.zhang/.conda/envs/ir/lib/python3.10/site-packages/pandas/_libs/hashtable.cpython-310-x86_64-linux-gnu.so
7f18b8c6f000-7f18b8c7d000 rw-p 00202000 b5:84fa2 180144764732130449      /home/mila/l/le.zhang/.conda/envs/ir/lib/python3.10/site-packages/pandas/_libs/hashtable.cpython-310-x86_64-linux-gnu.so
7f18b8c7d000-7f18b8c85000 rw-p 00000000 00:00 0 
7f18b8c85000-7f18b8c8f000 r--p 00000000 b5:84fa2 180144764732130470      /home/mila/l/le.zhang/.conda/envs/ir/lib/python3.10/site-packages/pandas/_libs/interval.cpython-310-x86_64-linux-gnu.so
7f18b8c8f000-7f18b8dcf000 r-xp 0000a000 b5:84fa2 180144764732130470      /home/mila/l/le.zhang/.conda/envs/ir/lib/python3.10/site-packages/pandas/_libs/interval.cpython-310-x86_64-linux-gnu.so
7f18b8dcf000-7f18b8df4000 r--p 0014a000 b5:84fa2 180144764732130470      /home/mila/l/le.zhang/.conda/envs/ir/lib/python3.10/site-packages/pandas/_libs/interval.cpython-310-x86_64-linux-gnu.so
7f18b8df4000-7f18b8df5000 r--p 0016e000 b5:84fa2 180144764732130470      /home/mila/l/le.zhang/.conda/envs/ir/lib/python3.10/site-packages/pandas/_libs/interval.cpython-310-x86_64-linux-gnu.so
7f18b8df5000-7f18b8dfc000 rw-p 0016f000 b5:84fa2 180144764732130470      /home/mila/l/le.zhang/.conda/envs/ir/lib/python3.10/site-packages/pandas/_libs/interval.cpython-310-x86_64-linux-gnu.so
7f18b8dfc000-7f18b8fff000 rw-p 00000000 00:00 0 
7f18b8fff000-7f18b9000000 ---p 00000000 00:00 0 
7f18b9000000-7f18b9800000 rw-p 00000000 00:00 0 
7f18b9800000-7f18ba000000 rw-p 00000000 00:00 0 
7f18ba001000-7f18ba003000 r--p 00000000 b5:84fa2 162130525153156886      /home/mila/l/le.zhang/.conda/envs/ir/lib/python3.10/lib-dynload/grp.cpython-310-x86_64-linux-gnu.so
7f18ba003000-7f18ba004000 r-xp 00002000 b5:84fa2 162130525153156886      /home/mila/l/le.zhang/.conda/envs/ir/lib/python3.10/lib-dynload/grp.cpython-310-x86_64-linux-gnu.so
7f18ba004000-7f18ba005000 r--p 00003000 b5:84fa2 162130525153156886      /home/mila/l/le.zhang/.conda/envs/ir/lib/python3.10/lib-dynload/grp.cpython-310-x86_64-linux-gnu.so
7f18ba005000-7f18ba006000 r--p 00003000 b5:84fa2 162130525153156886      /home/mila/l/le.zhang/.conda/envs/ir/lib/python3.10/lib-dynload/grp.cpython-310-x86_64-linux-gnu.so
7f18ba006000-7f18ba007000 rw-p 00004000 b5:84fa2 162130525153156886      /home/mila/l/le.zhang/.conda/envs/ir/lib/python3.10/lib-dynload/grp.cpython-310-x86_64-linux-gnu.so
7f18ba007000-7f18ba00b000 r--p 00000000 b5:84fa2 180144764732130478      /home/mila/l/le.zhang/.conda/envs/ir/lib/python3.10/site-packages/pandas/_libs/arrays.cpython-310-x86_64-linux-gnu.so
7f18ba00b000-7f18ba021000 r-xp 00004000 b5:84fa2 180144764732130478      /home/mila/l/le.zhang/.conda/envs/ir/lib/python3.10/site-packages/pandas/_libs/arrays.cpython-310-x86_64-linux-gnu.so
7f18ba021000-7f18ba025000 r--p 0001a000 b5:84fa2 180144764732130478      /home/mila/l/le.zhang/.conda/envs/ir/lib/python3.10/site-packages/pandas/_libs/arrays.cpython-310-x86_64-linux-gnu.so
7f18ba025000-7f18ba026000 ---p 0001e000 b5:84fa2 180144764732130478      /home/mila/l/le.zhang/.conda/envs/ir/lib/python3.10/site-packages/pandas/_libs/arrays.cpython-310-x86_64-linux-gnu.so
7f18ba026000-7f18ba027000 r--p 0001e000 b5:84fa2 180144764732130478      /home/mila/l/le.zhang/.conda/envs/ir/lib/python3.10/site-packages/pandas/_libs/arrays.cpython-310-x86_64-linux-gnu.so
7f18ba027000-7f18ba029000 rw-p 0001f000 b5:84fa2 180144764732130478      /home/mila/l/le.zhang/.conda/envs/ir/lib/python3.10/site-packages/pandas/_libs/arrays.cpython-310-x86_64-linux-gnu.so
7f18ba029000-7f18ba02c000 r--p 00000000 b5:84fa2 180144764732130493      /home/mila/l/le.zhang/.conda/envs/ir/lib/python3.10/site-packages/pandas/_libs/ops_dispatch.cpython-310-x86_64-linux-gnu.so
7f18ba02c000-7f18ba035000 r-xp 00003000 b5:84fa2 180144764732130493      /home/mila/l/le.zhang/.conda/envs/ir/lib/python3.10/site-packages/pandas/_libs/ops_dispatch.cpython-310-x86_64-linux-gnu.so
7f18ba035000-7f18ba037000 r--p 0000c000 b5:84fa2 180144764732130493      /home/mila/l/le.zhang/.conda/envs/ir/lib/python3.10/site-packages/pandas/_libs/ops_dispatch.cpython-310-x86_64-linux-gnu.so
7f18ba037000-7f18ba038000 r--p 0000d000 b5:84fa2 180144764732130493      /home/mila/l/le.zhang/.conda/envs/ir/lib/python3.10/site-packages/pandas/_libs/ops_dispatch.cpython-310-x86_64-linux-gnu.so
7f18ba038000-7f18ba039000 rw-p 0000e000 b5:84fa2 180144764732130493      /home/mila/l/le.zhang/.conda/envs/ir/lib/python3.10/site-packages/pandas/_libs/ops_dispatch.cpython-310-x86_64-linux-gnu.so
7f18ba039000-7f18ba03d000 r--p 00000000 b5:84fa2 180144764732130515      /home/mila/l/le.zhang/.conda/envs/ir/lib/python3.10/site-packages/pandas/_libs/tslibs/nattype.cpython-310-x86_64-linux-gnu.so
7f18ba03d000-7f18ba064000 r-xp 00004000 b5:84fa2 180144764732130515      /home/mila/l/le.zhang/.conda/envs/ir/lib/python3.10/site-packages/pandas/_libs/tslibs/nattype.cpython-310-x86_64-linux-gnu.so
7f18ba064000-7f18ba071000 r--p 0002b000 b5:84fa2 180144764732130515      /home/mila/l/le.zhang/.conda/envs/ir/lib/python3.10/site-packages/pandas/_libs/tslibs/nattype.cpython-310-x86_64-linux-gnu.so
7f18ba071000-7f18ba072000 r--p 00037000 b5:84fa2 180144764732130515      /home/mila/l/le.zhang/.conda/envs/ir/lib/python3.10/site-packages/pandas/_libs/tslibs/nattype.cpython-310-x86_64-linux-gnu.so
7f18ba072000-7f18ba074000 rw-p 00038000 b5:84fa2 180144764732130515      /home/mila/l/le.zhang/.conda/envs/ir/lib/python3.10/site-packages/pandas/_libs/tslibs/nattype.cpython-310-x86_64-linux-gnu.so
7f18ba074000-7f18ba075000 rw-p 00000000 00:00 0 
7f18ba075000-7f18ba10f000 r--p 00000000 fd:00 13642797                   /usr/lib/x86_64-linux-gnu/libstdc++.so.6.0.30
7f18ba10f000-7f18ba220000 r-xp 0009a000 fd:00 13642797                   /usr/lib/x86_64-linux-gnu/libstdc++.so.6.0.30
7f18ba220000-7f18ba28f000 r--p 001ab000 fd:00 13642797                   /usr/lib/x86_64-linux-gnu/libstdc++.so.6.0.30
7f18ba28f000-7f18ba290000 ---p 0021a000 fd:00 13642797                   /usr/lib/x86_64-linux-gnu/libstdc++.so.6.0.30
7f18ba290000-7f18ba29b000 r--p 0021a000 fd:00 13642797                   /usr/lib/x86_64-linux-gnu/libstdc++.so.6.0.30
7f18ba29b000-7f18ba29e000 rw-p 00225000 fd:00 13642797                   /usr/lib/x86_64-linux-gnu/libstdc++.so.6.0.30
7f18ba29e000-7f18ba2a1000 rw-p 00000000 00:00 0 
7f18ba2a1000-7f18ba2f7000 r--p 00000000 b5:84fa2 180144764732127314      /home/mila/l/le.zhang/.conda/envs/ir/lib/python3.10/site-packages/pyarrow/libarrow_acero.so.1700
7f18ba2f7000-7f18ba3d5000 r-xp 00056000 b5:84fa2 180144764732127314      /home/mila/l/le.zhang/.conda/envs/ir/lib/python3.10/site-packages/pyarrow/libarrow_acero.so.1700
7f18ba3d5000-7f18ba40d000 r--p 00134000 b5:84fa2 180144764732127314      /home/mila/l/le.zhang/.conda/envs/ir/lib/python3.10/site-packages/pyarrow/libarrow_acero.so.1700
7f18ba40d000-7f18ba40e000 ---p 0016c000 b5:84fa2 180144764732127314      /home/mila/l/le.zhang/.conda/envs/ir/lib/python3.10/site-packages/pyarrow/libarrow_acero.so.1700
7f18ba40e000-7f18ba413000 r--p 0016c000 b5:84fa2 180144764732127314      /home/mila/l/le.zhang/.conda/envs/ir/lib/python3.10/site-packages/pyarrow/libarrow_acero.so.1700
7f18ba413000-7f18ba416000 rw-p 00171000 b5:84fa2 180144764732127314      /home/mila/l/le.zhang/.conda/envs/ir/lib/python3.10/site-packages/pyarrow/libarrow_acero.so.1700
7f18ba416000-7f18ba5c5000 r--p 00000000 b5:84fa2 180144764732127263      /home/mila/l/le.zhang/.conda/envs/ir/lib/python3.10/site-packages/pyarrow/libparquet.so.1700
7f18ba5c5000-7f18baab8000 r-xp 001af000 b5:84fa2 180144764732127263      /home/mila/l/le.zhang/.conda/envs/ir/lib/python3.10/site-packages/pyarrow/libparquet.so.1700
7f18baab8000-7f18bac16000 r--p 006a2000 b5:84fa2 180144764732127263      /home/mila/l/le.zhang/.conda/envs/ir/lib/python3.10/site-packages/pyarrow/libparquet.so.1700
7f18bac16000-7f18bac17000 ---p 00800000 b5:84fa2 180144764732127263      /home/mila/l/le.zhang/.conda/envs/ir/lib/python3.10/site-packages/pyarrow/libparquet.so.1700
7f18bac17000-7f18bac93000 r--p 00800000 b5:84fa2 180144764732127263      /home/mila/l/le.zhang/.conda/envs/ir/lib/python3.10/site-packages/pyarrow/libparquet.so.1700
7f18bac93000-7f18baca1000 rw-p 0087c000 b5:84fa2 180144764732127263      /home/mila/l/le.zhang/.conda/envs/ir/lib/python3.10/site-packages/pyarrow/libparquet.so.1700
7f18baca1000-7f18baca4000 rw-p 00000000 00:00 0 
7f18baca4000-7f18bad4c000 r--p 00000000 b5:84fa2 180144764732127245      /home/mila/l/le.zhang/.conda/envs/ir/lib/python3.10/site-packages/pyarrow/libarrow_dataset.so.1700
7f18bad4c000-7f18bae1e000 r-xp 000a8000 b5:84fa2 180144764732127245      /home/mila/l/le.zhang/.conda/envs/ir/lib/python3.10/site-packages/pyarrow/libarrow_dataset.so.1700
7f18bae1e000-7f18bae63000 r--p 0017a000 b5:84fa2 180144764732127245      /home/mila/l/le.zhang/.conda/envs/ir/lib/python3.10/site-packages/pyarrow/libarrow_dataset.so.1700
7f18bae63000-7f18bae64000 ---p 001bf000 b5:84fa2 180144764732127245      /home/mila/l/le.zhang/.conda/envs/ir/lib/python3.10/site-packages/pyarrow/libarrow_dataset.so.1700
7f18bae64000-7f18bae6c000 r--p 001bf000 b5:84fa2 180144764732127245      /home/mila/l/le.zhang/.conda/envs/ir/lib/python3.10/site-packages/pyarrow/libarrow_dataset.so.1700
7f18bae6c000-7f18bae6e000 rw-p 001c7000 b5:84fa2 180144764732127245      /home/mila/l/le.zhang/.conda/envs/ir/lib/python3.10/site-packages/pyarrow/libarrow_dataset.so.1700
7f18bae6e000-7f18bae6f000 rw-p 00000000 00:00 0 
7f18bae6f000-7f18baee2000 r--p 00000000 b5:84fa2 180144764732127274      /home/mila/l/le.zhang/.conda/envs/ir/lib/python3.10/site-packages/pyarrow/libarrow_substrait.so.1700
7f18baee2000-7f18bb11c000 r-xp 00073000 b5:84fa2 180144764732127274      /home/mila/l/le.zhang/.conda/envs/ir/lib/python3.10/site-packages/pyarrow/libarrow_substrait.so.1700
7f18bb11c000-7f18bb1d5000 r--p 002ad000 b5:84fa2 180144764732127274      /home/mila/l/le.zhang/.conda/envs/ir/lib/python3.10/site-packages/pyarrow/libarrow_substrait.so.1700
7f18bb1d5000-7f18bb1d6000 ---p 00366000 b5:84fa2 180144764732127274      /home/mila/l/le.zhang/.conda/envs/ir/lib/python3.10/site-packages/pyarrow/libarrow_substrait.so.1700
7f18bb1d6000-7f18bb1e8000 r--p 00366000 b5:84fa2 180144764732127274      /home/mila/l/le.zhang/.conda/envs/ir/lib/python3.10/site-packages/pyarrow/libarrow_substrait.so.1700
7f18bb1e8000-7f18bb1ed000 rw-p 00378000 b5:84fa2 180144764732127274      /home/mila/l/le.zhang/.conda/envs/ir/lib/python3.10/site-packages/pyarrow/libarrow_substrait.so.1700
7f18bb1ed000-7f18bb1ef000 rw-p 00000000 00:00 0 
7f18bb1ef000-7f18bb282000 r--p 00000000 b5:84fa2 180144764732127323      /home/mila/l/le.zhang/.conda/envs/ir/lib/python3.10/site-packages/pyarrow/libarrow_python.so
7f18bb282000-7f18bb3aa000 r-xp 00093000 b5:84fa2 180144764732127323      /home/mila/l/le.zhang/.conda/envs/ir/lib/python3.10/site-packages/pyarrow/libarrow_python.so
7f18bb3aa000-7f18bb3f0000 r--p 001bb000 b5:84fa2 180144764732127323      /home/mila/l/le.zhang/.conda/envs/ir/lib/python3.10/site-packages/pyarrow/libarrow_python.so
7f18bb3f0000-7f18bb3f1000 ---p 00201000 b5:84fa2 180144764732127323      /home/mila/l/le.zhang/.conda/envs/ir/lib/python3.10/site-packages/pyarrow/libarrow_python.so
7f18bb3f1000-7f18bb3fe000 r--p 00201000 b5:84fa2 180144764732127323      /home/mila/l/le.zhang/.conda/envs/ir/lib/python3.10/site-packages/pyarrow/libarrow_python.so
7f18bb3fe000-7f18bb401000 rw-p 0020e000 b5:84fa2 180144764732127323      /home/mila/l/le.zhang/.conda/envs/ir/lib/python3.10/site-packages/pyarrow/libarrow_python.so
7f18bb401000-7f18bb449000 r--p 00000000 b5:84fa2 180144764732127247      /home/mila/l/le.zhang/.conda/envs/ir/lib/python3.10/site-packages/pyarrow/lib.cpython-310-x86_64-linux-gnu.so
7f18bb449000-7f18bb693000 r-xp 00048000 b5:84fa2 180144764732127247      /home/mila/l/le.zhang/.conda/envs/ir/lib/python3.10/site-packages/pyarrow/lib.cpython-310-x86_64-linux-gnu.so
7f18bb693000-7f18bb77a000 r--p 00292000 b5:84fa2 180144764732127247      /home/mila/l/le.zhang/.conda/envs/ir/lib/python3.10/site-packages/pyarrow/lib.cpython-310-x86_64-linux-gnu.so
7f18bb77a000-7f18bb77b000 ---p 00379000 b5:84fa2 180144764732127247      /home/mila/l/le.zhang/.conda/envs/ir/lib/python3.10/site-packages/pyarrow/lib.cpython-310-x86_64-linux-gnu.so
7f18bb77b000-7f18bb77d000 r--p 00379000 b5:84fa2 180144764732127247      /home/mila/l/le.zhang/.conda/envs/ir/lib/python3.10/site-packages/pyarrow/lib.cpython-310-x86_64-linux-gnu.so
7f18bb77d000-7f18bb7a2000 rw-p 0037b000 b5:84fa2 180144764732127247      /home/mila/l/le.zhang/.conda/envs/ir/lib/python3.10/site-packages/pyarrow/lib.cpython-310-x86_64-linux-gnu.so
7f18bb7a2000-7f18bb7b0000 rw-p 00000000 00:00 0 
7f18bb7b0000-7f18bb868000 r--p 00000000 b5:84fa2 180144849708771884      /home/mila/l/le.zhang/.conda/envs/ir/lib/libcrypto.so.3
7f18bb868000-7f18bbac5000 r-xp 000b8000 b5:84fa2 180144849708771884      /home/mila/l/le.zhang/.conda/envs/ir/lib/libcrypto.so.3
7f18bbac5000-7f18bbb9f000 r--p 00315000 b5:84fa2 180144849708771884      /home/mila/l/le.zhang/.conda/envs/ir/lib/libcrypto.so.3
7f18bbb9f000-7f18bbbfa000 r--p 003ef000 b5:84fa2 180144849708771884      /home/mila/l/le.zhang/.conda/envs/ir/lib/libcrypto.so.3
7f18bbbfa000-7f18bbbfd000 rw-p 0044a000 b5:84fa2 180144849708771884      /home/mila/l/le.zhang/.conda/envs/ir/lib/libcrypto.so.3
7f18bbbfd000-7f18bbc00000 rw-p 00000000 00:00 0 
7f18bbc00000-7f18bbc3b000 r-xp 00000000 b5:84fa2 180144764732122693      /home/mila/l/le.zhang/.conda/envs/ir/lib/python3.10/site-packages/numpy.libs/libquadmath-96973f99.so.0.0.0
7f18bbc3b000-7f18bbe3a000 ---p 0003b000 b5:84fa2 180144764732122693      /home/mila/l/le.zhang/.conda/envs/ir/lib/python3.10/site-packages/numpy.libs/libquadmath-96973f99.so.0.0.0
7f18bbe3a000-7f18bbe3b000 r--p 0003a000 b5:84fa2 180144764732122693      /home/mila/l/le.zhang/.conda/envs/ir/lib/python3.10/site-packages/numpy.libs/libquadmath-96973f99.so.0.0.0
7f18bbe3b000-7f18bbe3c000 rw-p 0003b000 b5:84fa2 180144764732122693      /home/mila/l/le.zhang/.conda/envs/ir/lib/python3.10/site-packages/numpy.libs/libquadmath-96973f99.so.0.0.0
7f18bbe3c000-7f18bbe3d000 rw-p 0003c000 b5:84fa2 180144764732122693      /home/mila/l/le.zhang/.conda/envs/ir/lib/python3.10/site-packages/numpy.libs/libquadmath-96973f99.so.0.0.0
7f18bbe40000-7f18bbe44000 r--p 00000000 b5:84fa2 180144764732130465      /home/mila/l/le.zhang/.conda/envs/ir/lib/python3.10/site-packages/pandas/_libs/properties.cpython-310-x86_64-linux-gnu.so
7f18bbe44000-7f18bbe52000 r-xp 00004000 b5:84fa2 180144764732130465      /home/mila/l/le.zhang/.conda/envs/ir/lib/python3.10/site-packages/pandas/_libs/properties.cpython-310-x86_64-linux-gnu.so
7f18bbe52000-7f18bbe55000 r--p 00012000 b5:84fa2 180144764732130465      /home/mila/l/le.zhang/.conda/envs/ir/lib/python3.10/site-packages/pandas/_libs/properties.cpython-310-x86_64-linux-gnu.so
7f18bbe55000-7f18bbe56000 r--p 00014000 b5:84fa2 180144764732130465      /home/mila/l/le.zhang/.conda/envs/ir/lib/python3.10/site-packages/pandas/_libs/properties.cpython-310-x86_64-linux-gnu.so
7f18bbe56000-7f18bbe57000 rw-p 00015000 b5:84fa2 180144764732130465      /home/mila/l/le.zhang/.conda/envs/ir/lib/python3.10/site-packages/pandas/_libs/properties.cpython-310-x86_64-linux-gnu.so
7f18bbe57000-7f18bbe58000 rw-p 00000000 00:00 0 
7f18bbe58000-7f18bbe5a000 r--p 00000000 b5:84fa2 162130525153156918      /home/mila/l/le.zhang/.conda/envs/ir/lib/python3.10/lib-dynload/_zoneinfo.cpython-310-x86_64-linux-gnu.so
7f18bbe5a000-7f18bbe5f000 r-xp 00002000 b5:84fa2 162130525153156918      /home/mila/l/le.zhang/.conda/envs/ir/lib/python3.10/lib-dynload/_zoneinfo.cpython-310-x86_64-linux-gnu.so
7f18bbe5f000-7f18bbe60000 r--p 00007000 b5:84fa2 162130525153156918      /home/mila/l/le.zhang/.conda/envs/ir/lib/python3.10/lib-dynload/_zoneinfo.cpython-310-x86_64-linux-gnu.so
7f18bbe60000-7f18bbe61000 r--p 00008000 b5:84fa2 162130525153156918      /home/mila/l/le.zhang/.conda/envs/ir/lib/python3.10/lib-dynload/_zoneinfo.cpython-310-x86_64-linux-gnu.so
7f18bbe61000-7f18bbe62000 rw-p 00009000 b5:84fa2 162130525153156918      /home/mila/l/le.zhang/.conda/envs/ir/lib/python3.10/lib-dynload/_zoneinfo.cpython-310-x86_64-linux-gnu.so
7f18bbe62000-7f18bbe65000 r--p 00000000 b5:84fa2 180144764732130504      /home/mila/l/le.zhang/.conda/envs/ir/lib/python3.10/site-packages/pandas/_libs/tslibs/base.cpython-310-x86_64-linux-gnu.so
7f18bbe65000-7f18bbe6d000 r-xp 00003000 b5:84fa2 180144764732130504      /home/mila/l/le.zhang/.conda/envs/ir/lib/python3.10/site-packages/pandas/_libs/tslibs/base.cpython-310-x86_64-linux-gnu.so
7f18bbe6d000-7f18bbe6f000 r--p 0000b000 b5:84fa2 180144764732130504      /home/mila/l/le.zhang/.conda/envs/ir/lib/python3.10/site-packages/pandas/_libs/tslibs/base.cpython-310-x86_64-linux-gnu.so
7f18bbe6f000-7f18bbe70000 ---p 0000d000 b5:84fa2 180144764732130504      /home/mila/l/le.zhang/.conda/envs/ir/lib/python3.10/site-packages/pandas/_libs/tslibs/base.cpython-310-x86_64-linux-gnu.so
7f18bbe70000-7f18bbe71000 r--p 0000d000 b5:84fa2 180144764732130504      /home/mila/l/le.zhang/.conda/envs/ir/lib/python3.10/site-packages/pandas/_libs/tslibs/base.cpython-310-x86_64-linux-gnu.so
7f18bbe71000-7f18bbe72000 rw-p 0000e000 b5:84fa2 180144764732130504      /home/mila/l/le.zhang/.conda/envs/ir/lib/python3.10/site-packages/pandas/_libs/tslibs/base.cpython-310-x86_64-linux-gnu.so
7f18bbe72000-7f18bbe77000 r--p 00000000 b5:84fa2 180144764732130528      /home/mila/l/le.zhang/.conda/envs/ir/lib/python3.10/site-packages/pandas/_libs/tslibs/conversion.cpython-310-x86_64-linux-gnu.so
7f18bbe77000-7f18bbeb1000 r-xp 00005000 b5:84fa2 180144764732130528      /home/mila/l/le.zhang/.conda/envs/ir/lib/python3.10/site-packages/pandas/_libs/tslibs/conversion.cpython-310-x86_64-linux-gnu.so
7f18bbeb1000-7f18bbebb000 r--p 0003f000 b5:84fa2 180144764732130528      /home/mila/l/le.zhang/.conda/envs/ir/lib/python3.10/site-packages/pandas/_libs/tslibs/conversion.cpython-310-x86_64-linux-gnu.so
7f18bbebb000-7f18bbebc000 r--p 00048000 b5:84fa2 180144764732130528      /home/mila/l/le.zhang/.conda/envs/ir/lib/python3.10/site-packages/pandas/_libs/tslibs/conversion.cpython-310-x86_64-linux-gnu.so
7f18bbebc000-7f18bbebe000 rw-p 00049000 b5:84fa2 180144764732130528      /home/mila/l/le.zhang/.conda/envs/ir/lib/python3.10/site-packages/pandas/_libs/tslibs/conversion.cpython-310-x86_64-linux-gnu.so
7f18bbebe000-7f18bbebf000 rw-p 00000000 00:00 0 
7f18bbebf000-7f18bbec3000 r--p 00000000 b5:84fa2 180144764732130502      /home/mila/l/le.zhang/.conda/envs/ir/lib/python3.10/site-packages/pandas/_libs/tslibs/np_datetime.cpython-310-x86_64-linux-gnu.so
7f18bbec3000-7f18bbede000 r-xp 00004000 b5:84fa2 180144764732130502      /home/mila/l/le.zhang/.conda/envs/ir/lib/python3.10/site-packages/pandas/_libs/tslibs/np_datetime.cpython-310-x86_64-linux-gnu.so
7f18bbede000-7f18bbee3000 r--p 0001f000 b5:84fa2 180144764732130502      /home/mila/l/le.zhang/.conda/envs/ir/lib/python3.10/site-packages/pandas/_libs/tslibs/np_datetime.cpython-310-x86_64-linux-gnu.so
7f18bbee3000-7f18bbee4000 r--p 00023000 b5:84fa2 180144764732130502      /home/mila/l/le.zhang/.conda/envs/ir/lib/python3.10/site-packages/pandas/_libs/tslibs/np_datetime.cpython-310-x86_64-linux-gnu.so
7f18bbee4000-7f18bbee5000 rw-p 00024000 b5:84fa2 180144764732130502      /home/mila/l/le.zhang/.conda/envs/ir/lib/python3.10/site-packages/pandas/_libs/tslibs/np_datetime.cpython-310-x86_64-linux-gnu.so
7f18bbee5000-7f18bbee6000 rw-p 00000000 00:00 0 
7f18bbee6000-7f18bbee9000 r--p 00000000 b5:84fa2 180144764732130514      /home/mila/l/le.zhang/.conda/envs/ir/lib/python3.10/site-packages/pandas/_libs/tslibs/ccalendar.cpython-310-x86_64-linux-gnu.so
7f18bbee9000-7f18bbefb000 r-xp 00003000 b5:84fa2 180144764732130514      /home/mila/l/le.zhang/.conda/envs/ir/lib/python3.10/site-packages/pandas/_libs/tslibs/ccalendar.cpython-310-x86_64-linux-gnu.so
7f18bbefb000-7f18bbefe000 r--p 00015000 b5:84fa2 180144764732130514      /home/mila/l/le.zhang/.conda/envs/ir/lib/python3.10/site-packages/pandas/_libs/tslibs/ccalendar.cpython-310-x86_64-linux-gnu.so
7f18bbefe000-7f18bbeff000 r--p 00017000 b5:84fa2 180144764732130514      /home/mila/l/le.zhang/.conda/envs/ir/lib/python3.10/site-packages/pandas/_libs/tslibs/ccalendar.cpython-310-x86_64-linux-gnu.so
7f18bbeff000-7f18bbf00000 rw-p 00018000 b5:84fa2 180144764732130514      /home/mila/l/le.zhang/.conda/envs/ir/lib/python3.10/site-packages/pandas/_libs/tslibs/ccalendar.cpython-310-x86_64-linux-gnu.so
7f18bbf00000-7f18bc000000 rw-p 00000000 00:00 0 
7f18bc000000-7f18bc021000 rw-p 00000000 00:00 0 
7f18bc021000-7f18c0000000 ---p 00000000 00:00 0 
7f18c0000000-7f18c0021000 rw-p 00000000 00:00 0 
7f18c0021000-7f18c4000000 ---p 00000000 00:00 0 
7f18c4000000-7f18c461f000 rw-p 00000000 00:00 0 
7f18c461f000-7f18c8000000 ---p 00000000 00:00 0 
7f18c8000000-7f18c8370000 rw-p 00000000 00:00 0 
7f18c8370000-7f18cc000000 ---p 00000000 00:00 0 
7f18cc000000-7f18cc021000 rw-p 00000000 00:00 0 
7f18cc021000-7f18d0000000 ---p 00000000 00:00 0 
7f18d0000000-7f18d0021000 rw-p 00000000 00:00 0 
7f18d0021000-7f18d4000000 ---p 00000000 00:00 0 
7f18d4000000-7f18d4021000 rw-p 00000000 00:00 0 
7f18d4021000-7f18d8000000 ---p 00000000 00:00 0 
7f18d8000000-7f18d8021000 rw-p 00000000 00:00 0 
7f18d8021000-7f18dc000000 ---p 00000000 00:00 0 
7f18dc000000-7f18dc021000 rw-p 00000000 00:00 0 
7f18dc021000-7f18e0000000 ---p 00000000 00:00 0 
7f18e0000000-7f18e0021000 rw-p 00000000 00:00 0 
7f18e0021000-7f18e4000000 ---p 00000000 00:00 0 
7f18e4000000-7f18e4400000 rw-p 00000000 00:00 0 
7f18e4400000-7f18e4900000 rw-p 00000000 00:00 0 
7f18e4900000-7f18e4af0000 rw-p 00000000 00:00 0 
7f18e4af0000-7f18e4b00000 ---p 00000000 00:00 0 
7f18e4b00000-7f18e4e00000 rw-p 00000000 00:00 0 
7f18e4e00000-7f18e8000000 ---p 00000000 00:00 0 
7f18e8000000-7f18e8021000 rw-p 00000000 00:00 0 
7f18e8021000-7f18ec000000 ---p 00000000 00:00 0 
7f18ec000000-7f18ec004000 r--p 00000000 b5:84fa2 180144764732130500      /home/mila/l/le.zhang/.conda/envs/ir/lib/python3.10/site-packages/pandas/_libs/tslibs/dtypes.cpython-310-x86_64-linux-gnu.so
7f18ec004000-7f18ec02a000 r-xp 00004000 b5:84fa2 180144764732130500      /home/mila/l/le.zhang/.conda/envs/ir/lib/python3.10/site-packages/pandas/_libs/tslibs/dtypes.cpython-310-x86_64-linux-gnu.so
7f18ec02a000-7f18ec030000 r--p 0002a000 b5:84fa2 180144764732130500      /home/mila/l/le.zhang/.conda/envs/ir/lib/python3.10/site-packages/pandas/_libs/tslibs/dtypes.cpython-310-x86_64-linux-gnu.so
7f18ec030000-7f18ec031000 r--p 0002f000 b5:84fa2 180144764732130500      /home/mila/l/le.zhang/.conda/envs/ir/lib/python3.10/site-packages/pandas/_libs/tslibs/dtypes.cpython-310-x86_64-linux-gnu.so
7f18ec031000-7f18ec032000 rw-p 00030000 b5:84fa2 180144764732130500      /home/mila/l/le.zhang/.conda/envs/ir/lib/python3.10/site-packages/pandas/_libs/tslibs/dtypes.cpython-310-x86_64-linux-gnu.so
7f18ec032000-7f18ec034000 rw-p 00000000 00:00 0 
7f18ec034000-7f18ec038000 r--p 00000000 b5:84fa2 180144764732130459      /home/mila/l/le.zhang/.conda/envs/ir/lib/python3.10/site-packages/pandas/_libs/missing.cpython-310-x86_64-linux-gnu.so
7f18ec038000-7f18ec05f000 r-xp 00004000 b5:84fa2 180144764732130459      /home/mila/l/le.zhang/.conda/envs/ir/lib/python3.10/site-packages/pandas/_libs/missing.cpython-310-x86_64-linux-gnu.so
7f18ec05f000-7f18ec066000 r--p 0002b000 b5:84fa2 180144764732130459      /home/mila/l/le.zhang/.conda/envs/ir/lib/python3.10/site-packages/pandas/_libs/missing.cpython-310-x86_64-linux-gnu.so
7f18ec066000-7f18ec067000 r--p 00031000 b5:84fa2 180144764732130459      /home/mila/l/le.zhang/.conda/envs/ir/lib/python3.10/site-packages/pandas/_libs/missing.cpython-310-x86_64-linux-gnu.so
7f18ec067000-7f18ec069000 rw-p 00032000 b5:84fa2 180144764732130459      /home/mila/l/le.zhang/.conda/envs/ir/lib/python3.10/site-packages/pandas/_libs/missing.cpython-310-x86_64-linux-gnu.so
7f18ec069000-7f18ec06a000 rw-p 00000000 00:00 0 
7f18ec06a000-7f18ec06c000 r--p 00000000 b5:84fa2 180144764732130472      /home/mila/l/le.zhang/.conda/envs/ir/lib/python3.10/site-packages/pandas/_libs/pandas_datetime.cpython-310-x86_64-linux-gnu.so
7f18ec06c000-7f18ec071000 r-xp 00002000 b5:84fa2 180144764732130472      /home/mila/l/le.zhang/.conda/envs/ir/lib/python3.10/site-packages/pandas/_libs/pandas_datetime.cpython-310-x86_64-linux-gnu.so
7f18ec071000-7f18ec073000 r--p 00007000 b5:84fa2 180144764732130472      /home/mila/l/le.zhang/.conda/envs/ir/lib/python3.10/site-packages/pandas/_libs/pandas_datetime.cpython-310-x86_64-linux-gnu.so
7f18ec073000-7f18ec074000 r--p 00008000 b5:84fa2 180144764732130472      /home/mila/l/le.zhang/.conda/envs/ir/lib/python3.10/site-packages/pandas/_libs/pandas_datetime.cpython-310-x86_64-linux-gnu.so
7f18ec074000-7f18ec075000 rw-p 00009000 b5:84fa2 180144764732130472      /home/mila/l/le.zhang/.conda/envs/ir/lib/python3.10/site-packages/pandas/_libs/pandas_datetime.cpython-310-x86_64-linux-gnu.so
7f18ec075000-7f18ec077000 r--p 00000000 b5:84fa2 180144764732130456      /home/mila/l/le.zhang/.conda/envs/ir/lib/python3.10/site-packages/pandas/_libs/pandas_parser.cpython-310-x86_64-linux-gnu.so
7f18ec077000-7f18ec07d000 r-xp 00002000 b5:84fa2 180144764732130456      /home/mila/l/le.zhang/.conda/envs/ir/lib/python3.10/site-packages/pandas/_libs/pandas_parser.cpython-310-x86_64-linux-gnu.so
7f18ec07d000-7f18ec07f000 r--p 00008000 b5:84fa2 180144764732130456      /home/mila/l/le.zhang/.conda/envs/ir/lib/python3.10/site-packages/pandas/_libs/pandas_parser.cpython-310-x86_64-linux-gnu.so
7f18ec07f000-7f18ec080000 r--p 00009000 b5:84fa2 180144764732130456      /home/mila/l/le.zhang/.conda/envs/ir/lib/python3.10/site-packages/pandas/_libs/pandas_parser.cpython-310-x86_64-linux-gnu.so
7f18ec080000-7f18ec081000 rw-p 0000a000 b5:84fa2 180144764732130456      /home/mila/l/le.zhang/.conda/envs/ir/lib/python3.10/site-packages/pandas/_libs/pandas_parser.cpython-310-x86_64-linux-gnu.so
7f18ec081000-7f18ec082000 r--p 00000000 b5:84fa2 162130525153156909      /home/mila/l/le.zhang/.conda/envs/ir/lib/python3.10/lib-dynload/_heapq.cpython-310-x86_64-linux-gnu.so
7f18ec082000-7f18ec085000 r-xp 00001000 b5:84fa2 162130525153156909      /home/mila/l/le.zhang/.conda/envs/ir/lib/python3.10/lib-dynload/_heapq.cpython-310-x86_64-linux-gnu.so
7f18ec085000-7f18ec088000 r--p 00004000 b5:84fa2 162130525153156909      /home/mila/l/le.zhang/.conda/envs/ir/lib/python3.10/lib-dynload/_heapq.cpython-310-x86_64-linux-gnu.so
7f18ec088000-7f18ec089000 r--p 00006000 b5:84fa2 162130525153156909      /home/mila/l/le.zhang/.conda/envs/ir/lib/python3.10/lib-dynload/_heapq.cpython-310-x86_64-linux-gnu.so
7f18ec089000-7f18ec08a000 rw-p 00007000 b5:84fa2 162130525153156909      /home/mila/l/le.zhang/.conda/envs/ir/lib/python3.10/lib-dynload/_heapq.cpython-310-x86_64-linux-gnu.so
7f18ec08a000-7f18ec08c000 r--p 00000000 b5:84fa2 162130525153153230      /home/mila/l/le.zhang/.conda/envs/ir/lib/libuuid.so.1.3.0
7f18ec08c000-7f18ec090000 r-xp 00002000 b5:84fa2 162130525153153230      /home/mila/l/le.zhang/.conda/envs/ir/lib/libuuid.so.1.3.0
7f18ec090000-7f18ec091000 r--p 00006000 b5:84fa2 162130525153153230      /home/mila/l/le.zhang/.conda/envs/ir/lib/libuuid.so.1.3.0
7f18ec091000-7f18ec092000 r--p 00006000 b5:84fa2 162130525153153230      /home/mila/l/le.zhang/.conda/envs/ir/lib/libuuid.so.1.3.0
7f18ec092000-7f18ec093000 rw-p 00007000 b5:84fa2 162130525153153230      /home/mila/l/le.zhang/.conda/envs/ir/lib/libuuid.so.1.3.0
7f18ec093000-7f18ec09a000 r--p 00000000 b5:84fa2 162130525153156948      /home/mila/l/le.zhang/.conda/envs/ir/lib/python3.10/lib-dynload/_decimal.cpython-310-x86_64-linux-gnu.so
7f18ec09a000-7f18ec0cb000 r-xp 00007000 b5:84fa2 162130525153156948      /home/mila/l/le.zhang/.conda/envs/ir/lib/python3.10/lib-dynload/_decimal.cpython-310-x86_64-linux-gnu.so
7f18ec0cb000-7f18ec0db000 r--p 00038000 b5:84fa2 162130525153156948      /home/mila/l/le.zhang/.conda/envs/ir/lib/python3.10/lib-dynload/_decimal.cpython-310-x86_64-linux-gnu.so
7f18ec0db000-7f18ec0dc000 r--p 00047000 b5:84fa2 162130525153156948      /home/mila/l/le.zhang/.conda/envs/ir/lib/python3.10/lib-dynload/_decimal.cpython-310-x86_64-linux-gnu.so
7f18ec0dc000-7f18ec0df000 rw-p 00048000 b5:84fa2 162130525153156948      /home/mila/l/le.zhang/.conda/envs/ir/lib/python3.10/lib-dynload/_decimal.cpython-310-x86_64-linux-gnu.so
7f18ec0df000-7f18ec0e3000 r--p 00000000 b5:84fa2 180144849708726947      /home/mila/l/le.zhang/.conda/envs/ir/lib/python3.10/site-packages/scipy/_lib/_ccallback_c.cpython-310-x86_64-linux-gnu.so
7f18ec0e3000-7f18ec0f1000 r-xp 00004000 b5:84fa2 180144849708726947      /home/mila/l/le.zhang/.conda/envs/ir/lib/python3.10/site-packages/scipy/_lib/_ccallback_c.cpython-310-x86_64-linux-gnu.so
7f18ec0f1000-7f18ec0f4000 r--p 00012000 b5:84fa2 180144849708726947      /home/mila/l/le.zhang/.conda/envs/ir/lib/python3.10/site-packages/scipy/_lib/_ccallback_c.cpython-310-x86_64-linux-gnu.so
7f18ec0f4000-7f18ec0f5000 r--p 00014000 b5:84fa2 180144849708726947      /home/mila/l/le.zhang/.conda/envs/ir/lib/python3.10/site-packages/scipy/_lib/_ccallback_c.cpython-310-x86_64-linux-gnu.so
7f18ec0f5000-7f18ec0f6000 rw-p 00015000 b5:84fa2 180144849708726947      /home/mila/l/le.zhang/.conda/envs/ir/lib/python3.10/site-packages/scipy/_lib/_ccallback_c.cpython-310-x86_64-linux-gnu.so
7f18ec0f6000-7f18ec0f7000 rw-p 00000000 00:00 0 
7f18ec0f7000-7f18ec0fe000 r--p 00000000 b5:84fa2 180144764732122282      /home/mila/l/le.zhang/.conda/envs/ir/lib/python3.10/site-packages/numpy/random/_generator.cpython-310-x86_64-linux-gnu.so
7f18ec0fe000-7f18ec17e000 r-xp 00007000 b5:84fa2 180144764732122282      /home/mila/l/le.zhang/.conda/envs/ir/lib/python3.10/site-packages/numpy/random/_generator.cpython-310-x86_64-linux-gnu.so
7f18ec17e000-7f18ec1d2000 r--p 00087000 b5:84fa2 180144764732122282      /home/mila/l/le.zhang/.conda/envs/ir/lib/python3.10/site-packages/numpy/random/_generator.cpython-310-x86_64-linux-gnu.so
7f18ec1d2000-7f18ec1d3000 r--p 000da000 b5:84fa2 180144764732122282      /home/mila/l/le.zhang/.conda/envs/ir/lib/python3.10/site-packages/numpy/random/_generator.cpython-310-x86_64-linux-gnu.so
7f18ec1d3000-7f18ec1d5000 rw-p 000db000 b5:84fa2 180144764732122282      /home/mila/l/le.zhang/.conda/envs/ir/lib/python3.10/site-packages/numpy/random/_generator.cpython-310-x86_64-linux-gnu.so
7f18ec1d5000-7f18ec1d7000 rw-p 00000000 00:00 0 
7f18ec1d7000-7f18ec1da000 r--p 00000000 b5:84fa2 180144764732122265      /home/mila/l/le.zhang/.conda/envs/ir/lib/python3.10/site-packages/numpy/random/_sfc64.cpython-310-x86_64-linux-gnu.so
7f18ec1da000-7f18ec1e3000 r-xp 00003000 b5:84fa2 180144764732122265      /home/mila/l/le.zhang/.conda/envs/ir/lib/python3.10/site-packages/numpy/random/_sfc64.cpython-310-x86_64-linux-gnu.so
7f18ec1e3000-7f18ec1e6000 r--p 0000c000 b5:84fa2 180144764732122265      /home/mila/l/le.zhang/.conda/envs/ir/lib/python3.10/site-packages/numpy/random/_sfc64.cpython-310-x86_64-linux-gnu.so
7f18ec1e6000-7f18ec1e7000 r--p 0000e000 b5:84fa2 180144764732122265      /home/mila/l/le.zhang/.conda/envs/ir/lib/python3.10/site-packages/numpy/random/_sfc64.cpython-310-x86_64-linux-gnu.so
7f18ec1e7000-7f18ec1e8000 rw-p 0000f000 b5:84fa2 180144764732122265      /home/mila/l/le.zhang/.conda/envs/ir/lib/python3.10/site-packages/numpy/random/_sfc64.cpython-310-x86_64-linux-gnu.so
7f18ec1e8000-7f18ec1eb000 r--p 00000000 b5:84fa2 180144764732122262      /home/mila/l/le.zhang/.conda/envs/ir/lib/python3.10/site-packages/numpy/random/_pcg64.cpython-310-x86_64-linux-gnu.so
7f18ec1eb000-7f18ec1fd000 r-xp 00003000 b5:84fa2 180144764732122262      /home/mila/l/le.zhang/.conda/envs/ir/lib/python3.10/site-packages/numpy/random/_pcg64.cpython-310-x86_64-linux-gnu.so
7f18ec1fd000-7f18ec202000 r--p 00015000 b5:84fa2 180144764732122262      /home/mila/l/le.zhang/.conda/envs/ir/lib/python3.10/site-packages/numpy/random/_pcg64.cpython-310-x86_64-linux-gnu.so
7f18ec202000-7f18ec203000 r--p 00019000 b5:84fa2 180144764732122262      /home/mila/l/le.zhang/.conda/envs/ir/lib/python3.10/site-packages/numpy/random/_pcg64.cpython-310-x86_64-linux-gnu.so
7f18ec203000-7f18ec204000 rw-p 0001a000 b5:84fa2 180144764732122262      /home/mila/l/le.zhang/.conda/envs/ir/lib/python3.10/site-packages/numpy/random/_pcg64.cpython-310-x86_64-linux-gnu.so
7f18ec204000-7f18ec207000 r--p 00000000 b5:84fa2 180144764732122269      /home/mila/l/le.zhang/.conda/envs/ir/lib/python3.10/site-packages/numpy/random/_philox.cpython-310-x86_64-linux-gnu.so
7f18ec207000-7f18ec216000 r-xp 00003000 b5:84fa2 180144764732122269      /home/mila/l/le.zhang/.conda/envs/ir/lib/python3.10/site-packages/numpy/random/_philox.cpython-310-x86_64-linux-gnu.so
7f18ec216000-7f18ec21a000 r--p 00012000 b5:84fa2 180144764732122269      /home/mila/l/le.zhang/.conda/envs/ir/lib/python3.10/site-packages/numpy/random/_philox.cpython-310-x86_64-linux-gnu.so
7f18ec21a000-7f18ec21b000 r--p 00015000 b5:84fa2 180144764732122269      /home/mila/l/le.zhang/.conda/envs/ir/lib/python3.10/site-packages/numpy/random/_philox.cpython-310-x86_64-linux-gnu.so
7f18ec21b000-7f18ec21c000 rw-p 00016000 b5:84fa2 180144764732122269      /home/mila/l/le.zhang/.conda/envs/ir/lib/python3.10/site-packages/numpy/random/_philox.cpython-310-x86_64-linux-gnu.so
7f18ec21c000-7f18ec21f000 r--p 00000000 b5:84fa2 180144764732122272      /home/mila/l/le.zhang/.conda/envs/ir/lib/python3.10/site-packages/numpy/random/_mt19937.cpython-310-x86_64-linux-gnu.so
7f18ec21f000-7f18ec230000 r-xp 00003000 b5:84fa2 180144764732122272      /home/mila/l/le.zhang/.conda/envs/ir/lib/python3.10/site-packages/numpy/random/_mt19937.cpython-310-x86_64-linux-gnu.so
7f18ec230000-7f18ec235000 r--p 00014000 b5:84fa2 180144764732122272      /home/mila/l/le.zhang/.conda/envs/ir/lib/python3.10/site-packages/numpy/random/_mt19937.cpython-310-x86_64-linux-gnu.so
7f18ec235000-7f18ec236000 r--p 00018000 b5:84fa2 180144764732122272      /home/mila/l/le.zhang/.conda/envs/ir/lib/python3.10/site-packages/numpy/random/_mt19937.cpython-310-x86_64-linux-gnu.so
7f18ec236000-7f18ec237000 rw-p 00019000 b5:84fa2 180144764732122272      /home/mila/l/le.zhang/.conda/envs/ir/lib/python3.10/site-packages/numpy/random/_mt19937.cpython-310-x86_64-linux-gnu.so
7f18ec237000-7f18ec23b000 r--p 00000000 b5:84fa2 180144764732122267      /home/mila/l/le.zhang/.conda/envs/ir/lib/python3.10/site-packages/numpy/random/_bounded_integers.cpython-310-x86_64-linux-gnu.so
7f18ec23b000-7f18ec280000 r-xp 00004000 b5:84fa2 180144764732122267      /home/mila/l/le.zhang/.conda/envs/ir/lib/python3.10/site-packages/numpy/random/_bounded_integers.cpython-310-x86_64-linux-gnu.so
7f18ec280000-7f18ec289000 r--p 00049000 b5:84fa2 180144764732122267      /home/mila/l/le.zhang/.conda/envs/ir/lib/python3.10/site-packages/numpy/random/_bounded_integers.cpython-310-x86_64-linux-gnu.so
7f18ec289000-7f18ec28a000 r--p 00051000 b5:84fa2 180144764732122267      /home/mila/l/le.zhang/.conda/envs/ir/lib/python3.10/site-packages/numpy/random/_bounded_integers.cpython-310-x86_64-linux-gnu.so
7f18ec28a000-7f18ec28b000 rw-p 00052000 b5:84fa2 180144764732122267      /home/mila/l/le.zhang/.conda/envs/ir/lib/python3.10/site-packages/numpy/random/_bounded_integers.cpython-310-x86_64-linux-gnu.so
7f18ec28b000-7f18ec28c000 rw-p 00000000 00:00 0 
7f18ec28c000-7f18ec290000 r--p 00000000 b5:84fa2 180144764732122263      /home/mila/l/le.zhang/.conda/envs/ir/lib/python3.10/site-packages/numpy/random/_common.cpython-310-x86_64-linux-gnu.so
7f18ec290000-7f18ec2c2000 r-xp 00004000 b5:84fa2 180144764732122263      /home/mila/l/le.zhang/.conda/envs/ir/lib/python3.10/site-packages/numpy/random/_common.cpython-310-x86_64-linux-gnu.so
7f18ec2c2000-7f18ec2c6000 r--p 00036000 b5:84fa2 180144764732122263      /home/mila/l/le.zhang/.conda/envs/ir/lib/python3.10/site-packages/numpy/random/_common.cpython-310-x86_64-linux-gnu.so
7f18ec2c6000-7f18ec2c7000 ---p 0003a000 b5:84fa2 180144764732122263      /home/mila/l/le.zhang/.conda/envs/ir/lib/python3.10/site-packages/numpy/random/_common.cpython-310-x86_64-linux-gnu.so
7f18ec2c7000-7f18ec2c8000 r--p 0003a000 b5:84fa2 180144764732122263      /home/mila/l/le.zhang/.conda/envs/ir/lib/python3.10/site-packages/numpy/random/_common.cpython-310-x86_64-linux-gnu.so
7f18ec2c8000-7f18ec2c9000 rw-p 0003b000 b5:84fa2 180144764732122263      /home/mila/l/le.zhang/.conda/envs/ir/lib/python3.10/site-packages/numpy/random/_common.cpython-310-x86_64-linux-gnu.so
7f18ec2c9000-7f18ec2ca000 rw-p 00000000 00:00 0 
7f18ec2ca000-7f18ec2cf000 r--p 00000000 b5:84fa2 180144764732122284      /home/mila/l/le.zhang/.conda/envs/ir/lib/python3.10/site-packages/numpy/random/bit_generator.cpython-310-x86_64-linux-gnu.so
7f18ec2cf000-7f18ec2f2000 r-xp 00005000 b5:84fa2 180144764732122284      /home/mila/l/le.zhang/.conda/envs/ir/lib/python3.10/site-packages/numpy/random/bit_generator.cpython-310-x86_64-linux-gnu.so
7f18ec2f2000-7f18ec2fc000 r--p 00028000 b5:84fa2 180144764732122284      /home/mila/l/le.zhang/.conda/envs/ir/lib/python3.10/site-packages/numpy/random/bit_generator.cpython-310-x86_64-linux-gnu.so
7f18ec2fc000-7f18ec2fd000 r--p 00031000 b5:84fa2 180144764732122284      /home/mila/l/le.zhang/.conda/envs/ir/lib/python3.10/site-packages/numpy/random/bit_generator.cpython-310-x86_64-linux-gnu.so
7f18ec2fd000-7f18ec2ff000 rw-p 00032000 b5:84fa2 180144764732122284      /home/mila/l/le.zhang/.conda/envs/ir/lib/python3.10/site-packages/numpy/random/bit_generator.cpython-310-x86_64-linux-gnu.so
7f18ec2ff000-7f18ec400000 rw-p 00000000 00:00 0 
7f18ec400000-7f18ec676000 r-xp 00000000 b5:84fa2 180144764732122694      /home/mila/l/le.zhang/.conda/envs/ir/lib/python3.10/site-packages/numpy.libs/libgfortran-040039e1.so.5.0.0
7f18ec676000-7f18ec875000 ---p 00276000 b5:84fa2 180144764732122694      /home/mila/l/le.zhang/.conda/envs/ir/lib/python3.10/site-packages/numpy.libs/libgfortran-040039e1.so.5.0.0
7f18ec875000-7f18ec876000 r--p 00275000 b5:84fa2 180144764732122694      /home/mila/l/le.zhang/.conda/envs/ir/lib/python3.10/site-packages/numpy.libs/libgfortran-040039e1.so.5.0.0
7f18ec876000-7f18ec878000 rw-p 00276000 b5:84fa2 180144764732122694      /home/mila/l/le.zhang/.conda/envs/ir/lib/python3.10/site-packages/numpy.libs/libgfortran-040039e1.so.5.0.0
7f18ec878000-7f18ec884000 rw-p 0027b000 b5:84fa2 180144764732122694      /home/mila/l/le.zhang/.conda/envs/ir/lib/python3.10/site-packages/numpy.libs/libgfortran-040039e1.so.5.0.0
7f18ec884000-7f18ec88d000 rw-p 00287000 b5:84fa2 180144764732122694      /home/mila/l/le.zhang/.conda/envs/ir/lib/python3.10/site-packages/numpy.libs/libgfortran-040039e1.so.5.0.0
7f18ec88f000-7f18ec891000 r--p 00000000 b5:84fa2 162130525153156887      /home/mila/l/le.zhang/.conda/envs/ir/lib/python3.10/lib-dynload/_queue.cpython-310-x86_64-linux-gnu.so
7f18ec891000-7f18ec892000 r-xp 00002000 b5:84fa2 162130525153156887      /home/mila/l/le.zhang/.conda/envs/ir/lib/python3.10/lib-dynload/_queue.cpython-310-x86_64-linux-gnu.so
7f18ec892000-7f18ec893000 r--p 00003000 b5:84fa2 162130525153156887      /home/mila/l/le.zhang/.conda/envs/ir/lib/python3.10/lib-dynload/_queue.cpython-310-x86_64-linux-gnu.so
7f18ec893000-7f18ec894000 r--p 00003000 b5:84fa2 162130525153156887      /home/mila/l/le.zhang/.conda/envs/ir/lib/python3.10/lib-dynload/_queue.cpython-310-x86_64-linux-gnu.so
7f18ec894000-7f18ec895000 rw-p 00004000 b5:84fa2 162130525153156887      /home/mila/l/le.zhang/.conda/envs/ir/lib/python3.10/lib-dynload/_queue.cpython-310-x86_64-linux-gnu.so
7f18ec895000-7f18ec897000 r--p 00000000 b5:84fa2 162130525153156933      /home/mila/l/le.zhang/.conda/envs/ir/lib/python3.10/lib-dynload/_blake2.cpython-310-x86_64-linux-gnu.so
7f18ec897000-7f18ec89f000 r-xp 00002000 b5:84fa2 162130525153156933      /home/mila/l/le.zhang/.conda/envs/ir/lib/python3.10/lib-dynload/_blake2.cpython-310-x86_64-linux-gnu.so
7f18ec89f000-7f18ec8a1000 r--p 0000a000 b5:84fa2 162130525153156933      /home/mila/l/le.zhang/.conda/envs/ir/lib/python3.10/lib-dynload/_blake2.cpython-310-x86_64-linux-gnu.so
7f18ec8a1000-7f18ec8a2000 r--p 0000b000 b5:84fa2 162130525153156933      /home/mila/l/le.zhang/.conda/envs/ir/lib/python3.10/lib-dynload/_blake2.cpython-310-x86_64-linux-gnu.so
7f18ec8a2000-7f18ec8a3000 rw-p 0000c000 b5:84fa2 162130525153156933      /home/mila/l/le.zhang/.conda/envs/ir/lib/python3.10/lib-dynload/_blake2.cpython-310-x86_64-linux-gnu.so
7f18ec8a3000-7f18ec8a7000 r--p 00000000 b5:84fa2 162130525153156927      /home/mila/l/le.zhang/.conda/envs/ir/lib/python3.10/lib-dynload/_hashlib.cpython-310-x86_64-linux-gnu.so
7f18ec8a7000-7f18ec8ad000 r-xp 00004000 b5:84fa2 162130525153156927      /home/mila/l/le.zhang/.conda/envs/ir/lib/python3.10/lib-dynload/_hashlib.cpython-310-x86_64-linux-gnu.so
7f18ec8ad000-7f18ec8b1000 r--p 0000a000 b5:84fa2 162130525153156927      /home/mila/l/le.zhang/.conda/envs/ir/lib/python3.10/lib-dynload/_hashlib.cpython-310-x86_64-linux-gnu.so
7f18ec8b1000-7f18ec8b2000 r--p 0000e000 b5:84fa2 162130525153156927      /home/mila/l/le.zhang/.conda/envs/ir/lib/python3.10/lib-dynload/_hashlib.cpython-310-x86_64-linux-gnu.so
7f18ec8b2000-7f18ec8b3000 rw-p 0000f000 b5:84fa2 162130525153156927      /home/mila/l/le.zhang/.conda/envs/ir/lib/python3.10/lib-dynload/_hashlib.cpython-310-x86_64-linux-gnu.so
7f18ec8b3000-7f18ec9bd000 r--p 00000000 b5:84fa2 180144764732122692      /home/mila/l/le.zhang/.conda/envs/ir/lib/python3.10/site-packages/numpy.libs/libopenblas64_p-r0-0cf96a72.3.23.dev.so
7f18ec9bd000-7f18ec9c5000 r-xp 0010a000 b5:84fa2 180144764732122692      /home/mila/l/le.zhang/.conda/envs/ir/lib/python3.10/site-packages/numpy.libs/libopenblas64_p-r0-0cf96a72.3.23.dev.so
7f18ec9c5000-7f18ec9cb000 ---p 00112000 b5:84fa2 180144764732122692      /home/mila/l/le.zhang/.conda/envs/ir/lib/python3.10/site-packages/numpy.libs/libopenblas64_p-r0-0cf96a72.3.23.dev.so
7f18ec9cb000-7f18ee64c000 r-xp 00118000 b5:84fa2 180144764732122692      /home/mila/l/le.zhang/.conda/envs/ir/lib/python3.10/site-packages/numpy.libs/libopenblas64_p-r0-0cf96a72.3.23.dev.so
7f18ee64c000-7f18ee85c000 r--p 01d99000 b5:84fa2 180144764732122692      /home/mila/l/le.zhang/.conda/envs/ir/lib/python3.10/site-packages/numpy.libs/libopenblas64_p-r0-0cf96a72.3.23.dev.so
7f18ee85c000-7f18ee85d000 ---p 01fa9000 b5:84fa2 180144764732122692      /home/mila/l/le.zhang/.conda/envs/ir/lib/python3.10/site-packages/numpy.libs/libopenblas64_p-r0-0cf96a72.3.23.dev.so
7f18ee85d000-7f18ee863000 r--p 01fa9000 b5:84fa2 180144764732122692      /home/mila/l/le.zhang/.conda/envs/ir/lib/python3.10/site-packages/numpy.libs/libopenblas64_p-r0-0cf96a72.3.23.dev.so
7f18ee863000-7f18ee87a000 rw-p 01faf000 b5:84fa2 180144764732122692      /home/mila/l/le.zhang/.conda/envs/ir/lib/python3.10/site-packages/numpy.libs/libopenblas64_p-r0-0cf96a72.3.23.dev.so
7f18ee87a000-7f18ee886000 rw-p 00000000 00:00 0 
7f18ee886000-7f18ee8e9000 rw-p 020d4000 b5:84fa2 180144764732122692      /home/mila/l/le.zhang/.conda/envs/ir/lib/python3.10/site-packages/numpy.libs/libopenblas64_p-r0-0cf96a72.3.23.dev.so
7f18ee8e9000-7f18ee932000 rw-p 02137000 b5:84fa2 180144764732122692      /home/mila/l/le.zhang/.conda/envs/ir/lib/python3.10/site-packages/numpy.libs/libopenblas64_p-r0-0cf96a72.3.23.dev.so
7f18ee932000-7f18ee95d000 r--p 00000000 b5:84fa2 180144764732122375      /home/mila/l/le.zhang/.conda/envs/ir/lib/python3.10/site-packages/numpy/core/_multiarray_umath.cpython-310-x86_64-linux-gnu.so
7f18ee95d000-7f18eee3b000 r-xp 0002b000 b5:84fa2 180144764732122375      /home/mila/l/le.zhang/.conda/envs/ir/lib/python3.10/site-packages/numpy/core/_multiarray_umath.cpython-310-x86_64-linux-gnu.so
7f18eee3b000-7f18eefaf000 r--p 00509000 b5:84fa2 180144764732122375      /home/mila/l/le.zhang/.conda/envs/ir/lib/python3.10/site-packages/numpy/core/_multiarray_umath.cpython-310-x86_64-linux-gnu.so
7f18eefaf000-7f18eefb0000 ---p 0067d000 b5:84fa2 180144764732122375      /home/mila/l/le.zhang/.conda/envs/ir/lib/python3.10/site-packages/numpy/core/_multiarray_umath.cpython-310-x86_64-linux-gnu.so
7f18eefb0000-7f18eefb2000 r--p 0067d000 b5:84fa2 180144764732122375      /home/mila/l/le.zhang/.conda/envs/ir/lib/python3.10/site-packages/numpy/core/_multiarray_umath.cpython-310-x86_64-linux-gnu.so
7f18eefb2000-7f18eefd5000 rw-p 0067f000 b5:84fa2 180144764732122375      /home/mila/l/le.zhang/.conda/envs/ir/lib/python3.10/site-packages/numpy/core/_multiarray_umath.cpython-310-x86_64-linux-gnu.so
7f18eefd5000-7f18eeff5000 rw-p 00000000 00:00 0 
7f18eeff5000-7f18eeffb000 rw-p 0070b000 b5:84fa2 180144764732122375      /home/mila/l/le.zhang/.conda/envs/ir/lib/python3.10/site-packages/numpy/core/_multiarray_umath.cpython-310-x86_64-linux-gnu.so
7f18eeffb000-7f18ef000000 rw-p 00711000 b5:84fa2 180144764732122375      /home/mila/l/le.zhang/.conda/envs/ir/lib/python3.10/site-packages/numpy/core/_multiarray_umath.cpython-310-x86_64-linux-gnu.so
7f18ef000000-7f18ef50d000 rw-p 00001000 b5:84fa2 162130525153158590      /home/mila/l/le.zhang/.conda/envs/ir/lib/server/classes.jsa
7f18ef50d000-7f18efd2b000 rw-p 0050e000 b5:84fa2 162130525153158590      /home/mila/l/le.zhang/.conda/envs/ir/lib/server/classes.jsa
7f18efd2b000-7f18f0000000 ---p 00000000 00:00 0 
7f18f0000000-7f18f0040000 rw-p 00000000 00:00 0 
7f18f0040000-7f18f0080000 rw-p 00000000 00:00 0 
7f18f0080000-7f18f0130000 rw-p 00000000 00:00 0 
7f18f0130000-7f18f0140000 ---p 00000000 00:00 0 
7f18f0140000-7f18f01e0000 rw-p 00000000 00:00 0 
7f18f01e0000-7f1930000000 ---p 00000000 00:00 0 
7f1930000000-7f1930021000 rw-p 00000000 00:00 0 
7f1930021000-7f1934000000 ---p 00000000 00:00 0 
7f1934000000-7f1934021000 rw-p 00000000 00:00 0 
7f1934021000-7f1938000000 ---p 00000000 00:00 0 
7f1938000000-7f1938021000 rw-p 00000000 00:00 0 
7f1938021000-7f193c000000 ---p 00000000 00:00 0 
7f193c000000-7f193c021000 rw-p 00000000 00:00 0 
7f193c021000-7f1940000000 ---p 00000000 00:00 0 
7f1940000000-7f1940021000 rw-p 00000000 00:00 0 
7f1940021000-7f1944000000 ---p 00000000 00:00 0 
7f1944000000-7f1944001000 rw-s 00000000 00:3b 47                         /dev/shm/sem.6NksfY (deleted)
7f1944001000-7f1944002000 rw-p 00000000 00:00 0 
7f1944002000-7f1944003000 r--p 00000000 b5:84fa2 162130525153156875      /home/mila/l/le.zhang/.conda/envs/ir/lib/python3.10/lib-dynload/_uuid.cpython-310-x86_64-linux-gnu.so
7f1944003000-7f1944004000 r-xp 00001000 b5:84fa2 162130525153156875      /home/mila/l/le.zhang/.conda/envs/ir/lib/python3.10/lib-dynload/_uuid.cpython-310-x86_64-linux-gnu.so
7f1944004000-7f1944005000 r--p 00002000 b5:84fa2 162130525153156875      /home/mila/l/le.zhang/.conda/envs/ir/lib/python3.10/lib-dynload/_uuid.cpython-310-x86_64-linux-gnu.so
7f1944005000-7f1944006000 r--p 00002000 b5:84fa2 162130525153156875      /home/mila/l/le.zhang/.conda/envs/ir/lib/python3.10/lib-dynload/_uuid.cpython-310-x86_64-linux-gnu.so
7f1944006000-7f1944007000 rw-p 00003000 b5:84fa2 162130525153156875      /home/mila/l/le.zhang/.conda/envs/ir/lib/python3.10/lib-dynload/_uuid.cpython-310-x86_64-linux-gnu.so
7f1944007000-7f194400c000 r--p 00000000 b5:84fa2 180144764732122273      /home/mila/l/le.zhang/.conda/envs/ir/lib/python3.10/site-packages/numpy/random/mtrand.cpython-310-x86_64-linux-gnu.so
7f194400c000-7f1944065000 r-xp 00005000 b5:84fa2 180144764732122273      /home/mila/l/le.zhang/.conda/envs/ir/lib/python3.10/site-packages/numpy/random/mtrand.cpython-310-x86_64-linux-gnu.so
7f1944065000-7f19440b5000 r--p 0005e000 b5:84fa2 180144764732122273      /home/mila/l/le.zhang/.conda/envs/ir/lib/python3.10/site-packages/numpy/random/mtrand.cpython-310-x86_64-linux-gnu.so
7f19440b5000-7f19440b6000 ---p 000ae000 b5:84fa2 180144764732122273      /home/mila/l/le.zhang/.conda/envs/ir/lib/python3.10/site-packages/numpy/random/mtrand.cpython-310-x86_64-linux-gnu.so
7f19440b6000-7f19440b7000 r--p 000ae000 b5:84fa2 180144764732122273      /home/mila/l/le.zhang/.conda/envs/ir/lib/python3.10/site-packages/numpy/random/mtrand.cpython-310-x86_64-linux-gnu.so
7f19440b7000-7f19440b8000 rw-p 000af000 b5:84fa2 180144764732122273      /home/mila/l/le.zhang/.conda/envs/ir/lib/python3.10/site-packages/numpy/random/mtrand.cpython-310-x86_64-linux-gnu.so
7f19440b8000-7f19440ba000 rw-p 00000000 00:00 0 
7f19440ba000-7f19440bb000 r--p 00000000 b5:84fa2 180144764732121826      /home/mila/l/le.zhang/.conda/envs/ir/lib/python3.10/site-packages/numpy/fft/_pocketfft_internal.cpython-310-x86_64-linux-gnu.so
7f19440bb000-7f19440ce000 r-xp 00001000 b5:84fa2 180144764732121826      /home/mila/l/le.zhang/.conda/envs/ir/lib/python3.10/site-packages/numpy/fft/_pocketfft_internal.cpython-310-x86_64-linux-gnu.so
7f19440ce000-7f19440d0000 r--p 00014000 b5:84fa2 180144764732121826      /home/mila/l/le.zhang/.conda/envs/ir/lib/python3.10/site-packages/numpy/fft/_pocketfft_internal.cpython-310-x86_64-linux-gnu.so
7f19440d0000-7f19440d1000 r--p 00015000 b5:84fa2 180144764732121826      /home/mila/l/le.zhang/.conda/envs/ir/lib/python3.10/site-packages/numpy/fft/_pocketfft_internal.cpython-310-x86_64-linux-gnu.so
7f19440d1000-7f19440d2000 rw-p 00016000 b5:84fa2 180144764732121826      /home/mila/l/le.zhang/.conda/envs/ir/lib/python3.10/site-packages/numpy/fft/_pocketfft_internal.cpython-310-x86_64-linux-gnu.so
7f19440d2000-7f19440d8000 r--p 00000000 b5:84fa2 180144764732122222      /home/mila/l/le.zhang/.conda/envs/ir/lib/python3.10/site-packages/numpy/linalg/_umath_linalg.cpython-310-x86_64-linux-gnu.so
7f19440d8000-7f19440f8000 r-xp 00006000 b5:84fa2 180144764732122222      /home/mila/l/le.zhang/.conda/envs/ir/lib/python3.10/site-packages/numpy/linalg/_umath_linalg.cpython-310-x86_64-linux-gnu.so
7f19440f8000-7f19440fd000 r--p 00026000 b5:84fa2 180144764732122222      /home/mila/l/le.zhang/.conda/envs/ir/lib/python3.10/site-packages/numpy/linalg/_umath_linalg.cpython-310-x86_64-linux-gnu.so
7f19440fd000-7f19440fe000 r--p 0002a000 b5:84fa2 180144764732122222      /home/mila/l/le.zhang/.conda/envs/ir/lib/python3.10/site-packages/numpy/linalg/_umath_linalg.cpython-310-x86_64-linux-gnu.so
7f19440fe000-7f19440ff000 rw-p 0002b000 b5:84fa2 180144764732122222      /home/mila/l/le.zhang/.conda/envs/ir/lib/python3.10/site-packages/numpy/linalg/_umath_linalg.cpython-310-x86_64-linux-gnu.so
7f19440ff000-7f1944100000 rw-p 00000000 00:00 0 
7f1944100000-7f1944102000 rw-p 00032000 b5:84fa2 180144764732122222      /home/mila/l/le.zhang/.conda/envs/ir/lib/python3.10/site-packages/numpy/linalg/_umath_linalg.cpython-310-x86_64-linux-gnu.so
7f1944102000-7f1944103000 rw-p 00034000 b5:84fa2 180144764732122222      /home/mila/l/le.zhang/.conda/envs/ir/lib/python3.10/site-packages/numpy/linalg/_umath_linalg.cpython-310-x86_64-linux-gnu.so
7f1944103000-7f1944106000 r--p 00000000 b5:84fa2 162130525153154687      /home/mila/l/le.zhang/.conda/envs/ir/lib/libffi.so.8.1.2
7f1944106000-7f1944110000 r-xp 00003000 b5:84fa2 162130525153154687      /home/mila/l/le.zhang/.conda/envs/ir/lib/libffi.so.8.1.2
7f1944110000-7f1944112000 r--p 0000d000 b5:84fa2 162130525153154687      /home/mila/l/le.zhang/.conda/envs/ir/lib/libffi.so.8.1.2
7f1944112000-7f1944113000 r--p 0000e000 b5:84fa2 162130525153154687      /home/mila/l/le.zhang/.conda/envs/ir/lib/libffi.so.8.1.2
7f1944113000-7f1944114000 rw-p 0000f000 b5:84fa2 162130525153154687      /home/mila/l/le.zhang/.conda/envs/ir/lib/libffi.so.8.1.2
7f1944114000-7f194411b000 r--p 00000000 b5:84fa2 162130525153156944      /home/mila/l/le.zhang/.conda/envs/ir/lib/python3.10/lib-dynload/_ctypes.cpython-310-x86_64-linux-gnu.so
7f194411b000-7f1944129000 r-xp 00007000 b5:84fa2 162130525153156944      /home/mila/l/le.zhang/.conda/envs/ir/lib/python3.10/lib-dynload/_ctypes.cpython-310-x86_64-linux-gnu.so
7f1944129000-7f194412f000 r--p 00015000 b5:84fa2 162130525153156944      /home/mila/l/le.zhang/.conda/envs/ir/lib/python3.10/lib-dynload/_ctypes.cpython-310-x86_64-linux-gnu.so
7f194412f000-7f1944130000 r--p 0001a000 b5:84fa2 162130525153156944      /home/mila/l/le.zhang/.conda/envs/ir/lib/python3.10/lib-dynload/_ctypes.cpython-310-x86_64-linux-gnu.so
7f1944130000-7f1944134000 rw-p 0001b000 b5:84fa2 162130525153156944      /home/mila/l/le.zhang/.conda/envs/ir/lib/python3.10/lib-dynload/_ctypes.cpython-310-x86_64-linux-gnu.so
7f1944134000-7f1944234000 rw-p 00000000 00:00 0 
7f1944234000-7f194423b000 r--p 00000000 b5:84fa2 180144764732122346      /home/mila/l/le.zhang/.conda/envs/ir/lib/python3.10/site-packages/numpy/core/_multiarray_tests.cpython-310-x86_64-linux-gnu.so
7f194423b000-7f1944252000 r-xp 00007000 b5:84fa2 180144764732122346      /home/mila/l/le.zhang/.conda/envs/ir/lib/python3.10/site-packages/numpy/core/_multiarray_tests.cpython-310-x86_64-linux-gnu.so
7f1944252000-7f1944258000 r--p 0001e000 b5:84fa2 180144764732122346      /home/mila/l/le.zhang/.conda/envs/ir/lib/python3.10/site-packages/numpy/core/_multiarray_tests.cpython-310-x86_64-linux-gnu.so
7f1944258000-7f1944259000 r--p 00023000 b5:84fa2 180144764732122346      /home/mila/l/le.zhang/.conda/envs/ir/lib/python3.10/site-packages/numpy/core/_multiarray_tests.cpython-310-x86_64-linux-gnu.so
7f1944259000-7f194425b000 rw-p 00024000 b5:84fa2 180144764732122346      /home/mila/l/le.zhang/.conda/envs/ir/lib/python3.10/site-packages/numpy/core/_multiarray_tests.cpython-310-x86_64-linux-gnu.so
7f194425b000-7f194435b000 rw-p 00000000 00:00 0 
7f194435b000-7f194435f000 r--p 00000000 b5:84fa2 162130495189074566      /home/mila/l/le.zhang/.conda/envs/ir/lib/libgcc_s.so.1
7f194435f000-7f1944374000 r-xp 00004000 b5:84fa2 162130495189074566      /home/mila/l/le.zhang/.conda/envs/ir/lib/libgcc_s.so.1
7f1944374000-7f1944378000 r--p 00019000 b5:84fa2 162130495189074566      /home/mila/l/le.zhang/.conda/envs/ir/lib/libgcc_s.so.1
7f1944378000-7f1944379000 r--p 0001c000 b5:84fa2 162130495189074566      /home/mila/l/le.zhang/.conda/envs/ir/lib/libgcc_s.so.1
7f1944379000-7f194437a000 rw-p 0001d000 b5:84fa2 162130495189074566      /home/mila/l/le.zhang/.conda/envs/ir/lib/libgcc_s.so.1
7f194437a000-7f194447a000 rw-p 00000000 00:00 0 
7f194447a000-7f194447c000 r--p 00000000 b5:84fa2 162130525153158454      /home/mila/l/le.zhang/.conda/envs/ir/lib/libmanagement_ext.so
7f194447c000-7f194447f000 r-xp 00002000 b5:84fa2 162130525153158454      /home/mila/l/le.zhang/.conda/envs/ir/lib/libmanagement_ext.so
7f194447f000-7f1944480000 r--p 00005000 b5:84fa2 162130525153158454      /home/mila/l/le.zhang/.conda/envs/ir/lib/libmanagement_ext.so
7f1944480000-7f1944481000 ---p 00006000 b5:84fa2 162130525153158454      /home/mila/l/le.zhang/.conda/envs/ir/lib/libmanagement_ext.so
7f1944481000-7f1944482000 r--p 00006000 b5:84fa2 162130525153158454      /home/mila/l/le.zhang/.conda/envs/ir/lib/libmanagement_ext.so
7f1944482000-7f1944483000 rw-p 00000000 00:00 0 
7f1944483000-7f1944484000 rw-p 0000a000 b5:84fa2 162130525153158454      /home/mila/l/le.zhang/.conda/envs/ir/lib/libmanagement_ext.so
7f1944484000-7f1944486000 r--p 00000000 b5:84fa2 162130525153158448      /home/mila/l/le.zhang/.conda/envs/ir/lib/libmanagement.so
7f1944486000-7f1944487000 r-xp 00002000 b5:84fa2 162130525153158448      /home/mila/l/le.zhang/.conda/envs/ir/lib/libmanagement.so
7f1944487000-7f1944488000 r--p 00003000 b5:84fa2 162130525153158448      /home/mila/l/le.zhang/.conda/envs/ir/lib/libmanagement.so
7f1944488000-7f1944489000 r--p 00003000 b5:84fa2 162130525153158448      /home/mila/l/le.zhang/.conda/envs/ir/lib/libmanagement.so
7f1944489000-7f194448a000 rw-p 00000000 00:00 0 
7f194448a000-7f194448c000 rw-p 00007000 b5:84fa2 162130525153158448      /home/mila/l/le.zhang/.conda/envs/ir/lib/libmanagement.so
7f194448c000-7f1944490000 ---p 00000000 00:00 0 
7f1944490000-7f194458c000 rw-p 00000000 00:00 0 
7f194458c000-7f194458f000 r--p 00000000 b5:84fa2 162130525153158469      /home/mila/l/le.zhang/.conda/envs/ir/lib/libnet.so
7f194458f000-7f1944597000 r-xp 00003000 b5:84fa2 162130525153158469      /home/mila/l/le.zhang/.conda/envs/ir/lib/libnet.so
7f1944597000-7f1944599000 r--p 0000b000 b5:84fa2 162130525153158469      /home/mila/l/le.zhang/.conda/envs/ir/lib/libnet.so
7f1944599000-7f194459a000 ---p 0000d000 b5:84fa2 162130525153158469      /home/mila/l/le.zhang/.conda/envs/ir/lib/libnet.so
7f194459a000-7f194459b000 r--p 0000d000 b5:84fa2 162130525153158469      /home/mila/l/le.zhang/.conda/envs/ir/lib/libnet.so
7f194459b000-7f194459c000 rw-p 00000000 00:00 0 
7f194459c000-7f194459d000 rw-p 00012000 b5:84fa2 162130525153158469      /home/mila/l/le.zhang/.conda/envs/ir/lib/libnet.so
7f194459d000-7f19445a4000 r--p 00000000 b5:84fa2 162130525153158477      /home/mila/l/le.zhang/.conda/envs/ir/lib/libnio.so
7f19445a4000-7f19445ad000 r-xp 00007000 b5:84fa2 162130525153158477      /home/mila/l/le.zhang/.conda/envs/ir/lib/libnio.so
7f19445ad000-7f19445b1000 r--p 00010000 b5:84fa2 162130525153158477      /home/mila/l/le.zhang/.conda/envs/ir/lib/libnio.so
7f19445b1000-7f19445b2000 ---p 00014000 b5:84fa2 162130525153158477      /home/mila/l/le.zhang/.conda/envs/ir/lib/libnio.so
7f19445b2000-7f19445b3000 r--p 00014000 b5:84fa2 162130525153158477      /home/mila/l/le.zhang/.conda/envs/ir/lib/libnio.so
7f19445b3000-7f19445b4000 rw-p 00015000 b5:84fa2 162130525153158477      /home/mila/l/le.zhang/.conda/envs/ir/lib/libnio.so
7f19445b4000-7f19445b8000 rw-p 0001b000 b5:84fa2 162130525153158477      /home/mila/l/le.zhang/.conda/envs/ir/lib/libnio.so
7f19445b8000-7f19445bc000 ---p 00000000 00:00 0 
7f19445bc000-7f19446b8000 rw-p 00000000 00:00 0 
7f19446b8000-7f19446bc000 ---p 00000000 00:00 0 
7f19446bc000-7f19447b8000 rw-p 00000000 00:00 0 
7f19447b8000-7f19447bd000 r--p 00000000 b5:84fa2 162130525153158508      /home/mila/l/le.zhang/.conda/envs/ir/lib/libjsvml.so
7f19447bd000-7f19447fe000 r-xp 00005000 b5:84fa2 162130525153158508      /home/mila/l/le.zhang/.conda/envs/ir/lib/libjsvml.so
7f19447fe000-7f1944887000 r--p 00046000 b5:84fa2 162130525153158508      /home/mila/l/le.zhang/.conda/envs/ir/lib/libjsvml.so
7f1944887000-7f1944888000 r--p 000ce000 b5:84fa2 162130525153158508      /home/mila/l/le.zhang/.conda/envs/ir/lib/libjsvml.so
7f1944888000-7f1944889000 rw-p 000cf000 b5:84fa2 162130525153158508      /home/mila/l/le.zhang/.conda/envs/ir/lib/libjsvml.so
7f1944889000-7f194488c000 rw-p 000d5000 b5:84fa2 162130525153158508      /home/mila/l/le.zhang/.conda/envs/ir/lib/libjsvml.so
7f194488c000-7f1944890000 ---p 00000000 00:00 0 
7f1944890000-7f194498c000 rw-p 00000000 00:00 0 
7f194498c000-7f1944990000 ---p 00000000 00:00 0 
7f1944990000-7f1944a8c000 rw-p 00000000 00:00 0 
7f1944a8c000-7f1944a90000 ---p 00000000 00:00 0 
7f1944a90000-7f1944b8c000 rw-p 00000000 00:00 0 
7f1944b8c000-7f1944b90000 ---p 00000000 00:00 0 
7f1944b90000-7f1944c8c000 rw-p 00000000 00:00 0 
7f1944c8c000-7f1944c90000 ---p 00000000 00:00 0 
7f1944c90000-7f1944d8c000 rw-p 00000000 00:00 0 
7f1944d8c000-7f1944d90000 ---p 00000000 00:00 0 
7f1944d90000-7f1944e8c000 rw-p 00000000 00:00 0 
7f1944e8c000-7f1944e90000 ---p 00000000 00:00 0 
7f1944e90000-7f1944f8c000 rw-p 00000000 00:00 0 
7f1944f8c000-7f1944f8e000 r--p 00000000 b5:84fa2 162130525153158457      /home/mila/l/le.zhang/.conda/envs/ir/lib/libzip.so
7f1944f8e000-7f1944f92000 r-xp 00002000 b5:84fa2 162130525153158457      /home/mila/l/le.zhang/.conda/envs/ir/lib/libzip.so
7f1944f92000-7f1944f94000 r--p 00006000 b5:84fa2 162130525153158457      /home/mila/l/le.zhang/.conda/envs/ir/lib/libzip.so
7f1944f94000-7f1944f95000 r--p 00007000 b5:84fa2 162130525153158457      /home/mila/l/le.zhang/.conda/envs/ir/lib/libzip.so
7f1944f95000-7f1944f96000 rw-p 00000000 00:00 0 
7f1944f96000-7f1944f97000 rw-p 0000b000 b5:84fa2 162130525153158457      /home/mila/l/le.zhang/.conda/envs/ir/lib/libzip.so
7f1944f97000-7f1944f98000 ---p 00000000 00:00 0 
7f1944f98000-7f1945098000 rw-p 00000000 00:00 0 
7f1945098000-7f1945099000 ---p 00000000 00:00 0 
7f1945099000-7f1945199000 rw-p 00000000 00:00 0 
7f1945199000-7f194519a000 ---p 00000000 00:00 0 
7f194519a000-7f194529a000 rw-p 00000000 00:00 0 
7f194529a000-7f194529b000 ---p 00000000 00:00 0 
7f194529b000-7f194739b000 rw-p 00000000 00:00 0 
7f194739b000-7f194739c000 ---p 00000000 00:00 0 
7f194739c000-7f194749c000 rw-p 00000000 00:00 0 
7f194749c000-7f194749d000 ---p 00000000 00:00 0 
7f194749d000-7f194759d000 rw-p 00000000 00:00 0 
7f194759d000-7f194759e000 ---p 00000000 00:00 0 
7f194759e000-7f19496dd000 rw-p 00000000 00:00 0 
7f19496dd000-7f1964e9d000 ---p 00000000 00:00 0 
7f1964e9d000-7f19652dd000 rw-p 00000000 00:00 0 
7f19652dd000-7f19689d5000 ---p 00000000 00:00 0 
7f19689d5000-7f1968ddd000 rw-p 00000000 00:00 0 
7f1968ddd000-7f196c4d5000 ---p 00000000 00:00 0 
7f196c4d5000-7f196c4e2000 rw-p 00000000 00:00 0 
7f196c4e2000-7f196c5c8000 ---p 00000000 00:00 0 
7f196c5c8000-7f196c5ce000 rw-p 00000000 00:00 0 
7f196c5ce000-7f196c6b3000 ---p 00000000 00:00 0 
7f196c6b3000-7f196c6b8000 rw-p 00000000 00:00 0 
7f196c6b8000-7f196c6bf000 ---p 00000000 00:00 0 
7f196c6bf000-7f196c99f000 rwxp 00000000 00:00 0 
7f196c99f000-7f1973bf6000 ---p 00000000 00:00 0 
7f1973bf6000-7f1973e66000 rwxp 00000000 00:00 0 
7f1973e66000-7f1974187000 ---p 00000000 00:00 0 
7f1974187000-7f19743f7000 rwxp 00000000 00:00 0 
7f19743f7000-7f197b6bf000 ---p 00000000 00:00 0 
7f197b6bf000-7f197b6cc000 r--p 00000000 b5:84fa2 162130525153158487      /home/mila/l/le.zhang/.conda/envs/ir/lib/libjava.so
7f197b6cc000-7f197b6da000 r-xp 0000d000 b5:84fa2 162130525153158487      /home/mila/l/le.zhang/.conda/envs/ir/lib/libjava.so
7f197b6da000-7f197b6df000 r--p 0001b000 b5:84fa2 162130525153158487      /home/mila/l/le.zhang/.conda/envs/ir/lib/libjava.so
7f197b6df000-7f197b6e0000 ---p 00020000 b5:84fa2 162130525153158487      /home/mila/l/le.zhang/.conda/envs/ir/lib/libjava.so
7f197b6e0000-7f197b6e1000 r--p 00020000 b5:84fa2 162130525153158487      /home/mila/l/le.zhang/.conda/envs/ir/lib/libjava.so
7f197b6e1000-7f197b6e2000 rw-p 00021000 b5:84fa2 162130525153158487      /home/mila/l/le.zhang/.conda/envs/ir/lib/libjava.so
7f197b6e2000-7f197b6e3000 rw-p 00000000 00:00 0 
7f197b6e3000-7f197b6e8000 rw-p 0002c000 b5:84fa2 162130525153158487      /home/mila/l/le.zhang/.conda/envs/ir/lib/libjava.so
7f197b6e8000-7f197bfbc000 r--s 00000000 fd:00 9454189                    /var/lib/sss/mc/passwd
7f197bfbc000-7f197bfbe000 r--p 00000000 fd:00 13670472                   /usr/lib/x86_64-linux-gnu/libnss_sss.so.2
7f197bfbe000-7f197bfc5000 r-xp 00002000 fd:00 13670472                   /usr/lib/x86_64-linux-gnu/libnss_sss.so.2
7f197bfc5000-7f197bfc7000 r--p 00009000 fd:00 13670472                   /usr/lib/x86_64-linux-gnu/libnss_sss.so.2
7f197bfc7000-7f197bfc8000 r--p 0000a000 fd:00 13670472                   /usr/lib/x86_64-linux-gnu/libnss_sss.so.2
7f197bfc8000-7f197bfc9000 rw-p 0000b000 fd:00 13670472                   /usr/lib/x86_64-linux-gnu/libnss_sss.so.2
7f197bfc9000-7f197bfca000 r-xp 0000b000 b5:84fa2 162130525153154687      /home/mila/l/le.zhang/.conda/envs/ir/lib/libffi.so.8.1.2
7f197bfca000-7f197bfcb000 rw-p 00000000 00:00 0 
7f197bfcb000-7f197bfcc000 r--p 00000000 b5:84fa2 162130525153156876      /home/mila/l/le.zhang/.conda/envs/ir/lib/python3.10/lib-dynload/_contextvars.cpython-310-x86_64-linux-gnu.so
7f197bfcc000-7f197bfcd000 r-xp 00001000 b5:84fa2 162130525153156876      /home/mila/l/le.zhang/.conda/envs/ir/lib/python3.10/lib-dynload/_contextvars.cpython-310-x86_64-linux-gnu.so
7f197bfcd000-7f197bfce000 r--p 00002000 b5:84fa2 162130525153156876      /home/mila/l/le.zhang/.conda/envs/ir/lib/python3.10/lib-dynload/_contextvars.cpython-310-x86_64-linux-gnu.so
7f197bfce000-7f197bfcf000 r--p 00002000 b5:84fa2 162130525153156876      /home/mila/l/le.zhang/.conda/envs/ir/lib/python3.10/lib-dynload/_contextvars.cpython-310-x86_64-linux-gnu.so
7f197bfcf000-7f197bfd0000 rw-p 00003000 b5:84fa2 162130525153156876      /home/mila/l/le.zhang/.conda/envs/ir/lib/python3.10/lib-dynload/_contextvars.cpython-310-x86_64-linux-gnu.so
7f197bfd0000-7f197bfd8000 rw-s 00000000 09:01 214761559                  /tmp/hsperfdata_le.zhang/1461453 (deleted)
7f197bfd8000-7f197fba1000 r--s 00000000 b5:84fa2 162130525153159217      /home/mila/l/le.zhang/.conda/envs/ir/lib/modules
7f197fba1000-7f197fba4000 r--p 00000000 b5:84fa2 162130525153158481      /home/mila/l/le.zhang/.conda/envs/ir/lib/libjimage.so
7f197fba4000-7f197fbb8000 r-xp 00003000 b5:84fa2 162130525153158481      /home/mila/l/le.zhang/.conda/envs/ir/lib/libjimage.so
7f197fbb8000-7f197fbbe000 r--p 00017000 b5:84fa2 162130525153158481      /home/mila/l/le.zhang/.conda/envs/ir/lib/libjimage.so
7f197fbbe000-7f197fbc0000 r--p 0001c000 b5:84fa2 162130525153158481      /home/mila/l/le.zhang/.conda/envs/ir/lib/libjimage.so
7f197fbc0000-7f197fbc1000 rw-p 0001e000 b5:84fa2 162130525153158481      /home/mila/l/le.zhang/.conda/envs/ir/lib/libjimage.so
7f197fbc1000-7f197fbc2000 rw-p 00025000 b5:84fa2 162130525153158481      /home/mila/l/le.zhang/.conda/envs/ir/lib/libjimage.so
7f197fbc2000-7f197fbc4000 r--p 00000000 b5:84fa2 162130525153156912      /home/mila/l/le.zhang/.conda/envs/ir/lib/python3.10/lib-dynload/binascii.cpython-310-x86_64-linux-gnu.so
7f197fbc4000-7f197fbc9000 r-xp 00002000 b5:84fa2 162130525153156912      /home/mila/l/le.zhang/.conda/envs/ir/lib/python3.10/lib-dynload/binascii.cpython-310-x86_64-linux-gnu.so
7f197fbc9000-7f197fbcb000 r--p 00007000 b5:84fa2 162130525153156912      /home/mila/l/le.zhang/.conda/envs/ir/lib/python3.10/lib-dynload/binascii.cpython-310-x86_64-linux-gnu.so
7f197fbcb000-7f197fbcc000 r--p 00009000 b5:84fa2 162130525153156912      /home/mila/l/le.zhang/.conda/envs/ir/lib/python3.10/lib-dynload/binascii.cpython-310-x86_64-linux-gnu.so
7f197fbcc000-7f197fbcd000 rw-p 0000a000 b5:84fa2 162130525153156912      /home/mila/l/le.zhang/.conda/envs/ir/lib/python3.10/lib-dynload/binascii.cpython-310-x86_64-linux-gnu.so
7f197fbcd000-7f197fccd000 rw-p 00000000 00:00 0 
7f197fccd000-7f197fccf000 r--p 00000000 b5:84fa2 162130525153156907      /home/mila/l/le.zhang/.conda/envs/ir/lib/python3.10/lib-dynload/_sha512.cpython-310-x86_64-linux-gnu.so
7f197fccf000-7f197fcd4000 r-xp 00002000 b5:84fa2 162130525153156907      /home/mila/l/le.zhang/.conda/envs/ir/lib/python3.10/lib-dynload/_sha512.cpython-310-x86_64-linux-gnu.so
7f197fcd4000-7f197fcd5000 r--p 00007000 b5:84fa2 162130525153156907      /home/mila/l/le.zhang/.conda/envs/ir/lib/python3.10/lib-dynload/_sha512.cpython-310-x86_64-linux-gnu.so
7f197fcd5000-7f197fcd6000 r--p 00007000 b5:84fa2 162130525153156907      /home/mila/l/le.zhang/.conda/envs/ir/lib/python3.10/lib-dynload/_sha512.cpython-310-x86_64-linux-gnu.so
7f197fcd6000-7f197fcd7000 rw-p 00008000 b5:84fa2 162130525153156907      /home/mila/l/le.zhang/.conda/envs/ir/lib/python3.10/lib-dynload/_sha512.cpython-310-x86_64-linux-gnu.so
7f197fcd7000-7f197fcd9000 r--p 00000000 b5:84fa2 162130525153156897      /home/mila/l/le.zhang/.conda/envs/ir/lib/python3.10/lib-dynload/_random.cpython-310-x86_64-linux-gnu.so
7f197fcd9000-7f197fcdb000 r-xp 00002000 b5:84fa2 162130525153156897      /home/mila/l/le.zhang/.conda/envs/ir/lib/python3.10/lib-dynload/_random.cpython-310-x86_64-linux-gnu.so
7f197fcdb000-7f197fcdc000 r--p 00004000 b5:84fa2 162130525153156897      /home/mila/l/le.zhang/.conda/envs/ir/lib/python3.10/lib-dynload/_random.cpython-310-x86_64-linux-gnu.so
7f197fcdc000-7f197fcdd000 r--p 00004000 b5:84fa2 162130525153156897      /home/mila/l/le.zhang/.conda/envs/ir/lib/python3.10/lib-dynload/_random.cpython-310-x86_64-linux-gnu.so
7f197fcdd000-7f197fcde000 rw-p 00005000 b5:84fa2 162130525153156897      /home/mila/l/le.zhang/.conda/envs/ir/lib/python3.10/lib-dynload/_random.cpython-310-x86_64-linux-gnu.so
7f197fcde000-7f197fce0000 r--p 00000000 b5:84fa2 162130525153156893      /home/mila/l/le.zhang/.conda/envs/ir/lib/python3.10/lib-dynload/_bisect.cpython-310-x86_64-linux-gnu.so
7f197fce0000-7f197fce2000 r-xp 00002000 b5:84fa2 162130525153156893      /home/mila/l/le.zhang/.conda/envs/ir/lib/python3.10/lib-dynload/_bisect.cpython-310-x86_64-linux-gnu.so
7f197fce2000-7f197fce3000 r--p 00004000 b5:84fa2 162130525153156893      /home/mila/l/le.zhang/.conda/envs/ir/lib/python3.10/lib-dynload/_bisect.cpython-310-x86_64-linux-gnu.so
7f197fce3000-7f197fce4000 r--p 00004000 b5:84fa2 162130525153156893      /home/mila/l/le.zhang/.conda/envs/ir/lib/python3.10/lib-dynload/_bisect.cpython-310-x86_64-linux-gnu.so
7f197fce4000-7f197fce5000 rw-p 00005000 b5:84fa2 162130525153156893      /home/mila/l/le.zhang/.conda/envs/ir/lib/python3.10/lib-dynload/_bisect.cpython-310-x86_64-linux-gnu.so
7f197fce5000-7f197ff88000 r--p 00000000 b5:84fa2 162130525153158515      /home/mila/l/le.zhang/.conda/envs/ir/lib/server/libjvm.so
7f197ff88000-7f1980df6000 r-xp 002a3000 b5:84fa2 162130525153158515      /home/mila/l/le.zhang/.conda/envs/ir/lib/server/libjvm.so
7f1980df6000-7f19810dc000 r--p 01111000 b5:84fa2 162130525153158515      /home/mila/l/le.zhang/.conda/envs/ir/lib/server/libjvm.so
7f19810dc000-7f19810dd000 ---p 013f7000 b5:84fa2 162130525153158515      /home/mila/l/le.zhang/.conda/envs/ir/lib/server/libjvm.so
7f19810dd000-7f19811b1000 r--p 013f7000 b5:84fa2 162130525153158515      /home/mila/l/le.zhang/.conda/envs/ir/lib/server/libjvm.so
7f19811b1000-7f19811e1000 rw-p 014cb000 b5:84fa2 162130525153158515      /home/mila/l/le.zhang/.conda/envs/ir/lib/server/libjvm.so
7f19811e1000-7f1981257000 rw-p 00000000 00:00 0 
7f1981257000-7f198125a000 rw-p 0196d000 b5:84fa2 162130525153158515      /home/mila/l/le.zhang/.conda/envs/ir/lib/server/libjvm.so
7f198125a000-7f198135a000 rw-p 00000000 00:00 0 
7f198135a000-7f1981361000 r--p 00000000 b5:84fa2 180144849708768155      /home/mila/l/le.zhang/.conda/envs/ir/lib/python3.10/site-packages/jnius/jnius.cpython-310-x86_64-linux-gnu.so
7f1981361000-7f19813ed000 r-xp 00007000 b5:84fa2 180144849708768155      /home/mila/l/le.zhang/.conda/envs/ir/lib/python3.10/site-packages/jnius/jnius.cpython-310-x86_64-linux-gnu.so
7f19813ed000-7f19813fc000 r--p 00093000 b5:84fa2 180144849708768155      /home/mila/l/le.zhang/.conda/envs/ir/lib/python3.10/site-packages/jnius/jnius.cpython-310-x86_64-linux-gnu.so
7f19813fc000-7f19813fd000 ---p 000a2000 b5:84fa2 180144849708768155      /home/mila/l/le.zhang/.conda/envs/ir/lib/python3.10/site-packages/jnius/jnius.cpython-310-x86_64-linux-gnu.so
7f19813fd000-7f19813fe000 r--p 000a2000 b5:84fa2 180144849708768155      /home/mila/l/le.zhang/.conda/envs/ir/lib/python3.10/site-packages/jnius/jnius.cpython-310-x86_64-linux-gnu.so
7f19813fe000-7f1981402000 rw-p 000a3000 b5:84fa2 180144849708768155      /home/mila/l/le.zhang/.conda/envs/ir/lib/python3.10/site-packages/jnius/jnius.cpython-310-x86_64-linux-gnu.so
7f1981402000-7f1981403000 rw-p 00000000 00:00 0 
7f1981403000-7f1981407000 r--p 00000000 b5:84fa2 162130525153154126      /home/mila/l/le.zhang/.conda/envs/ir/lib/liblzma.so.5.6.4
7f1981407000-7f1981425000 r-xp 00004000 b5:84fa2 162130525153154126      /home/mila/l/le.zhang/.conda/envs/ir/lib/liblzma.so.5.6.4
7f1981425000-7f1981431000 r--p 00022000 b5:84fa2 162130525153154126      /home/mila/l/le.zhang/.conda/envs/ir/lib/liblzma.so.5.6.4
7f1981431000-7f1981432000 r--p 0002e000 b5:84fa2 162130525153154126      /home/mila/l/le.zhang/.conda/envs/ir/lib/liblzma.so.5.6.4
7f1981432000-7f1981433000 rw-p 0002f000 b5:84fa2 162130525153154126      /home/mila/l/le.zhang/.conda/envs/ir/lib/liblzma.so.5.6.4
7f1981433000-7f1981436000 r--p 00000000 b5:84fa2 162130525153156916      /home/mila/l/le.zhang/.conda/envs/ir/lib/python3.10/lib-dynload/_lzma.cpython-310-x86_64-linux-gnu.so
7f1981436000-7f198143a000 r-xp 00003000 b5:84fa2 162130525153156916      /home/mila/l/le.zhang/.conda/envs/ir/lib/python3.10/lib-dynload/_lzma.cpython-310-x86_64-linux-gnu.so
7f198143a000-7f198143d000 r--p 00007000 b5:84fa2 162130525153156916      /home/mila/l/le.zhang/.conda/envs/ir/lib/python3.10/lib-dynload/_lzma.cpython-310-x86_64-linux-gnu.so
7f198143d000-7f198143e000 r--p 00009000 b5:84fa2 162130525153156916      /home/mila/l/le.zhang/.conda/envs/ir/lib/python3.10/lib-dynload/_lzma.cpython-310-x86_64-linux-gnu.so
7f198143e000-7f198143f000 rw-p 0000a000 b5:84fa2 162130525153156916      /home/mila/l/le.zhang/.conda/envs/ir/lib/python3.10/lib-dynload/_lzma.cpython-310-x86_64-linux-gnu.so
7f198143f000-7f1981441000 r--p 00000000 b5:84fa2 162129821231523136      /home/mila/l/le.zhang/.conda/envs/ir/lib/libbz2.so.1.0.8
7f1981441000-7f198144f000 r-xp 00002000 b5:84fa2 162129821231523136      /home/mila/l/le.zhang/.conda/envs/ir/lib/libbz2.so.1.0.8
7f198144f000-7f1981451000 r--p 00010000 b5:84fa2 162129821231523136      /home/mila/l/le.zhang/.conda/envs/ir/lib/libbz2.so.1.0.8
7f1981451000-7f1981452000 r--p 00011000 b5:84fa2 162129821231523136      /home/mila/l/le.zhang/.conda/envs/ir/lib/libbz2.so.1.0.8
7f1981452000-7f1981453000 rw-p 00012000 b5:84fa2 162129821231523136      /home/mila/l/le.zhang/.conda/envs/ir/lib/libbz2.so.1.0.8
7f1981453000-7f1981455000 r--p 00000000 b5:84fa2 162130525153156903      /home/mila/l/le.zhang/.conda/envs/ir/lib/python3.10/lib-dynload/_bz2.cpython-310-x86_64-linux-gnu.so
7f1981455000-7f1981457000 r-xp 00002000 b5:84fa2 162130525153156903      /home/mila/l/le.zhang/.conda/envs/ir/lib/python3.10/lib-dynload/_bz2.cpython-310-x86_64-linux-gnu.so
7f1981457000-7f1981459000 r--p 00004000 b5:84fa2 162130525153156903      /home/mila/l/le.zhang/.conda/envs/ir/lib/python3.10/lib-dynload/_bz2.cpython-310-x86_64-linux-gnu.so
7f1981459000-7f198145a000 r--p 00005000 b5:84fa2 162130525153156903      /home/mila/l/le.zhang/.conda/envs/ir/lib/python3.10/lib-dynload/_bz2.cpython-310-x86_64-linux-gnu.so
7f198145a000-7f198145b000 rw-p 00006000 b5:84fa2 162130525153156903      /home/mila/l/le.zhang/.conda/envs/ir/lib/python3.10/lib-dynload/_bz2.cpython-310-x86_64-linux-gnu.so
7f198145b000-7f198145e000 r--p 00000000 b5:84fa2 162130525153158311      /home/mila/l/le.zhang/.conda/envs/ir/lib/libz.so.1.2.13
7f198145e000-7f1981470000 r-xp 00003000 b5:84fa2 162130525153158311      /home/mila/l/le.zhang/.conda/envs/ir/lib/libz.so.1.2.13
7f1981470000-7f1981477000 r--p 00015000 b5:84fa2 162130525153158311      /home/mila/l/le.zhang/.conda/envs/ir/lib/libz.so.1.2.13
7f1981477000-7f1981478000 r--p 0001b000 b5:84fa2 162130525153158311      /home/mila/l/le.zhang/.conda/envs/ir/lib/libz.so.1.2.13
7f1981478000-7f1981479000 rw-p 0001c000 b5:84fa2 162130525153158311      /home/mila/l/le.zhang/.conda/envs/ir/lib/libz.so.1.2.13
7f1981479000-7f198147c000 r--p 00000000 b5:84fa2 162130525153156913      /home/mila/l/le.zhang/.conda/envs/ir/lib/python3.10/lib-dynload/zlib.cpython-310-x86_64-linux-gnu.so
7f198147c000-7f1981480000 r-xp 00003000 b5:84fa2 162130525153156913      /home/mila/l/le.zhang/.conda/envs/ir/lib/python3.10/lib-dynload/zlib.cpython-310-x86_64-linux-gnu.so
7f1981480000-7f1981483000 r--p 00007000 b5:84fa2 162130525153156913      /home/mila/l/le.zhang/.conda/envs/ir/lib/python3.10/lib-dynload/zlib.cpython-310-x86_64-linux-gnu.so
7f1981483000-7f1981484000 r--p 00009000 b5:84fa2 162130525153156913      /home/mila/l/le.zhang/.conda/envs/ir/lib/python3.10/lib-dynload/zlib.cpython-310-x86_64-linux-gnu.so
7f1981484000-7f1981485000 rw-p 0000a000 b5:84fa2 162130525153156913      /home/mila/l/le.zhang/.conda/envs/ir/lib/python3.10/lib-dynload/zlib.cpython-310-x86_64-linux-gnu.so
7f1981485000-7f1981488000 r--p 00000000 b5:84fa2 162130525153156947      /home/mila/l/le.zhang/.conda/envs/ir/lib/python3.10/lib-dynload/unicodedata.cpython-310-x86_64-linux-gnu.so
7f1981488000-7f198148c000 r-xp 00003000 b5:84fa2 162130525153156947      /home/mila/l/le.zhang/.conda/envs/ir/lib/python3.10/lib-dynload/unicodedata.cpython-310-x86_64-linux-gnu.so
7f198148c000-7f1981594000 r--p 00007000 b5:84fa2 162130525153156947      /home/mila/l/le.zhang/.conda/envs/ir/lib/python3.10/lib-dynload/unicodedata.cpython-310-x86_64-linux-gnu.so
7f1981594000-7f1981595000 r--p 0010f000 b5:84fa2 162130525153156947      /home/mila/l/le.zhang/.conda/envs/ir/lib/python3.10/lib-dynload/unicodedata.cpython-310-x86_64-linux-gnu.so
7f1981595000-7f1981596000 rw-p 00110000 b5:84fa2 162130525153156947      /home/mila/l/le.zhang/.conda/envs/ir/lib/python3.10/lib-dynload/unicodedata.cpython-310-x86_64-linux-gnu.so
7f1981596000-7f1981597000 r--p 00000000 b5:84fa2 162130525153156877      /home/mila/l/le.zhang/.conda/envs/ir/lib/python3.10/lib-dynload/_opcode.cpython-310-x86_64-linux-gnu.so
7f1981597000-7f1981598000 r-xp 00001000 b5:84fa2 162130525153156877      /home/mila/l/le.zhang/.conda/envs/ir/lib/python3.10/lib-dynload/_opcode.cpython-310-x86_64-linux-gnu.so
7f1981598000-7f1981599000 r--p 00002000 b5:84fa2 162130525153156877      /home/mila/l/le.zhang/.conda/envs/ir/lib/python3.10/lib-dynload/_opcode.cpython-310-x86_64-linux-gnu.so
7f1981599000-7f198159a000 r--p 00002000 b5:84fa2 162130525153156877      /home/mila/l/le.zhang/.conda/envs/ir/lib/python3.10/lib-dynload/_opcode.cpython-310-x86_64-linux-gnu.so
7f198159a000-7f198159b000 rw-p 00003000 b5:84fa2 162130525153156877      /home/mila/l/le.zhang/.conda/envs/ir/lib/python3.10/lib-dynload/_opcode.cpython-310-x86_64-linux-gnu.so
7f198159b000-7f19815a0000 r--p 00000000 b5:84fa2 162130525153156945      /home/mila/l/le.zhang/.conda/envs/ir/lib/python3.10/lib-dynload/_datetime.cpython-310-x86_64-linux-gnu.so
7f19815a0000-7f19815b1000 r-xp 00005000 b5:84fa2 162130525153156945      /home/mila/l/le.zhang/.conda/envs/ir/lib/python3.10/lib-dynload/_datetime.cpython-310-x86_64-linux-gnu.so
7f19815b1000-7f19815b7000 r--p 00016000 b5:84fa2 162130525153156945      /home/mila/l/le.zhang/.conda/envs/ir/lib/python3.10/lib-dynload/_datetime.cpython-310-x86_64-linux-gnu.so
7f19815b7000-7f19815b8000 r--p 0001b000 b5:84fa2 162130525153156945      /home/mila/l/le.zhang/.conda/envs/ir/lib/python3.10/lib-dynload/_datetime.cpython-310-x86_64-linux-gnu.so
7f19815b8000-7f19815ba000 rw-p 0001c000 b5:84fa2 162130525153156945      /home/mila/l/le.zhang/.conda/envs/ir/lib/python3.10/lib-dynload/_datetime.cpython-310-x86_64-linux-gnu.so
7f19815ba000-7f19816ba000 rw-p 00000000 00:00 0 
7f19816ba000-7f19816bb000 r--p 00000000 fd:00 13632705                   /usr/lib/x86_64-linux-gnu/librt.so.1
7f19816bb000-7f19816bc000 r-xp 00001000 fd:00 13632705                   /usr/lib/x86_64-linux-gnu/librt.so.1
7f19816bc000-7f19816bd000 r--p 00002000 fd:00 13632705                   /usr/lib/x86_64-linux-gnu/librt.so.1
7f19816bd000-7f19816be000 r--p 00002000 fd:00 13632705                   /usr/lib/x86_64-linux-gnu/librt.so.1
7f19816be000-7f19816bf000 rw-p 00003000 fd:00 13632705                   /usr/lib/x86_64-linux-gnu/librt.so.1
7f19816bf000-7f19816c0000 ---p 00000000 00:00 0 
7f19816c0000-7f19816c1000 r--p 00000000 00:00 0 
7f19816c1000-7f19816c4000 r--p 00000000 b5:84fa2 162130525153156919      /home/mila/l/le.zhang/.conda/envs/ir/lib/python3.10/lib-dynload/_json.cpython-310-x86_64-linux-gnu.so
7f19816c4000-7f19816ca000 r-xp 00003000 b5:84fa2 162130525153156919      /home/mila/l/le.zhang/.conda/envs/ir/lib/python3.10/lib-dynload/_json.cpython-310-x86_64-linux-gnu.so
7f19816ca000-7f19816cc000 r--p 00009000 b5:84fa2 162130525153156919      /home/mila/l/le.zhang/.conda/envs/ir/lib/python3.10/lib-dynload/_json.cpython-310-x86_64-linux-gnu.so
7f19816cc000-7f19816cd000 r--p 0000a000 b5:84fa2 162130525153156919      /home/mila/l/le.zhang/.conda/envs/ir/lib/python3.10/lib-dynload/_json.cpython-310-x86_64-linux-gnu.so
7f19816cd000-7f19816ce000 rw-p 0000b000 b5:84fa2 162130525153156919      /home/mila/l/le.zhang/.conda/envs/ir/lib/python3.10/lib-dynload/_json.cpython-310-x86_64-linux-gnu.so
7f19816ce000-7f19816cf000 r--p 00000000 b5:84fa2 162130525153156880      /home/mila/l/le.zhang/.conda/envs/ir/lib/python3.10/lib-dynload/_posixshmem.cpython-310-x86_64-linux-gnu.so
7f19816cf000-7f19816d0000 r-xp 00001000 b5:84fa2 162130525153156880      /home/mila/l/le.zhang/.conda/envs/ir/lib/python3.10/lib-dynload/_posixshmem.cpython-310-x86_64-linux-gnu.so
7f19816d0000-7f19816d1000 r--p 00002000 b5:84fa2 162130525153156880      /home/mila/l/le.zhang/.conda/envs/ir/lib/python3.10/lib-dynload/_posixshmem.cpython-310-x86_64-linux-gnu.so
7f19816d1000-7f19816d2000 r--p 00002000 b5:84fa2 162130525153156880      /home/mila/l/le.zhang/.conda/envs/ir/lib/python3.10/lib-dynload/_posixshmem.cpython-310-x86_64-linux-gnu.so
7f19816d2000-7f19816d3000 rw-p 00003000 b5:84fa2 162130525153156880      /home/mila/l/le.zhang/.conda/envs/ir/lib/python3.10/lib-dynload/_posixshmem.cpython-310-x86_64-linux-gnu.so
7f19816d3000-7f19816d5000 r--p 00000000 b5:84fa2 162130525153156894      /home/mila/l/le.zhang/.conda/envs/ir/lib/python3.10/lib-dynload/_multiprocessing.cpython-310-x86_64-linux-gnu.so
7f19816d5000-7f19816d6000 r-xp 00002000 b5:84fa2 162130525153156894      /home/mila/l/le.zhang/.conda/envs/ir/lib/python3.10/lib-dynload/_multiprocessing.cpython-310-x86_64-linux-gnu.so
7f19816d6000-7f19816d7000 r--p 00003000 b5:84fa2 162130525153156894      /home/mila/l/le.zhang/.conda/envs/ir/lib/python3.10/lib-dynload/_multiprocessing.cpython-310-x86_64-linux-gnu.so
7f19816d7000-7f19816d8000 r--p 00003000 b5:84fa2 162130525153156894      /home/mila/l/le.zhang/.conda/envs/ir/lib/python3.10/lib-dynload/_multiprocessing.cpython-310-x86_64-linux-gnu.so
7f19816d8000-7f19816d9000 rw-p 00004000 b5:84fa2 162130525153156894      /home/mila/l/le.zhang/.conda/envs/ir/lib/python3.10/lib-dynload/_multiprocessing.cpython-310-x86_64-linux-gnu.so
7f19816d9000-7f19816db000 r--p 00000000 b5:84fa2 162130525153156898      /home/mila/l/le.zhang/.conda/envs/ir/lib/python3.10/lib-dynload/_posixsubprocess.cpython-310-x86_64-linux-gnu.so
7f19816db000-7f19816dd000 r-xp 00002000 b5:84fa2 162130525153156898      /home/mila/l/le.zhang/.conda/envs/ir/lib/python3.10/lib-dynload/_posixsubprocess.cpython-310-x86_64-linux-gnu.so
7f19816dd000-7f19816de000 r--p 00004000 b5:84fa2 162130525153156898      /home/mila/l/le.zhang/.conda/envs/ir/lib/python3.10/lib-dynload/_posixsubprocess.cpython-310-x86_64-linux-gnu.so
7f19816de000-7f19816df000 r--p 00004000 b5:84fa2 162130525153156898      /home/mila/l/le.zhang/.conda/envs/ir/lib/python3.10/lib-dynload/_posixsubprocess.cpython-310-x86_64-linux-gnu.so
7f19816df000-7f19816e0000 rw-p 00005000 b5:84fa2 162130525153156898      /home/mila/l/le.zhang/.conda/envs/ir/lib/python3.10/lib-dynload/_posixsubprocess.cpython-310-x86_64-linux-gnu.so
7f19816e0000-7f19817e0000 rw-p 00000000 00:00 0 
7f19817e0000-7f19817e4000 r--p 00000000 b5:84fa2 162130525153156931      /home/mila/l/le.zhang/.conda/envs/ir/lib/python3.10/lib-dynload/array.cpython-310-x86_64-linux-gnu.so
7f19817e4000-7f19817eb000 r-xp 00004000 b5:84fa2 162130525153156931      /home/mila/l/le.zhang/.conda/envs/ir/lib/python3.10/lib-dynload/array.cpython-310-x86_64-linux-gnu.so
7f19817eb000-7f19817ef000 r--p 0000b000 b5:84fa2 162130525153156931      /home/mila/l/le.zhang/.conda/envs/ir/lib/python3.10/lib-dynload/array.cpython-310-x86_64-linux-gnu.so
7f19817ef000-7f19817f0000 r--p 0000f000 b5:84fa2 162130525153156931      /home/mila/l/le.zhang/.conda/envs/ir/lib/python3.10/lib-dynload/array.cpython-310-x86_64-linux-gnu.so
7f19817f0000-7f19817f1000 rw-p 00010000 b5:84fa2 162130525153156931      /home/mila/l/le.zhang/.conda/envs/ir/lib/python3.10/lib-dynload/array.cpython-310-x86_64-linux-gnu.so
7f19817f1000-7f19817f4000 r--p 00000000 b5:84fa2 162130525153156911      /home/mila/l/le.zhang/.conda/envs/ir/lib/python3.10/lib-dynload/select.cpython-310-x86_64-linux-gnu.so
7f19817f4000-7f19817f7000 r-xp 00003000 b5:84fa2 162130525153156911      /home/mila/l/le.zhang/.conda/envs/ir/lib/python3.10/lib-dynload/select.cpython-310-x86_64-linux-gnu.so
7f19817f7000-7f19817f9000 r--p 00006000 b5:84fa2 162130525153156911      /home/mila/l/le.zhang/.conda/envs/ir/lib/python3.10/lib-dynload/select.cpython-310-x86_64-linux-gnu.so
7f19817f9000-7f19817fa000 r--p 00008000 b5:84fa2 162130525153156911      /home/mila/l/le.zhang/.conda/envs/ir/lib/python3.10/lib-dynload/select.cpython-310-x86_64-linux-gnu.so
7f19817fa000-7f19817fb000 rw-p 00009000 b5:84fa2 162130525153156911      /home/mila/l/le.zhang/.conda/envs/ir/lib/python3.10/lib-dynload/select.cpython-310-x86_64-linux-gnu.so
7f19817fb000-7f19817ff000 r--p 00000000 b5:84fa2 162130525153156934      /home/mila/l/le.zhang/.conda/envs/ir/lib/python3.10/lib-dynload/math.cpython-310-x86_64-linux-gnu.so
7f19817ff000-7f1981807000 r-xp 00004000 b5:84fa2 162130525153156934      /home/mila/l/le.zhang/.conda/envs/ir/lib/python3.10/lib-dynload/math.cpython-310-x86_64-linux-gnu.so
7f1981807000-7f198180b000 r--p 0000c000 b5:84fa2 162130525153156934      /home/mila/l/le.zhang/.conda/envs/ir/lib/python3.10/lib-dynload/math.cpython-310-x86_64-linux-gnu.so
7f198180b000-7f198180c000 r--p 00010000 b5:84fa2 162130525153156934      /home/mila/l/le.zhang/.conda/envs/ir/lib/python3.10/lib-dynload/math.cpython-310-x86_64-linux-gnu.so
7f198180c000-7f198180d000 rw-p 00011000 b5:84fa2 162130525153156934      /home/mila/l/le.zhang/.conda/envs/ir/lib/python3.10/lib-dynload/math.cpython-310-x86_64-linux-gnu.so
7f198180d000-7f1981812000 r--p 00000000 b5:84fa2 162130525153156935      /home/mila/l/le.zhang/.conda/envs/ir/lib/python3.10/lib-dynload/_socket.cpython-310-x86_64-linux-gnu.so
7f1981812000-7f198181b000 r-xp 00005000 b5:84fa2 162130525153156935      /home/mila/l/le.zhang/.conda/envs/ir/lib/python3.10/lib-dynload/_socket.cpython-310-x86_64-linux-gnu.so
7f198181b000-7f1981823000 r--p 0000e000 b5:84fa2 162130525153156935      /home/mila/l/le.zhang/.conda/envs/ir/lib/python3.10/lib-dynload/_socket.cpython-310-x86_64-linux-gnu.so
7f1981823000-7f1981824000 r--p 00016000 b5:84fa2 162130525153156935      /home/mila/l/le.zhang/.conda/envs/ir/lib/python3.10/lib-dynload/_socket.cpython-310-x86_64-linux-gnu.so
7f1981824000-7f1981825000 rw-p 00017000 b5:84fa2 162130525153156935      /home/mila/l/le.zhang/.conda/envs/ir/lib/python3.10/lib-dynload/_socket.cpython-310-x86_64-linux-gnu.so
7f1981825000-7f198182a000 r--p 00000000 b5:84fa2 162130525153156943      /home/mila/l/le.zhang/.conda/envs/ir/lib/python3.10/lib-dynload/_pickle.cpython-310-x86_64-linux-gnu.so
7f198182a000-7f198183c000 r-xp 00005000 b5:84fa2 162130525153156943      /home/mila/l/le.zhang/.conda/envs/ir/lib/python3.10/lib-dynload/_pickle.cpython-310-x86_64-linux-gnu.so
7f198183c000-7f1981842000 r--p 00017000 b5:84fa2 162130525153156943      /home/mila/l/le.zhang/.conda/envs/ir/lib/python3.10/lib-dynload/_pickle.cpython-310-x86_64-linux-gnu.so
7f1981842000-7f1981843000 r--p 0001d000 b5:84fa2 162130525153156943      /home/mila/l/le.zhang/.conda/envs/ir/lib/python3.10/lib-dynload/_pickle.cpython-310-x86_64-linux-gnu.so
7f1981843000-7f1981845000 rw-p 0001e000 b5:84fa2 162130525153156943      /home/mila/l/le.zhang/.conda/envs/ir/lib/python3.10/lib-dynload/_pickle.cpython-310-x86_64-linux-gnu.so
7f1981845000-7f1981849000 r--p 00000000 b5:84fa2 162130525153156929      /home/mila/l/le.zhang/.conda/envs/ir/lib/python3.10/lib-dynload/_struct.cpython-310-x86_64-linux-gnu.so
7f1981849000-7f198184e000 r-xp 00004000 b5:84fa2 162130525153156929      /home/mila/l/le.zhang/.conda/envs/ir/lib/python3.10/lib-dynload/_struct.cpython-310-x86_64-linux-gnu.so
7f198184e000-7f1981852000 r--p 00009000 b5:84fa2 162130525153156929      /home/mila/l/le.zhang/.conda/envs/ir/lib/python3.10/lib-dynload/_struct.cpython-310-x86_64-linux-gnu.so
7f1981852000-7f1981853000 r--p 0000c000 b5:84fa2 162130525153156929      /home/mila/l/le.zhang/.conda/envs/ir/lib/python3.10/lib-dynload/_struct.cpython-310-x86_64-linux-gnu.so
7f1981853000-7f1981854000 rw-p 0000d000 b5:84fa2 162130525153156929      /home/mila/l/le.zhang/.conda/envs/ir/lib/python3.10/lib-dynload/_struct.cpython-310-x86_64-linux-gnu.so
7f1981854000-7f1981b54000 rw-p 00000000 00:00 0 
7f1981b54000-7f1981e3d000 r--p 00000000 fd:00 13632408                   /usr/lib/locale/locale-archive
7f1981e3d000-7f1981e42000 rw-p 00000000 00:00 0 
7f1981e42000-7f1981e6a000 r--p 00000000 fd:00 13632444                   /usr/lib/x86_64-linux-gnu/libc.so.6
7f1981e6a000-7f1981fff000 r-xp 00028000 fd:00 13632444                   /usr/lib/x86_64-linux-gnu/libc.so.6
7f1981fff000-7f1982057000 r--p 001bd000 fd:00 13632444                   /usr/lib/x86_64-linux-gnu/libc.so.6
7f1982057000-7f1982058000 ---p 00215000 fd:00 13632444                   /usr/lib/x86_64-linux-gnu/libc.so.6
7f1982058000-7f198205c000 r--p 00215000 fd:00 13632444                   /usr/lib/x86_64-linux-gnu/libc.so.6
7f198205c000-7f198205e000 rw-p 00219000 fd:00 13632444                   /usr/lib/x86_64-linux-gnu/libc.so.6
7f198205e000-7f198206b000 rw-p 00000000 00:00 0 
7f198206b000-7f1982079000 r--p 00000000 fd:00 13632468                   /usr/lib/x86_64-linux-gnu/libm.so.6
7f1982079000-7f19820f5000 r-xp 0000e000 fd:00 13632468                   /usr/lib/x86_64-linux-gnu/libm.so.6
7f19820f5000-7f1982150000 r--p 0008a000 fd:00 13632468                   /usr/lib/x86_64-linux-gnu/libm.so.6
7f1982150000-7f1982151000 r--p 000e4000 fd:00 13632468                   /usr/lib/x86_64-linux-gnu/libm.so.6
7f1982151000-7f1982152000 rw-p 000e5000 fd:00 13632468                   /usr/lib/x86_64-linux-gnu/libm.so.6
7f1982152000-7f1982153000 r--p 00000000 fd:00 13633030                   /usr/lib/x86_64-linux-gnu/libutil.so.1
7f1982153000-7f1982154000 r-xp 00001000 fd:00 13633030                   /usr/lib/x86_64-linux-gnu/libutil.so.1
7f1982154000-7f1982155000 r--p 00002000 fd:00 13633030                   /usr/lib/x86_64-linux-gnu/libutil.so.1
7f1982155000-7f1982156000 r--p 00002000 fd:00 13633030                   /usr/lib/x86_64-linux-gnu/libutil.so.1
7f1982156000-7f1982157000 rw-p 00003000 fd:00 13633030                   /usr/lib/x86_64-linux-gnu/libutil.so.1
7f1982157000-7f1982158000 r--p 00000000 fd:00 13632461                   /usr/lib/x86_64-linux-gnu/libdl.so.2
7f1982158000-7f1982159000 r-xp 00001000 fd:00 13632461                   /usr/lib/x86_64-linux-gnu/libdl.so.2
7f1982159000-7f198215a000 r--p 00002000 fd:00 13632461                   /usr/lib/x86_64-linux-gnu/libdl.so.2
7f198215a000-7f198215b000 r--p 00002000 fd:00 13632461                   /usr/lib/x86_64-linux-gnu/libdl.so.2
7f198215b000-7f198215c000 rw-p 00003000 fd:00 13632461                   /usr/lib/x86_64-linux-gnu/libdl.so.2
7f198215c000-7f198215d000 r--p 00000000 fd:00 13632680                   /usr/lib/x86_64-linux-gnu/libpthread.so.0
7f198215d000-7f198215e000 r-xp 00001000 fd:00 13632680                   /usr/lib/x86_64-linux-gnu/libpthread.so.0
7f198215e000-7f198215f000 r--p 00002000 fd:00 13632680                   /usr/lib/x86_64-linux-gnu/libpthread.so.0
7f198215f000-7f1982160000 r--p 00002000 fd:00 13632680                   /usr/lib/x86_64-linux-gnu/libpthread.so.0
7f1982160000-7f1982161000 rw-p 00003000 fd:00 13632680                   /usr/lib/x86_64-linux-gnu/libpthread.so.0
7f1982161000-7f1982163000 r--p 00000000 b5:84fa2 162130525153156888      /home/mila/l/le.zhang/.conda/envs/ir/lib/python3.10/lib-dynload/fcntl.cpython-310-x86_64-linux-gnu.so
7f1982163000-7f1982165000 r-xp 00002000 b5:84fa2 162130525153156888      /home/mila/l/le.zhang/.conda/envs/ir/lib/python3.10/lib-dynload/fcntl.cpython-310-x86_64-linux-gnu.so
7f1982165000-7f1982167000 r--p 00004000 b5:84fa2 162130525153156888      /home/mila/l/le.zhang/.conda/envs/ir/lib/python3.10/lib-dynload/fcntl.cpython-310-x86_64-linux-gnu.so
7f1982167000-7f1982168000 r--p 00005000 b5:84fa2 162130525153156888      /home/mila/l/le.zhang/.conda/envs/ir/lib/python3.10/lib-dynload/fcntl.cpython-310-x86_64-linux-gnu.so
7f1982168000-7f1982169000 rw-p 00006000 b5:84fa2 162130525153156888      /home/mila/l/le.zhang/.conda/envs/ir/lib/python3.10/lib-dynload/fcntl.cpython-310-x86_64-linux-gnu.so
7f1982169000-7f1982170000 r--s 00000000 fd:00 13634629                   /usr/lib/x86_64-linux-gnu/gconv/gconv-modules.cache
7f1982170000-7f1982172000 rw-p 00000000 00:00 0 
7f1982172000-7f1982174000 r--p 00000000 fd:00 13632257                   /usr/lib/x86_64-linux-gnu/ld-linux-x86-64.so.2
7f1982174000-7f198219e000 r-xp 00002000 fd:00 13632257                   /usr/lib/x86_64-linux-gnu/ld-linux-x86-64.so.2
7f198219e000-7f19821a9000 r--p 0002c000 fd:00 13632257                   /usr/lib/x86_64-linux-gnu/ld-linux-x86-64.so.2
7f19821a9000-7f19821aa000 ---p 00000000 00:00 0 
7f19821aa000-7f19821ac000 r--p 00037000 fd:00 13632257                   /usr/lib/x86_64-linux-gnu/ld-linux-x86-64.so.2
7f19821ac000-7f19821ae000 rw-p 00039000 fd:00 13632257                   /usr/lib/x86_64-linux-gnu/ld-linux-x86-64.so.2
7ffc05bcb000-7ffc05bcf000 ---p 00000000 00:00 0 
7ffc05bcf000-7ffc05ccb000 rw-p 00000000 00:00 0                          [stack]
7ffc05d84000-7ffc05d88000 r--p 00000000 00:00 0                          [vvar]
7ffc05d88000-7ffc05d8a000 r-xp 00000000 00:00 0                          [vdso]
ffffffffff600000-ffffffffff601000 --xp 00000000 00:00 0                  [vsyscall]
Total number of mappings: 2581


VM Arguments:
jvm_args: --add-modules=jdk.incubator.vector 
java_command: <unknown>
java_class_path (initial): /home/mila/l/le.zhang/.conda/envs/ir/lib/python3.10/site-packages/pyserini/resources/jars/anserini-0.39.0-fatjar.jar:/home/mila/l/le.zhang/.conda/envs/ir/lib/python3.10/site-packages/jnius/src
Launcher Type: generic

[Global flags]
     intx CICompilerCount                          = 3                                         {product} {ergonomic}
     uint ConcGCThreads                            = 1                                         {product} {ergonomic}
     uint G1ConcRefinementThreads                  = 4                                         {product} {ergonomic}
   size_t G1HeapRegionSize                         = 16777216                                  {product} {ergonomic}
    uintx GCDrainStackTargetSize                   = 64                                        {product} {ergonomic}
   size_t InitialHeapSize                          = 2147483648                                {product} {ergonomic}
   size_t MarkStackSize                            = 4194304                                   {product} {ergonomic}
   size_t MaxHeapSize                              = 31675383808                               {product} {ergonomic}
   size_t MaxNewSize                               = 18991808512                               {product} {ergonomic}
   size_t MinHeapDeltaBytes                        = 16777216                                  {product} {ergonomic}
   size_t MinHeapSize                              = 16777216                                  {product} {ergonomic}
    uintx NonNMethodCodeHeapSize                   = 5832780                                {pd product} {ergonomic}
    uintx NonProfiledCodeHeapSize                  = 122912730                              {pd product} {ergonomic}
    uintx ProfiledCodeHeapSize                     = 122912730                              {pd product} {ergonomic}
    uintx ReservedCodeCacheSize                    = 251658240                              {pd product} {ergonomic}
     bool SegmentedCodeCache                       = true                                      {product} {ergonomic}
   size_t SoftMaxHeapSize                          = 31675383808                            {manageable} {ergonomic}
     bool UseCompressedOops                        = true                           {product lp64_product} {ergonomic}
     bool UseG1GC                                  = true                                      {product} {ergonomic}

Logging:
Log output configuration:
 #0: 
[error occurred during error reporting (printing log configuration), id 0xb, SIGSEGV (0xb) at pc=0x00007f198087ca99]
Environment Variables:
JAVA_HOME=/home/mila/l/le.zhang/.conda/envs/ir
PATH=/home/mila/l/le.zhang/.conda/envs/ir/bin:/cvmfs/ai.mila.quebec/apps/arch/common/cuda/12.6.0/bin:/cvmfs/ai.mila.quebec/apps/arch/distro/OpenSSL/1.1/bin:/cvmfs/ai.mila.quebec/apps/arch/distro/miniconda/3/bin:/home/mila/l/le.zhang/.cursor-server/cli/servers/Stable-316e524257c2ea23b755332b0a72c50cf23e1b00/server/bin/remote-cli:/network/scratch/l/le.zhang/google-cloud-sdk/bin:/cvmfs/ai.mila.quebec/apps/x86_64/debian/miniconda/3/condabin:/cvmfs/config.mila.quebec/bin/local:/cvmfs/config.mila.quebec/bin:/opt/slurm/bin:/usr/local/sbin:/usr/local/bin:/usr/sbin:/usr/bin:/sbin:/bin:/usr/games:/usr/local/games
LD_LIBRARY_PATH=/cvmfs/ai.mila.quebec/apps/arch/common/cuda/12.6.0/lib64:/cvmfs/ai.mila.quebec/apps/arch/distro/OpenSSL/1.1/lib:/cvmfs/ai.mila.quebec/apps/arch/distro/libreadline/7.0/lib:/cvmfs/ai.mila.quebec/apps/arch/distro/libffi/3.2.1/lib
SHELL=/bin/bash
LANG=en_US.UTF-8
TERM=xterm-256color

Active Locale:
LC_ALL=en_US.UTF-8
LC_COLLATE=en_US.UTF-8
LC_CTYPE=en_US.UTF-8
LC_MESSAGES=en_US.UTF-8
LC_MONETARY=en_US.UTF-8
LC_NUMERIC=en_US.UTF-8
LC_TIME=en_US.UTF-8

Signal Handlers:
   SIGSEGV: crash_handler in libjvm.so, mask=11100100010111111101111111111110, flags=SA_RESTART|SA_SIGINFO, unblocked
    SIGBUS: crash_handler in libjvm.so, mask=11100100010111111101111111111110, flags=SA_RESTART|SA_SIGINFO, unblocked
    SIGFPE: crash_handler in libjvm.so, mask=11100100010111111101111111111110, flags=SA_RESTART|SA_SIGINFO, unblocked
   SIGPIPE: javaSignalHandler in libjvm.so, mask=11100100010111111101111111111110, flags=SA_RESTART|SA_SIGINFO, blocked
   SIGXFSZ: javaSignalHandler in libjvm.so, mask=11100100010111111101111111111110, flags=SA_RESTART|SA_SIGINFO, blocked
    SIGILL: crash_handler in libjvm.so, mask=11100100010111111101111111111110, flags=SA_RESTART|SA_SIGINFO, unblocked
   SIGUSR2: SR_handler in libjvm.so, mask=00100000000000000000000000000000, flags=SA_RESTART|SA_SIGINFO, blocked
    SIGHUP: UserHandler in libjvm.so, mask=11100100010111111101111111111110, flags=SA_RESTART|SA_SIGINFO, blocked
    SIGINT: 0x0000000000495ecd in python+614093, mask=00000000000000000000000000000000, flags=SA_ONSTACK, blocked
   SIGTERM: 0x0000000000495ecd in python+614093, mask=00000000000000000000000000000000, flags=SA_ONSTACK, blocked
   SIGQUIT: UserHandler in libjvm.so, mask=11100100010111111101111111111110, flags=SA_RESTART|SA_SIGINFO, blocked
   SIGTRAP: crash_handler in libjvm.so, mask=11100100010111111101111111111110, flags=SA_RESTART|SA_SIGINFO, unblocked


Periodic native trim disabled

JNI global refs:
JNI global refs: 727, weak refs: 0

JNI global refs memory usage: 11163, weak refs: 225

Process memory usage:
Resident Set Size: 1849844K (0% of 1050919508K total physical memory with 989549060K free physical memory)

OOME stack traces (most recent first):
Classloader memory used:
Loader jdk.internal.loader.ClassLoaders$AppClassLoader                                 : 8713K
Loader bootstrap                                                                       : 7156K
Loader jdk.internal.loader.ClassLoaders$PlatformClassLoader                            : 17144B

---------------  S Y S T E M  ---------------

OS:
DISTRIB_ID=Ubuntu
DISTRIB_RELEASE=22.04
DISTRIB_CODENAME=jammy
DISTRIB_DESCRIPTION="Ubuntu 22.04.3 LTS"
uname: Linux 5.15.0-101-generic #111-Ubuntu SMP Tue Mar 5 20:16:58 UTC 2024 x86_64
OS uptime: 197 days 6:20 hours
libc: glibc 2.35 NPTL 2.35 
rlimit (soft/hard): STACK 8192k/infinity , CORE 0k/infinity , NPROC 4104703/4104703 , NOFILE 1048576/1048576 , AS infinity/infinity , CPU infinity/infinity , DATA infinity/infinity , FSIZE infinity/infinity , MEMLOCK infinity/infinity
load average: 6.23 6.16 6.05

/proc/meminfo:
MemTotal:       1050919508 kB
MemFree:        498285744 kB
MemAvailable:   989624660 kB
Buffers:         7209248 kB
Cached:         464527524 kB
SwapCached:            0 kB
Active:         357011068 kB
Inactive:       150049508 kB
Active(anon):       4104 kB
Inactive(anon): 35415260 kB
Active(file):   357006964 kB
Inactive(file): 114634248 kB
Unevictable:       30872 kB
Mlocked:           27800 kB
SwapTotal:             0 kB
SwapFree:              0 kB
Dirty:               184 kB
Writeback:             0 kB
AnonPages:      35328696 kB
Mapped:          2005428 kB
Shmem:             86000 kB
KReclaimable:   25366124 kB
Slab:           39438612 kB
SReclaimable:   25366124 kB
SUnreclaim:     14072488 kB
KernelStack:       30864 kB
PageTables:       130260 kB
NFS_Unstable:          0 kB
Bounce:                0 kB
WritebackTmp:          0 kB
CommitLimit:    525459752 kB
Committed_AS:   49338448 kB
VmallocTotal:   34359738367 kB
VmallocUsed:     1330236 kB
VmallocChunk:          0 kB
Percpu:          1156096 kB
HardwareCorrupted:     0 kB
AnonHugePages:    847872 kB
ShmemHugePages:        0 kB
ShmemPmdMapped:        0 kB
FileHugePages:         0 kB
FilePmdMapped:         0 kB
HugePages_Total:       0
HugePages_Free:        0
HugePages_Rsvd:        0
HugePages_Surp:        0
Hugepagesize:       2048 kB
Hugetlb:               0 kB
DirectMap4k:    955790884 kB
DirectMap2M:    100767744 kB
DirectMap1G:    16777216 kB

/sys/kernel/mm/transparent_hugepage/enabled: always [madvise] never
/sys/kernel/mm/transparent_hugepage/hpage_pmd_size: 2097152
/sys/kernel/mm/transparent_hugepage/defrag (defrag/compaction efforts parameter): always defer defer+madvise [madvise] never

Process Memory:
Virtual Size: 123493164K (peak: 123498132K)
Resident Set Size: 1849844K (peak: 6006392K) (anon: 1454284K, file: 374304K, shmem: 21256K)
Swapped out: 0K
C-Heap outstanding allocations: 1070195K, retained: 70888K
glibc malloc tunables: (default)

/proc/sys/kernel/threads-max (system-wide limit on the number of threads): 8209406
/proc/sys/vm/max_map_count (maximum number of memory map areas a process may have): 65530
/proc/sys/vm/swappiness (control to define how aggressively the kernel swaps out anonymous memory): 60
/proc/sys/kernel/pid_max (system-wide limit on number of process identifiers): 4194304

container (cgroup) information:
container_type: cgroupv2
cpu_cpuset_cpus: not supported
cpu_memory_nodes: not supported
active_processor_count: 4
cpu_quota: no quota
cpu_period: 100000
cpu_shares: no shares
memory_limit_in_bytes: unlimited
memory_and_swap_limit_in_bytes: unlimited
memory_soft_limit_in_bytes: unlimited
memory_usage_in_bytes: 21756748 k
memory_max_usage_in_bytes: not supported
memory_swap_current_in_bytes: unlimited
memory_swap_max_limit_in_bytes: unlimited
maximum number of tasks: not supported
current number of tasks: not supported

Steal ticks since vm start: 0
Steal ticks percentage since vm start:  0.000

CPU: total 64 (initial active 4) (32 cores per cpu, 1 threads per core) family 25 model 1 stepping 1 microcode 0xa0011d3, cx8, cmov, fxsr, mmx, 3dnowpref, sse, sse2, sse3, ssse3, sse4a, sse4.1, sse4.2, popcnt, lzcnt, tsc, tscinvbit, avx, avx2, aes, clmul, bmi1, bmi2, adx, sha, fma, vzeroupper, clflush, clflushopt, rdtscp, rdpid, f16c, pku, ospke, cet_ss
CPU Model and flags from /proc/cpuinfo:
model name	: AMD EPYC 7543 32-Core Processor
flags		: fpu vme de pse tsc msr pae mce cx8 apic sep mtrr pge mca cmov pat pse36 clflush mmx fxsr sse sse2 ht syscall nx mmxext fxsr_opt pdpe1gb rdtscp lm constant_tsc rep_good nopl nonstop_tsc cpuid extd_apicid aperfmperf rapl pni pclmulqdq monitor ssse3 fma cx16 pcid sse4_1 sse4_2 x2apic movbe popcnt aes xsave avx f16c rdrand lahf_lm cmp_legacy svm extapic cr8_legacy abm sse4a misalignsse 3dnowprefetch osvw ibs skinit wdt tce topoext perfctr_core perfctr_nb bpext perfctr_llc mwaitx cpb cat_l3 cdp_l3 invpcid_single hw_pstate ssbd mba ibrs ibpb stibp vmmcall fsgsbase bmi1 avx2 smep bmi2 invpcid cqm rdt_a rdseed adx smap clflushopt clwb sha_ni xsaveopt xsavec xgetbv1 xsaves cqm_llc cqm_occup_llc cqm_mbm_total cqm_mbm_local clzero irperf xsaveerptr rdpru wbnoinvd amd_ppin arat npt lbrv svm_lock nrip_save tsc_scale vmcb_clean flushbyasid decodeassists pausefilter pfthreshold v_vmsave_vmload vgif v_spec_ctrl umip pku ospke vaes vpclmulqdq rdpid overflow_recov succor smca

Online cpus: 0-63
Offline cpus: 
BIOS frequency limitation: <Not Available>
Frequency switch latency (ns): <Not Available>
Available cpu frequencies: <Not Available>
Current governor: <Not Available>
Core performance/turbo boost: <Not Available>

Memory: 4k page, physical 1050919508k(990033084k free), swap 0k(0k free)
Page Sizes: 4k

vm_info: OpenJDK 64-Bit Server VM (21.0.6+9-b895.97) for linux-amd64 JRE (21.0.6+9-b895.97), built on 2025-03-03 by "builduser" with gcc 10.2.1 20210130 (Red Hat 10.2.1-11.1.0.1)

END.
