{
    "dl19": {
        "metrics": {
            "NDCG@1": 0.76357,
            "NDCG@5": 0.73238,
            "NDCG@10": 0.68475,
            "MAP@1": 0.0253,
            "MAP@5": 0.10606,
            "MAP@10": 0.16083,
            "Recall@1": 0.0253,
            "Recall@5": 0.11002,
            "Recall@10": 0.16934
        }
    },
    "dl20": {
        "metrics": {
            "NDCG@1": 0.77469,
            "NDCG@5": 0.67405,
            "NDCG@10": 0.62744,
            "MAP@1": 0.03547,
            "MAP@5": 0.12418,
            "MAP@10": 0.187,
            "Recall@1": 0.03547,
            "Recall@5": 0.13456,
            "Recall@10": 0.21292
        }
    },
    "covid": {
        "metrics": {
            "NDCG@1": 0.91,
            "NDCG@5": 0.82721,
            "NDCG@10": 0.77742,
            "MAP@1": 0.00246,
            "MAP@5": 0.01062,
            "MAP@10": 0.0188,
            "Recall@1": 0.00246,
            "Recall@5": 0.01114,
            "Recall@10": 0.02041
        }
    },
    "nfc": {
        "metrics": {
            "NDCG@1": 0.51461,
            "NDCG@5": 0.41528,
            "NDCG@10": 0.37393,
            "MAP@1": 0.06566,
            "MAP@5": 0.12306,
            "MAP@10": 0.14002,
            "Recall@1": 0.06566,
            "Recall@5": 0.13995,
            "Recall@10": 0.16996
        }
    },
    "touche": {
        "metrics": {
            "NDCG@1": 0.39796,
            "NDCG@5": 0.3409,
            "NDCG@10": 0.33462,
            "MAP@1": 0.0323,
            "MAP@5": 0.07838,
            "MAP@10": 0.12089,
            "Recall@1": 0.0323,
            "Recall@5": 0.10267,
            "Recall@10": 0.19878
        }
    },
    "dbpedia": {
        "metrics": {
            "NDCG@1": 0.4975,
            "NDCG@5": 0.41882,
            "NDCG@10": 0.39834,
            "MAP@1": 0.06767,
            "MAP@5": 0.14192,
            "MAP@10": 0.17553,
            "Recall@1": 0.06767,
            "Recall@5": 0.17359,
            "Recall@10": 0.23262
        }
    },
    "scifact": {
        "metrics": {
            "NDCG@1": 0.57667,
            "NDCG@5": 0.69104,
            "NDCG@10": 0.70829,
            "MAP@1": 0.55011,
            "MAP@5": 0.65296,
            "MAP@10": 0.66097,
            "Recall@1": 0.55011,
            "Recall@5": 0.78556,
            "Recall@10": 0.83483
        }
    },
    "signal": {
        "metrics": {
            "NDCG@1": 0.43814,
            "NDCG@5": 0.36234,
            "NDCG@10": 0.31729,
            "MAP@1": 0.02968,
            "MAP@5": 0.0822,
            "MAP@10": 0.10926,
            "Recall@1": 0.02968,
            "Recall@5": 0.09336,
            "Recall@10": 0.145
        }
    },
    "news": {
        "metrics": {
            "NDCG@1": 0.40643,
            "NDCG@5": 0.43436,
            "NDCG@10": 0.4324,
            "MAP@1": 0.01917,
            "MAP@5": 0.07458,
            "MAP@10": 0.11875,
            "Recall@1": 0.01917,
            "Recall@5": 0.0897,
            "Recall@10": 0.15312
        }
    },
    "robust04": {
        "metrics": {
            "NDCG@1": 0.69679,
            "NDCG@5": 0.55473,
            "NDCG@10": 0.49949,
            "MAP@1": 0.02773,
            "MAP@5": 0.08309,
            "MAP@10": 0.11765,
            "Recall@1": 0.02773,
            "Recall@5": 0.09498,
            "Recall@10": 0.14878
        }
    }
}